<?xml version='1.0' encoding='utf-8'?>
<kml xmlns="http://www.opengis.net/kml/2.2">
  <Document>
    <name>Incendios activos España</name>
    <Style id="pink">
      <IconStyle>
        <scale>1.0</scale>
        <Icon>
          <href>https://andreasolanorosique-lab.github.io/Incendios-Espana-v2/icons/fire_pink.png</href>
        </Icon>
      </IconStyle>
      <LabelStyle>
        <scale>0</scale>
      </LabelStyle>
    </Style>
    <Style id="green">
      <IconStyle>
        <scale>1.0</scale>
        <Icon>
          <href>https://andreasolanorosique-lab.github.io/Incendios-Espana-v2/icons/fire_green.png</href>
        </Icon>
      </IconStyle>
      <LabelStyle>
        <scale>0</scale>
      </LabelStyle>
    </Style>
    <Style id="yellow">
      <IconStyle>
        <scale>1.0</scale>
        <Icon>
          <href>https://andreasolanorosique-lab.github.io/Incendios-Espana-v2/icons/fire_yellow.png</href>
        </Icon>
      </IconStyle>
      <LabelStyle>
        <scale>0</scale>
      </LabelStyle>
    </Style>
    <Style id="orange">
      <IconStyle>
        <scale>1.0</scale>
        <Icon>
          <href>https://andreasolanorosique-lab.github.io/Incendios-Espana-v2/icons/fire_orange.png</href>
        </Icon>
      </IconStyle>
      <LabelStyle>
        <scale>0</scale>
      </LabelStyle>
    </Style>
    <Style id="red">
      <IconStyle>
        <scale>1.0</scale>
        <Icon>
          <href>https://andreasolanorosique-lab.github.io/Incendios-Espana-v2/icons/fire_red.png</href>
        </Icon>
      </IconStyle>
      <LabelStyle>
        <scale>0</scale>
      </LabelStyle>
    </Style>
    <Style id="area_amarilla">
      <LineStyle>
        <color>ff00ffff</color>
        <width>2</width>
      </LineStyle>
      <PolyStyle>
        <color>5500ffff</color>
      </PolyStyle>
    </Style>
    <Placemark>
      <styleUrl>#area_amarilla</styleUrl>
      <Polygon>
        <outerBoundaryIs>
          <LinearRing>
            <coordinates>1.7759288888888887,42.714051461875584,0 1.7768806210509318,42.71399027849265,0 1.7778034298251024,42.71380858772549,0 1.7786692713081074,42.713511911179815,0 1.7794518337632175,42.713109264790646,0 1.7801273375210882,42.71261288468854,0 1.7806752577427234,42.71203785517881,0 1.7810789480560887,42.71140165016561,0 1.7813261461175602,42.71072360198424,0 1.7814093457647822,42.710024313808724,0 1.781326024505438,42.709325033511504,0 1.7810787195000601,42.70864700801479,0 1.7806749498100187,42.708010837756504,0 1.780126987352936,42.70743585087997,0 1.7794514835950643,42.70693951614717,0 1.778668963375401,42.706536912391215,0 1.7778032012690717,42.70624027060044,0 1.7768804994388079,42.706058602517935,0 1.7759288888888887,42.705997427013294,0 1.7749772783389695,42.706058602517935,0 1.7740545765087057,42.70624027060044,0 1.7731888144023764,42.706536912391215,0 1.772406294182713,42.70693951614717,0 1.7717307904248414,42.70743585087997,0 1.7711828279677586,42.708010837756504,0 1.7707790582777172,42.70864700801479,0 1.7705317532723392,42.709325033511504,0 1.7704484320129952,42.710024313808724,0 1.770531631660217,42.71072360198424,0 1.7707788297216887,42.71140165016561,0 1.771182520035054,42.71203785517881,0 1.7717304402566891,42.71261288468854,0 1.7724059440145599,42.713109264790646,0 1.77318850646967,42.713511911179815,0 1.774054347952675,42.71380858772549,0 1.7749771567268455,42.71399027849265,0 1.7759288888888887,42.714051461875584,0</coordinates>
          </LinearRing>
        </outerBoundaryIs>
      </Polygon>
    </Placemark>
    <Placemark>
      <styleUrl>#pink</styleUrl>
      <name />
      <description>
    &lt;![CDATA[
    &lt;h2&gt;🔥 Incendio activo&lt;/h2&gt;

    &lt;table border="0" cellpadding="4"&gt;

        &lt;tr&gt;
            &lt;td&gt;&lt;b&gt;Focos agrupados&lt;/b&gt;&lt;/td&gt;
            &lt;td&gt;9&lt;/td&gt;
        &lt;/tr&gt;

        &lt;tr&gt;
            &lt;td&gt;&lt;b&gt;FRP máximo&lt;/b&gt;&lt;/td&gt;
            &lt;td&gt;21.9 MW&lt;/td&gt;
        &lt;/tr&gt;

        &lt;tr&gt;
            &lt;td&gt;&lt;b&gt;Confianza&lt;/b&gt;&lt;/td&gt;
            &lt;td&gt;Baja&lt;/td&gt;
        &lt;/tr&gt;

        &lt;tr&gt;
            &lt;td&gt;&lt;b&gt;Fecha&lt;/b&gt;&lt;/td&gt;
            &lt;td&gt;2026-09-30&lt;/td&gt;
        &lt;/tr&gt;

        &lt;tr&gt;
            &lt;td&gt;&lt;b&gt;Hora&lt;/b&gt;&lt;/td&gt;
            &lt;td&gt;115 UTC&lt;/td&gt;
        &lt;/tr&gt;

        &lt;tr&gt;
            &lt;td&gt;&lt;b&gt;Satélite&lt;/b&gt;&lt;/td&gt;
            &lt;td&gt;N20&lt;/td&gt;
        &lt;/tr&gt;

        &lt;tr&gt;
            &lt;td&gt;&lt;b&gt;Instrumento&lt;/b&gt;&lt;/td&gt;
            &lt;td&gt;VIIRS&lt;/td&gt;
        &lt;/tr&gt;

        &lt;tr&gt;
            &lt;td&gt;&lt;b&gt;Población más cercana&lt;/b&gt;&lt;/td&gt;
            &lt;td&gt;Meranges&lt;/td&gt;
        &lt;/tr&gt;

        &lt;tr&gt;
            &lt;td&gt;&lt;b&gt;Distancia&lt;/b&gt;&lt;/td&gt;
            &lt;td&gt;29.3 km&lt;/td&gt;
        &lt;/tr&gt;

        &lt;tr&gt;
            &lt;td&gt;&lt;b&gt;Latitud&lt;/b&gt;&lt;/td&gt;
            &lt;td&gt;42.710024&lt;/td&gt;
        &lt;/tr&gt;

        &lt;tr&gt;
            &lt;td&gt;&lt;b&gt;Longitud&lt;/b&gt;&lt;/td&gt;
            &lt;td&gt;1.775929&lt;/td&gt;
        &lt;/tr&gt;

    &lt;/table&gt;

    ]]&gt;
    </description>
      <Point>
        <coordinates>1.7759288888888887,42.710024444444436,0</coordinates>
      </Point>
    </Placemark>
    <Placemark>
      <styleUrl>#area_amarilla</styleUrl>
      <Polygon>
        <outerBoundaryIs>
          <LinearRing>
            <coordinates>1.770435,42.71288924355902,0 1.7710811903061985,42.712847702439454,0 1.7717077439172086,42.71272434145054,0 1.7722956210940657,42.712522909325386,0 1.7728269578352136,42.71224952720014,0 1.7732856088643065,42.71191250253918,0 1.773657638302185,42.711522076609945,0 1.7739317431014394,42.711090113193485,0 1.7740995963777357,42.710629738002446,0 1.7741561002187578,42.710154939775755,0 1.7740995403133402,42.70968014518104,0 1.7739316377348415,42.709219780447825,0 1.7736574963421516,42.70878783305369,0 1.7732854474333128,42.708397426778745,0 1.7728267964042197,42.70806042303344,0 1.7722954791340317,42.70778706056249,0 1.7717076385506103,42.707585644459655,0 1.7710811342418025,42.707462293928565,0 1.770435,42.707420756440975,0 1.7697888657581975,42.707462293928565,0 1.7691623614493894,42.707585644459655,0 1.768574520865968,42.70778706056249,0 1.7680432035957803,42.70806042303344,0 1.7675845525666871,42.708397426778745,0 1.7672125036578483,42.70878783305369,0 1.7669383622651584,42.709219780447825,0 1.7667704596866598,42.70968014518104,0 1.7667138997812422,42.710154939775755,0 1.7667704036222642,42.710629738002446,0 1.7669382568985605,42.711090113193485,0 1.767212361697815,42.711522076609945,0 1.7675843911356934,42.71191250253918,0 1.7680430421647864,42.71224952720014,0 1.7685743789059343,42.712522909325386,0 1.7691622560827913,42.71272434145054,0 1.7697888096938015,42.712847702439454,0 1.770435,42.71288924355902,0</coordinates>
          </LinearRing>
        </outerBoundaryIs>
      </Polygon>
    </Placemark>
    <Placemark>
      <styleUrl>#pink</styleUrl>
      <name />
      <description>
    &lt;![CDATA[
    &lt;h2&gt;🔥 Incendio activo&lt;/h2&gt;

    &lt;table border="0" cellpadding="4"&gt;

        &lt;tr&gt;
            &lt;td&gt;&lt;b&gt;Focos agrupados&lt;/b&gt;&lt;/td&gt;
            &lt;td&gt;4&lt;/td&gt;
        &lt;/tr&gt;

        &lt;tr&gt;
            &lt;td&gt;&lt;b&gt;FRP máximo&lt;/b&gt;&lt;/td&gt;
            &lt;td&gt;10.5 MW&lt;/td&gt;
        &lt;/tr&gt;

        &lt;tr&gt;
            &lt;td&gt;&lt;b&gt;Confianza&lt;/b&gt;&lt;/td&gt;
            &lt;td&gt;Baja&lt;/td&gt;
        &lt;/tr&gt;

        &lt;tr&gt;
            &lt;td&gt;&lt;b&gt;Fecha&lt;/b&gt;&lt;/td&gt;
            &lt;td&gt;2026-09-30&lt;/td&gt;
        &lt;/tr&gt;

        &lt;tr&gt;
            &lt;td&gt;&lt;b&gt;Hora&lt;/b&gt;&lt;/td&gt;
            &lt;td&gt;56 UTC&lt;/td&gt;
        &lt;/tr&gt;

        &lt;tr&gt;
            &lt;td&gt;&lt;b&gt;Satélite&lt;/b&gt;&lt;/td&gt;
            &lt;td&gt;N&lt;/td&gt;
        &lt;/tr&gt;

        &lt;tr&gt;
            &lt;td&gt;&lt;b&gt;Instrumento&lt;/b&gt;&lt;/td&gt;
            &lt;td&gt;VIIRS&lt;/td&gt;
        &lt;/tr&gt;

        &lt;tr&gt;
            &lt;td&gt;&lt;b&gt;Población más cercana&lt;/b&gt;&lt;/td&gt;
            &lt;td&gt;Meranges&lt;/td&gt;
        &lt;/tr&gt;

        &lt;tr&gt;
            &lt;td&gt;&lt;b&gt;Distancia&lt;/b&gt;&lt;/td&gt;
            &lt;td&gt;29.3 km&lt;/td&gt;
        &lt;/tr&gt;

        &lt;tr&gt;
            &lt;td&gt;&lt;b&gt;Latitud&lt;/b&gt;&lt;/td&gt;
            &lt;td&gt;42.710155&lt;/td&gt;
        &lt;/tr&gt;

        &lt;tr&gt;
            &lt;td&gt;&lt;b&gt;Longitud&lt;/b&gt;&lt;/td&gt;
            &lt;td&gt;1.770435&lt;/td&gt;
        &lt;/tr&gt;

    &lt;/table&gt;

    ]]&gt;
    </description>
      <Point>
        <coordinates>1.770435,42.710155,0</coordinates>
      </Point>
    </Placemark>
    <Placemark>
      <styleUrl>#area_amarilla</styleUrl>
      <Polygon>
        <outerBoundaryIs>
          <LinearRing>
            <coordinates>1.76596,42.71036898240889,0 1.766278795395146,42.71034848789292,0 1.7665879037378505,42.71028762710041,0 1.7668779323861254,42.71018824937061,0 1.767140068564416,42.71005337442147,0 1.767366347183797,42.70988710057593,0 1.7675498928829538,42.70969448021033,0 1.7676851289325473,42.709481366212835,0 1.7677679466555143,42.70925423412035,0 1.7677958302186616,42.70901998534141,0 1.767767933009679,42.70878573744649,0 1.767685103286766,42.70855860789944,0 1.767549858330486,42.708345497801794,0 1.7673663078921809,42.70815288222004,0 1.7671400292728,42.70798661346538,0 1.7668778978336577,42.7078517433001,0 1.7665878780920692,42.70775236947013,0 1.7662787817493106,42.70769151122307,0 1.76596,42.707671017591124,0 1.7656412182506893,42.70769151122307,0 1.7653321219079308,42.70775236947013,0 1.7650421021663423,42.7078517433001,0 1.7647799707272003,42.70798661346538,0 1.764553692107819,42.70815288222004,0 1.764370141669514,42.708345497801794,0 1.764234896713234,42.70855860789944,0 1.764152066990321,42.70878573744649,0 1.7641241697813383,42.70901998534141,0 1.7641520533444859,42.70925423412035,0 1.7642348710674527,42.709481366212835,0 1.7643701071170463,42.70969448021033,0 1.764553652816203,42.70988710057593,0 1.764779931435584,42.71005337442147,0 1.7650420676138745,42.71018824937061,0 1.7653320962621495,42.71028762710041,0 1.765641204604854,42.71034848789292,0 1.76596,42.71036898240889,0</coordinates>
          </LinearRing>
        </outerBoundaryIs>
      </Polygon>
    </Placemark>
    <Placemark>
      <styleUrl>#pink</styleUrl>
      <name />
      <description>
    &lt;![CDATA[
    &lt;h2&gt;🔥 Incendio activo&lt;/h2&gt;

    &lt;table border="0" cellpadding="4"&gt;

        &lt;tr&gt;
            &lt;td&gt;&lt;b&gt;Focos agrupados&lt;/b&gt;&lt;/td&gt;
            &lt;td&gt;1&lt;/td&gt;
        &lt;/tr&gt;

        &lt;tr&gt;
            &lt;td&gt;&lt;b&gt;FRP máximo&lt;/b&gt;&lt;/td&gt;
            &lt;td&gt;8.1 MW&lt;/td&gt;
        &lt;/tr&gt;

        &lt;tr&gt;
            &lt;td&gt;&lt;b&gt;Confianza&lt;/b&gt;&lt;/td&gt;
            &lt;td&gt;Baja&lt;/td&gt;
        &lt;/tr&gt;

        &lt;tr&gt;
            &lt;td&gt;&lt;b&gt;Fecha&lt;/b&gt;&lt;/td&gt;
            &lt;td&gt;2026-09-30&lt;/td&gt;
        &lt;/tr&gt;

        &lt;tr&gt;
            &lt;td&gt;&lt;b&gt;Hora&lt;/b&gt;&lt;/td&gt;
            &lt;td&gt;56 UTC&lt;/td&gt;
        &lt;/tr&gt;

        &lt;tr&gt;
            &lt;td&gt;&lt;b&gt;Satélite&lt;/b&gt;&lt;/td&gt;
            &lt;td&gt;N&lt;/td&gt;
        &lt;/tr&gt;

        &lt;tr&gt;
            &lt;td&gt;&lt;b&gt;Instrumento&lt;/b&gt;&lt;/td&gt;
            &lt;td&gt;VIIRS&lt;/td&gt;
        &lt;/tr&gt;

        &lt;tr&gt;
            &lt;td&gt;&lt;b&gt;Población más cercana&lt;/b&gt;&lt;/td&gt;
            &lt;td&gt;Meranges&lt;/td&gt;
        &lt;/tr&gt;

        &lt;tr&gt;
            &lt;td&gt;&lt;b&gt;Distancia&lt;/b&gt;&lt;/td&gt;
            &lt;td&gt;29.2 km&lt;/td&gt;
        &lt;/tr&gt;

        &lt;tr&gt;
            &lt;td&gt;&lt;b&gt;Latitud&lt;/b&gt;&lt;/td&gt;
            &lt;td&gt;42.709020&lt;/td&gt;
        &lt;/tr&gt;

        &lt;tr&gt;
            &lt;td&gt;&lt;b&gt;Longitud&lt;/b&gt;&lt;/td&gt;
            &lt;td&gt;1.765960&lt;/td&gt;
        &lt;/tr&gt;

    &lt;/table&gt;

    ]]&gt;
    </description>
      <Point>
        <coordinates>1.76596,42.70902,0</coordinates>
      </Point>
    </Placemark>
    <Placemark>
      <styleUrl>#area_amarilla</styleUrl>
      <Polygon>
        <outerBoundaryIs>
          <LinearRing>
            <coordinates>4.896685714285714,43.45019574035346,0 4.897645570483715,43.45013477162663,0 4.89857625627781,43.449953718312315,0 4.899449488274797,43.449658082666865,0 4.900238730069122,43.44925684902773,0 4.900919998983634,43.44876221063614,0 4.901472595008004,43.448189198915095,0 4.9018797297578285,43.44755522649564,0 4.902129036343858,43.446879557906435,0 4.902212944687928,43.44618272403817,0 4.9021289109356045,43.445485898197084,0 4.901879494067406,43.444810252721275,0 4.901472277463156,43.44417631571359,0 4.9009196378849555,43.4436033474315,0 4.900238368970443,43.443108755266685,0 4.899449170729948,43.44270756506652,0 4.898576020587385,43.442411964832836,0 4.89764544507546,43.4422309346319,0 4.896685714285714,43.442169973932266,0 4.895725983495968,43.4422309346319,0 4.894795407984042,43.442411964832836,0 4.89392225784148,43.44270756506652,0 4.893133059600983,43.443108755266685,0 4.892451790686471,43.4436033474315,0 4.891899151108271,43.44417631571359,0 4.891491934504021,43.444810252721275,0 4.891242517635822,43.445485898197084,0 4.8911584838834985,43.44618272403817,0 4.891242392227569,43.446879557906435,0 4.891491698813599,43.44755522649564,0 4.891898833563424,43.448189198915095,0 4.892451429587793,43.44876221063614,0 4.8931326985023045,43.44925684902773,0 4.89392194029663,43.449658082666865,0 4.894795172293618,43.449953718312315,0 4.895725858087712,43.45013477162663,0 4.896685714285714,43.45019574035346,0</coordinates>
          </LinearRing>
        </outerBoundaryIs>
      </Polygon>
    </Placemark>
    <Placemark>
      <styleUrl>#pink</styleUrl>
      <name />
      <description>
    &lt;![CDATA[
    &lt;h2&gt;🔥 Incendio activo&lt;/h2&gt;

    &lt;table border="0" cellpadding="4"&gt;

        &lt;tr&gt;
            &lt;td&gt;&lt;b&gt;Focos agrupados&lt;/b&gt;&lt;/td&gt;
            &lt;td&gt;7&lt;/td&gt;
        &lt;/tr&gt;

        &lt;tr&gt;
            &lt;td&gt;&lt;b&gt;FRP máximo&lt;/b&gt;&lt;/td&gt;
            &lt;td&gt;6.1 MW&lt;/td&gt;
        &lt;/tr&gt;

        &lt;tr&gt;
            &lt;td&gt;&lt;b&gt;Confianza&lt;/b&gt;&lt;/td&gt;
            &lt;td&gt;Baja&lt;/td&gt;
        &lt;/tr&gt;

        &lt;tr&gt;
            &lt;td&gt;&lt;b&gt;Fecha&lt;/b&gt;&lt;/td&gt;
            &lt;td&gt;2026-09-30&lt;/td&gt;
        &lt;/tr&gt;

        &lt;tr&gt;
            &lt;td&gt;&lt;b&gt;Hora&lt;/b&gt;&lt;/td&gt;
            &lt;td&gt;200 UTC&lt;/td&gt;
        &lt;/tr&gt;

        &lt;tr&gt;
            &lt;td&gt;&lt;b&gt;Satélite&lt;/b&gt;&lt;/td&gt;
            &lt;td&gt;N21&lt;/td&gt;
        &lt;/tr&gt;

        &lt;tr&gt;
            &lt;td&gt;&lt;b&gt;Instrumento&lt;/b&gt;&lt;/td&gt;
            &lt;td&gt;VIIRS&lt;/td&gt;
        &lt;/tr&gt;

        &lt;tr&gt;
            &lt;td&gt;&lt;b&gt;Población más cercana&lt;/b&gt;&lt;/td&gt;
            &lt;td&gt;Portbou&lt;/td&gt;
        &lt;/tr&gt;

        &lt;tr&gt;
            &lt;td&gt;&lt;b&gt;Distancia&lt;/b&gt;&lt;/td&gt;
            &lt;td&gt;181.1 km&lt;/td&gt;
        &lt;/tr&gt;

        &lt;tr&gt;
            &lt;td&gt;&lt;b&gt;Latitud&lt;/b&gt;&lt;/td&gt;
            &lt;td&gt;43.446183&lt;/td&gt;
        &lt;/tr&gt;

        &lt;tr&gt;
            &lt;td&gt;&lt;b&gt;Longitud&lt;/b&gt;&lt;/td&gt;
            &lt;td&gt;4.896686&lt;/td&gt;
        &lt;/tr&gt;

    &lt;/table&gt;

    ]]&gt;
    </description>
      <Point>
        <coordinates>4.896685714285714,43.446182857142865,0</coordinates>
      </Point>
    </Placemark>
    <Placemark>
      <styleUrl>#area_amarilla</styleUrl>
      <Polygon>
        <outerBoundaryIs>
          <LinearRing>
            <coordinates>-0.24805000000000002,35.80915898240888,0 -0.2477611506101147,35.80913848798948,0 -0.24748107819876342,35.809077627475,0 -0.2472182930078381,35.808978250171144,0 -0.246980779916949,35.808843375744516,0 -0.24677575579257474,35.808677102455015,0 -0.2466094501889667,35.80848448261191,0 -0.24648691606630066,35.80827136904034,0 -0.24641187627730834,35.80804423722586,0 -0.24638661048460975,35.80780998854344,0 -0.2464118859405643,35.80757574055195,0 -0.24648693422728135,35.807348610726876,0 -0.24660947465718983,35.807135500203266,0 -0.24677578361681143,35.80694288409903,0 -0.2469808077411857,35.80677661478834,0 -0.2472183174760612,35.80664174410058,0 -0.2474810963597441,35.806542369844685,0 -0.2477611602733707,35.80648151131961,0 -0.24805000000000002,35.80646101759112,0 -0.24833883972662932,35.80648151131961,0 -0.2486189036402559,35.806542369844685,0 -0.24888168252393883,35.80664174410058,0 -0.24911919225881432,35.80677661478834,0 -0.24932421638318858,35.80694288409903,0 -0.24949052534281022,35.807135500203266,0 -0.24961306577271866,35.807348610726876,0 -0.24968811405943572,35.80757574055195,0 -0.24971338951539027,35.80780998854344,0 -0.2496881237226917,35.80804423722586,0 -0.24961308393369935,35.80827136904034,0 -0.2494905498110333,35.80848448261191,0 -0.24932424420742527,35.808677102455015,0 -0.249119220083051,35.808843375744516,0 -0.24888170699216192,35.808978250171144,0 -0.2486189218012366,35.809077627475,0 -0.24833884938988532,35.80913848798948,0 -0.24805000000000002,35.80915898240888,0</coordinates>
          </LinearRing>
        </outerBoundaryIs>
      </Polygon>
    </Placemark>
    <Placemark>
      <styleUrl>#pink</styleUrl>
      <name />
      <description>
    &lt;![CDATA[
    &lt;h2&gt;🔥 Incendio activo&lt;/h2&gt;

    &lt;table border="0" cellpadding="4"&gt;

        &lt;tr&gt;
            &lt;td&gt;&lt;b&gt;Focos agrupados&lt;/b&gt;&lt;/td&gt;
            &lt;td&gt;1&lt;/td&gt;
        &lt;/tr&gt;

        &lt;tr&gt;
            &lt;td&gt;&lt;b&gt;FRP máximo&lt;/b&gt;&lt;/td&gt;
            &lt;td&gt;3.8 MW&lt;/td&gt;
        &lt;/tr&gt;

        &lt;tr&gt;
            &lt;td&gt;&lt;b&gt;Confianza&lt;/b&gt;&lt;/td&gt;
            &lt;td&gt;Baja&lt;/td&gt;
        &lt;/tr&gt;

        &lt;tr&gt;
            &lt;td&gt;&lt;b&gt;Fecha&lt;/b&gt;&lt;/td&gt;
            &lt;td&gt;2026-09-30&lt;/td&gt;
        &lt;/tr&gt;

        &lt;tr&gt;
            &lt;td&gt;&lt;b&gt;Hora&lt;/b&gt;&lt;/td&gt;
            &lt;td&gt;58 UTC&lt;/td&gt;
        &lt;/tr&gt;

        &lt;tr&gt;
            &lt;td&gt;&lt;b&gt;Satélite&lt;/b&gt;&lt;/td&gt;
            &lt;td&gt;N&lt;/td&gt;
        &lt;/tr&gt;

        &lt;tr&gt;
            &lt;td&gt;&lt;b&gt;Instrumento&lt;/b&gt;&lt;/td&gt;
            &lt;td&gt;VIIRS&lt;/td&gt;
        &lt;/tr&gt;

        &lt;tr&gt;
            &lt;td&gt;&lt;b&gt;Población más cercana&lt;/b&gt;&lt;/td&gt;
            &lt;td&gt;Carboneras&lt;/td&gt;
        &lt;/tr&gt;

        &lt;tr&gt;
            &lt;td&gt;&lt;b&gt;Distancia&lt;/b&gt;&lt;/td&gt;
            &lt;td&gt;198.0 km&lt;/td&gt;
        &lt;/tr&gt;

        &lt;tr&gt;
            &lt;td&gt;&lt;b&gt;Latitud&lt;/b&gt;&lt;/td&gt;
            &lt;td&gt;35.807810&lt;/td&gt;
        &lt;/tr&gt;

        &lt;tr&gt;
            &lt;td&gt;&lt;b&gt;Longitud&lt;/b&gt;&lt;/td&gt;
            &lt;td&gt;-0.248050&lt;/td&gt;
        &lt;/tr&gt;

    &lt;/table&gt;

    ]]&gt;
    </description>
      <Point>
        <coordinates>-0.24805,35.80781,0</coordinates>
      </Point>
    </Placemark>
    <Placemark>
      <styleUrl>#area_amarilla</styleUrl>
      <Polygon>
        <outerBoundaryIs>
          <LinearRing>
            <coordinates>-0.2570013333333333,35.81417344870425,0 -0.25585795836697645,35.814092325067755,0 -0.25474933110256975,35.813851419547426,0 -0.25370914262640476,35.813458053342224,0 -0.25276900299768185,35.81292418084021,0 -0.2519574802550014,35.81226602613059,0 -0.2512992321049723,35.811503589723955,0 -0.2508142567106158,35.81066004050764,0 -0.2505172853438903,35.80976101145198,0 -0.2504173353216441,35.80883382050566,0 -0.2505174367438307,35.807906640384175,0 -0.2508145412494298,35.80700764249738,0 -0.2512996154630802,35.80616414103454,0 -0.25195791619375835,35.80540176320621,0 -0.25276943893644016,35.80474367083432,0 -0.2537095259845162,35.80420985691061,0 -0.2547496156413876,35.80381653845888,0 -0.25585810976691936,35.80357566410741,0 -0.2570013333333333,35.80349455129574,0 -0.25814455689974725,35.80357566410741,0 -0.25925305102527896,35.80381653845888,0 -0.2602931406821504,35.80420985691061,0 -0.26123322773022645,35.80474367083432,0 -0.26204475047290826,35.80540176320621,0 -0.26270305120358634,35.80616414103454,0 -0.2631881254172368,35.80700764249738,0 -0.2634852299228359,35.807906640384175,0 -0.2635853313450225,35.80883382050566,0 -0.2634853813227763,35.80976101145198,0 -0.2631884099560508,35.81066004050764,0 -0.2627034345616943,35.811503589723955,0 -0.2620451864116652,35.81226602613059,0 -0.26123366366898476,35.81292418084021,0 -0.26029352404026185,35.813458053342224,0 -0.25925333556409685,35.813851419547426,0 -0.25814470829969016,35.814092325067755,0 -0.2570013333333333,35.81417344870425,0</coordinates>
          </LinearRing>
        </outerBoundaryIs>
      </Polygon>
    </Placemark>
    <Placemark>
      <styleUrl>#pink</styleUrl>
      <name />
      <description>
    &lt;![CDATA[
    &lt;h2&gt;🔥 Incendio activo&lt;/h2&gt;

    &lt;table border="0" cellpadding="4"&gt;

        &lt;tr&gt;
            &lt;td&gt;&lt;b&gt;Focos agrupados&lt;/b&gt;&lt;/td&gt;
            &lt;td&gt;15&lt;/td&gt;
        &lt;/tr&gt;

        &lt;tr&gt;
            &lt;td&gt;&lt;b&gt;FRP máximo&lt;/b&gt;&lt;/td&gt;
            &lt;td&gt;15.7 MW&lt;/td&gt;
        &lt;/tr&gt;

        &lt;tr&gt;
            &lt;td&gt;&lt;b&gt;Confianza&lt;/b&gt;&lt;/td&gt;
            &lt;td&gt;Baja&lt;/td&gt;
        &lt;/tr&gt;

        &lt;tr&gt;
            &lt;td&gt;&lt;b&gt;Fecha&lt;/b&gt;&lt;/td&gt;
            &lt;td&gt;2026-09-30&lt;/td&gt;
        &lt;/tr&gt;

        &lt;tr&gt;
            &lt;td&gt;&lt;b&gt;Hora&lt;/b&gt;&lt;/td&gt;
            &lt;td&gt;202 UTC&lt;/td&gt;
        &lt;/tr&gt;

        &lt;tr&gt;
            &lt;td&gt;&lt;b&gt;Satélite&lt;/b&gt;&lt;/td&gt;
            &lt;td&gt;N21&lt;/td&gt;
        &lt;/tr&gt;

        &lt;tr&gt;
            &lt;td&gt;&lt;b&gt;Instrumento&lt;/b&gt;&lt;/td&gt;
            &lt;td&gt;VIIRS&lt;/td&gt;
        &lt;/tr&gt;

        &lt;tr&gt;
            &lt;td&gt;&lt;b&gt;Población más cercana&lt;/b&gt;&lt;/td&gt;
            &lt;td&gt;Carboneras&lt;/td&gt;
        &lt;/tr&gt;

        &lt;tr&gt;
            &lt;td&gt;&lt;b&gt;Distancia&lt;/b&gt;&lt;/td&gt;
            &lt;td&gt;197.3 km&lt;/td&gt;
        &lt;/tr&gt;

        &lt;tr&gt;
            &lt;td&gt;&lt;b&gt;Latitud&lt;/b&gt;&lt;/td&gt;
            &lt;td&gt;35.808834&lt;/td&gt;
        &lt;/tr&gt;

        &lt;tr&gt;
            &lt;td&gt;&lt;b&gt;Longitud&lt;/b&gt;&lt;/td&gt;
            &lt;td&gt;-0.257001&lt;/td&gt;
        &lt;/tr&gt;

    &lt;/table&gt;

    ]]&gt;
    </description>
      <Point>
        <coordinates>-0.2570013333333333,35.808834,0</coordinates>
      </Point>
    </Placemark>
    <Placemark>
      <styleUrl>#area_amarilla</styleUrl>
      <Polygon>
        <outerBoundaryIs>
          <LinearRing>
            <coordinates>-0.26472,35.80944898240889,0 -0.2644311495553263,35.80942848798948,0 -0.2641510761212421,35.80936762747499,0 -0.26388828997072006,35.809268250171115,0 -0.2636507760125313,35.809133375744466,0 -0.26344575113950913,35.80896710245494,0 -0.2632794449286522,35.80877448261182,0 -0.263156910358585,35.80856136904024,0 -0.26308187029562935,35.80833423722574,0 -0.263056604410724,35.808099988543326,0 -0.26308187995902366,35.80786574055184,0 -0.26315692851982575,35.80763861072678,0 -0.26327946939722563,35.80742550020318,0 -0.26344577896414423,35.80723288409896,0 -0.2636508038371664,35.807066614788305,0 -0.2638883144392935,35.80693174410057,0 -0.26415109428248285,35.80683236984467,0 -0.2644311592187207,35.80677151131961,0 -0.26472,35.806751017591125,0 -0.26500884078127934,35.80677151131961,0 -0.2652889057175172,35.80683236984467,0 -0.2655516855607066,35.80693174410057,0 -0.26578919616283364,35.807066614788305,0 -0.26599422103585585,35.80723288409896,0 -0.26616053060277445,35.80742550020318,0 -0.2662830714801743,35.80763861072678,0 -0.26635812004097636,35.80786574055184,0 -0.2663833955892761,35.808099988543326,0 -0.26635812970437067,35.80833423722574,0 -0.26628308964141506,35.80856136904024,0 -0.2661605550713479,35.80877448261182,0 -0.2659942488604909,35.80896710245494,0 -0.26578922398746874,35.809133375744466,0 -0.26555171002928,35.809268250171115,0 -0.26528892387875797,35.80936762747499,0 -0.2650088504446737,35.80942848798948,0 -0.26472,35.80944898240889,0</coordinates>
          </LinearRing>
        </outerBoundaryIs>
      </Polygon>
    </Placemark>
    <Placemark>
      <styleUrl>#pink</styleUrl>
      <name />
      <description>
    &lt;![CDATA[
    &lt;h2&gt;🔥 Incendio activo&lt;/h2&gt;

    &lt;table border="0" cellpadding="4"&gt;

        &lt;tr&gt;
            &lt;td&gt;&lt;b&gt;Focos agrupados&lt;/b&gt;&lt;/td&gt;
            &lt;td&gt;1&lt;/td&gt;
        &lt;/tr&gt;

        &lt;tr&gt;
            &lt;td&gt;&lt;b&gt;FRP máximo&lt;/b&gt;&lt;/td&gt;
            &lt;td&gt;2.2 MW&lt;/td&gt;
        &lt;/tr&gt;

        &lt;tr&gt;
            &lt;td&gt;&lt;b&gt;Confianza&lt;/b&gt;&lt;/td&gt;
            &lt;td&gt;Baja&lt;/td&gt;
        &lt;/tr&gt;

        &lt;tr&gt;
            &lt;td&gt;&lt;b&gt;Fecha&lt;/b&gt;&lt;/td&gt;
            &lt;td&gt;2026-09-30&lt;/td&gt;
        &lt;/tr&gt;

        &lt;tr&gt;
            &lt;td&gt;&lt;b&gt;Hora&lt;/b&gt;&lt;/td&gt;
            &lt;td&gt;58 UTC&lt;/td&gt;
        &lt;/tr&gt;

        &lt;tr&gt;
            &lt;td&gt;&lt;b&gt;Satélite&lt;/b&gt;&lt;/td&gt;
            &lt;td&gt;N&lt;/td&gt;
        &lt;/tr&gt;

        &lt;tr&gt;
            &lt;td&gt;&lt;b&gt;Instrumento&lt;/b&gt;&lt;/td&gt;
            &lt;td&gt;VIIRS&lt;/td&gt;
        &lt;/tr&gt;

        &lt;tr&gt;
            &lt;td&gt;&lt;b&gt;Población más cercana&lt;/b&gt;&lt;/td&gt;
            &lt;td&gt;Carboneras&lt;/td&gt;
        &lt;/tr&gt;

        &lt;tr&gt;
            &lt;td&gt;&lt;b&gt;Distancia&lt;/b&gt;&lt;/td&gt;
            &lt;td&gt;196.9 km&lt;/td&gt;
        &lt;/tr&gt;

        &lt;tr&gt;
            &lt;td&gt;&lt;b&gt;Latitud&lt;/b&gt;&lt;/td&gt;
            &lt;td&gt;35.808100&lt;/td&gt;
        &lt;/tr&gt;

        &lt;tr&gt;
            &lt;td&gt;&lt;b&gt;Longitud&lt;/b&gt;&lt;/td&gt;
            &lt;td&gt;-0.264720&lt;/td&gt;
        &lt;/tr&gt;

    &lt;/table&gt;

    ]]&gt;
    </description>
      <Point>
        <coordinates>-0.26472,35.8081,0</coordinates>
      </Point>
    </Placemark>
    <Placemark>
      <styleUrl>#area_amarilla</styleUrl>
      <Polygon>
        <outerBoundaryIs>
          <LinearRing>
            <coordinates>-0.272296,35.82012527525557,0 -0.271316189455105,35.82005576256845,0 -0.2703661549757851,35.81984933697369,0 -0.26947476729152636,35.81951227164154,0 -0.2686691140408801,35.819054809714174,0 -0.26797367633223623,35.818490852882064,0 -0.2674095846876595,35.81783753875394,0 -0.2669939770028846,35.81711471988999,0 -0.26673947803147297,35.81634436035782,0 -0.2666538161833158,35.815549868174436,0 -0.26673958923314983,35.814755383941105,0 -0.2669941859936752,35.8139850473002,0 -0.2674098662601904,35.81326226350771,0 -0.267973996524705,35.812608992401096,0 -0.26866943423334966,35.812045081351535,0 -0.2694750488640591,35.81158766244568,0 -0.27036636396657776,35.81125063218499,0 -0.27131630065678325,35.8110442294815,0 -0.272296,35.81097472474444,0 -0.27327569934321677,35.8110442294815,0 -0.27422563603342226,35.81125063218499,0 -0.27511695113594087,35.81158766244568,0 -0.27592256576665036,35.812045081351535,0 -0.27661800347529497,35.812608992401096,0 -0.27718213373980954,35.81326226350771,0 -0.27759781400632483,35.8139850473002,0 -0.27785241076685013,35.814755383941105,0 -0.2779381838166842,35.815549868174436,0 -0.277852521968527,35.81634436035782,0 -0.2775980229971154,35.81711471988999,0 -0.2771824153123405,35.81783753875394,0 -0.27661832366776373,35.818490852882064,0 -0.2759228859591199,35.819054809714174,0 -0.27511723270847366,35.81951227164154,0 -0.2742258450242149,35.81984933697369,0 -0.273275810544895,35.82005576256845,0 -0.272296,35.82012527525557,0</coordinates>
          </LinearRing>
        </outerBoundaryIs>
      </Polygon>
    </Placemark>
    <Placemark>
      <styleUrl>#pink</styleUrl>
      <name />
      <description>
    &lt;![CDATA[
    &lt;h2&gt;🔥 Incendio activo&lt;/h2&gt;

    &lt;table border="0" cellpadding="4"&gt;

        &lt;tr&gt;
            &lt;td&gt;&lt;b&gt;Focos agrupados&lt;/b&gt;&lt;/td&gt;
            &lt;td&gt;5&lt;/td&gt;
        &lt;/tr&gt;

        &lt;tr&gt;
            &lt;td&gt;&lt;b&gt;FRP máximo&lt;/b&gt;&lt;/td&gt;
            &lt;td&gt;2.2 MW&lt;/td&gt;
        &lt;/tr&gt;

        &lt;tr&gt;
            &lt;td&gt;&lt;b&gt;Confianza&lt;/b&gt;&lt;/td&gt;
            &lt;td&gt;Baja&lt;/td&gt;
        &lt;/tr&gt;

        &lt;tr&gt;
            &lt;td&gt;&lt;b&gt;Fecha&lt;/b&gt;&lt;/td&gt;
            &lt;td&gt;2026-09-30&lt;/td&gt;
        &lt;/tr&gt;

        &lt;tr&gt;
            &lt;td&gt;&lt;b&gt;Hora&lt;/b&gt;&lt;/td&gt;
            &lt;td&gt;58 UTC&lt;/td&gt;
        &lt;/tr&gt;

        &lt;tr&gt;
            &lt;td&gt;&lt;b&gt;Satélite&lt;/b&gt;&lt;/td&gt;
            &lt;td&gt;N&lt;/td&gt;
        &lt;/tr&gt;

        &lt;tr&gt;
            &lt;td&gt;&lt;b&gt;Instrumento&lt;/b&gt;&lt;/td&gt;
            &lt;td&gt;VIIRS&lt;/td&gt;
        &lt;/tr&gt;

        &lt;tr&gt;
            &lt;td&gt;&lt;b&gt;Población más cercana&lt;/b&gt;&lt;/td&gt;
            &lt;td&gt;Carboneras&lt;/td&gt;
        &lt;/tr&gt;

        &lt;tr&gt;
            &lt;td&gt;&lt;b&gt;Distancia&lt;/b&gt;&lt;/td&gt;
            &lt;td&gt;195.8 km&lt;/td&gt;
        &lt;/tr&gt;

        &lt;tr&gt;
            &lt;td&gt;&lt;b&gt;Latitud&lt;/b&gt;&lt;/td&gt;
            &lt;td&gt;35.815550&lt;/td&gt;
        &lt;/tr&gt;

        &lt;tr&gt;
            &lt;td&gt;&lt;b&gt;Longitud&lt;/b&gt;&lt;/td&gt;
            &lt;td&gt;-0.272296&lt;/td&gt;
        &lt;/tr&gt;

    &lt;/table&gt;

    ]]&gt;
    </description>
      <Point>
        <coordinates>-0.272296,35.81555,0</coordinates>
      </Point>
    </Placemark>
    <Placemark>
      <styleUrl>#area_amarilla</styleUrl>
      <Polygon>
        <outerBoundaryIs>
          <LinearRing>
            <coordinates>1.2409975,36.12786339169929,0 1.241505068033171,36.127827523378905,0 1.241997212511908,36.1277210083551,0 1.2424589786823215,36.12754708331116,0 1.2428763351275975,36.12731103329771,0 1.2432366002122959,36.12702003109771,0 1.243528827464233,36.126682919222084,0 1.243744138177472,36.1263099411673,0 1.2438759911304467,36.12591243010895,0 1.2439203812308415,36.125502464497444,0 1.2438759610643944,36.12509250102702,0 1.2437440816717775,36.12469499613362,0 1.2435287513343167,36.124322027524094,0 1.2432365136405488,36.123984927234794,0 1.2428762485558504,36.123693937364706,0 1.2424589025524049,36.12345789893758,0 1.241997156006213,36.123283983338894,0 1.2415050379671186,36.123177474480045,0 1.2409975,36.12314160830072,0 1.2404899620328813,36.123177474480045,0 1.2399978439937869,36.123283983338894,0 1.2395360974475953,36.12345789893758,0 1.2391187514441495,36.123693937364706,0 1.2387584863594512,36.123984927234794,0 1.2384662486656834,36.124322027524094,0 1.2382509183282226,36.12469499613362,0 1.2381190389356056,36.12509250102702,0 1.2380746187691585,36.125502464497444,0 1.2381190088695535,36.12591243010895,0 1.2382508618225279,36.1263099411673,0 1.2384661725357669,36.126682919222084,0 1.2387583997877043,36.12702003109771,0 1.2391186648724024,36.12731103329771,0 1.2395360213176787,36.12754708331116,0 1.239997787488092,36.1277210083551,0 1.240489931966829,36.127827523378905,0 1.2409975,36.12786339169929,0</coordinates>
          </LinearRing>
        </outerBoundaryIs>
      </Polygon>
    </Placemark>
    <Placemark>
      <styleUrl>#pink</styleUrl>
      <name />
      <description>
    &lt;![CDATA[
    &lt;h2&gt;🔥 Incendio activo&lt;/h2&gt;

    &lt;table border="0" cellpadding="4"&gt;

        &lt;tr&gt;
            &lt;td&gt;&lt;b&gt;Focos agrupados&lt;/b&gt;&lt;/td&gt;
            &lt;td&gt;4&lt;/td&gt;
        &lt;/tr&gt;

        &lt;tr&gt;
            &lt;td&gt;&lt;b&gt;FRP máximo&lt;/b&gt;&lt;/td&gt;
            &lt;td&gt;1.4 MW&lt;/td&gt;
        &lt;/tr&gt;

        &lt;tr&gt;
            &lt;td&gt;&lt;b&gt;Confianza&lt;/b&gt;&lt;/td&gt;
            &lt;td&gt;Baja&lt;/td&gt;
        &lt;/tr&gt;

        &lt;tr&gt;
            &lt;td&gt;&lt;b&gt;Fecha&lt;/b&gt;&lt;/td&gt;
            &lt;td&gt;2026-09-30&lt;/td&gt;
        &lt;/tr&gt;

        &lt;tr&gt;
            &lt;td&gt;&lt;b&gt;Hora&lt;/b&gt;&lt;/td&gt;
            &lt;td&gt;238 UTC&lt;/td&gt;
        &lt;/tr&gt;

        &lt;tr&gt;
            &lt;td&gt;&lt;b&gt;Satélite&lt;/b&gt;&lt;/td&gt;
            &lt;td&gt;N&lt;/td&gt;
        &lt;/tr&gt;

        &lt;tr&gt;
            &lt;td&gt;&lt;b&gt;Instrumento&lt;/b&gt;&lt;/td&gt;
            &lt;td&gt;VIIRS&lt;/td&gt;
        &lt;/tr&gt;

        &lt;tr&gt;
            &lt;td&gt;&lt;b&gt;Población más cercana&lt;/b&gt;&lt;/td&gt;
            &lt;td&gt;La Unión&lt;/td&gt;
        &lt;/tr&gt;

        &lt;tr&gt;
            &lt;td&gt;&lt;b&gt;Distancia&lt;/b&gt;&lt;/td&gt;
            &lt;td&gt;251.1 km&lt;/td&gt;
        &lt;/tr&gt;

        &lt;tr&gt;
            &lt;td&gt;&lt;b&gt;Latitud&lt;/b&gt;&lt;/td&gt;
            &lt;td&gt;36.125503&lt;/td&gt;
        &lt;/tr&gt;

        &lt;tr&gt;
            &lt;td&gt;&lt;b&gt;Longitud&lt;/b&gt;&lt;/td&gt;
            &lt;td&gt;1.240997&lt;/td&gt;
        &lt;/tr&gt;

    &lt;/table&gt;

    ]]&gt;
    </description>
      <Point>
        <coordinates>1.2409975,36.1255025,0</coordinates>
      </Point>
    </Placemark>
    <Placemark>
      <styleUrl>#area_amarilla</styleUrl>
      <Polygon>
        <outerBoundaryIs>
          <LinearRing>
            <coordinates>1.2416925,36.131951822798754,0 1.2421728820239422,36.13191787745592,0 1.2426386666678948,36.13181707292605,0 1.243075700232472,36.13165247235294,0 1.2434707028807976,36.13142907742347,0 1.243811672235303,36.13115367634783,0 1.2440882481147852,36.13083463754667,0 1.244292027323247,36.13048165532078,0 1.2444168189258176,36.13010545523817,0 1.2444588322614782,36.12971746819713,0 1.2444167919914662,36.12932948307403,0 1.2442919767032246,36.128953288513934,0 1.2440881799146133,36.12860031474902,0 1.2438115946809292,36.12828128632678,0 1.2434706253264238,36.128005896296166,0 1.2430756320323,36.12778251174563,0 1.2426386160478722,36.127617919633494,0 1.2421728550895907,36.12751712062614,0 1.2416925,36.127483177201256,0 1.2412121449104092,36.12751712062614,0 1.240746383952128,36.127617919633494,0 1.2403093679677002,36.12778251174563,0 1.2399143746735763,36.128005896296166,0 1.239573405319071,36.12828128632678,0 1.2392968200853867,36.12860031474902,0 1.2390930232967756,36.128953288513934,0 1.2389682080085338,36.12932948307403,0 1.238926167738522,36.12971746819713,0 1.2389681810741826,36.13010545523817,0 1.2390929726767532,36.13048165532078,0 1.239296751885215,36.13083463754667,0 1.239573327764697,36.13115367634783,0 1.2399142971192025,36.13142907742347,0 1.2403092997675282,36.13165247235294,0 1.2407463333321054,36.13181707292605,0 1.241212117976058,36.13191787745592,0 1.2416925,36.131951822798754,0</coordinates>
          </LinearRing>
        </outerBoundaryIs>
      </Polygon>
    </Placemark>
    <Placemark>
      <styleUrl>#pink</styleUrl>
      <name />
      <description>
    &lt;![CDATA[
    &lt;h2&gt;🔥 Incendio activo&lt;/h2&gt;

    &lt;table border="0" cellpadding="4"&gt;

        &lt;tr&gt;
            &lt;td&gt;&lt;b&gt;Focos agrupados&lt;/b&gt;&lt;/td&gt;
            &lt;td&gt;4&lt;/td&gt;
        &lt;/tr&gt;

        &lt;tr&gt;
            &lt;td&gt;&lt;b&gt;FRP máximo&lt;/b&gt;&lt;/td&gt;
            &lt;td&gt;1.8 MW&lt;/td&gt;
        &lt;/tr&gt;

        &lt;tr&gt;
            &lt;td&gt;&lt;b&gt;Confianza&lt;/b&gt;&lt;/td&gt;
            &lt;td&gt;Baja&lt;/td&gt;
        &lt;/tr&gt;

        &lt;tr&gt;
            &lt;td&gt;&lt;b&gt;Fecha&lt;/b&gt;&lt;/td&gt;
            &lt;td&gt;2026-09-30&lt;/td&gt;
        &lt;/tr&gt;

        &lt;tr&gt;
            &lt;td&gt;&lt;b&gt;Hora&lt;/b&gt;&lt;/td&gt;
            &lt;td&gt;58 UTC&lt;/td&gt;
        &lt;/tr&gt;

        &lt;tr&gt;
            &lt;td&gt;&lt;b&gt;Satélite&lt;/b&gt;&lt;/td&gt;
            &lt;td&gt;N&lt;/td&gt;
        &lt;/tr&gt;

        &lt;tr&gt;
            &lt;td&gt;&lt;b&gt;Instrumento&lt;/b&gt;&lt;/td&gt;
            &lt;td&gt;VIIRS&lt;/td&gt;
        &lt;/tr&gt;

        &lt;tr&gt;
            &lt;td&gt;&lt;b&gt;Población más cercana&lt;/b&gt;&lt;/td&gt;
            &lt;td&gt;La Unión&lt;/td&gt;
        &lt;/tr&gt;

        &lt;tr&gt;
            &lt;td&gt;&lt;b&gt;Distancia&lt;/b&gt;&lt;/td&gt;
            &lt;td&gt;250.8 km&lt;/td&gt;
        &lt;/tr&gt;

        &lt;tr&gt;
            &lt;td&gt;&lt;b&gt;Latitud&lt;/b&gt;&lt;/td&gt;
            &lt;td&gt;36.129717&lt;/td&gt;
        &lt;/tr&gt;

        &lt;tr&gt;
            &lt;td&gt;&lt;b&gt;Longitud&lt;/b&gt;&lt;/td&gt;
            &lt;td&gt;1.241693&lt;/td&gt;
        &lt;/tr&gt;

    &lt;/table&gt;

    ]]&gt;
    </description>
      <Point>
        <coordinates>1.2416925,36.1297175,0</coordinates>
      </Point>
    </Placemark>
    <Placemark>
      <styleUrl>#area_amarilla</styleUrl>
      <Polygon>
        <outerBoundaryIs>
          <LinearRing>
            <coordinates>1.7705425000000001,42.70741568643387,0 1.7711901558489627,42.70737404742433,0 1.7718181304617369,42.7072503957406,0 1.7724073409130676,42.70704848895053,0 1.7729398826832037,42.706774462615996,0 1.7733995738777062,42.70643664377935,0 1.7737724470125176,42.706045297842955,0 1.7740471734088241,42.705612316545796,0 1.7742154073027074,42.705150856531596,0 1.7742720392268485,42.70467493950322,0 1.7742153509895642,42.70419902612325,0 1.7740470675747342,42.703737576614195,0 1.7737723044226337,42.70330461141187,0 1.7733994117304728,42.70291328521871,0 1.77293972053597,42.70257548739237,0 1.7724071983231833,42.702301480801076,0 1.7718180246276463,42.702099590105846,0 1.7711900995358192,42.70197594892727,0 1.7705425000000001,42.701934313566134,0 1.769894900464181,42.70197594892727,0 1.769266975372354,42.702099590105846,0 1.768677801676817,42.702301480801076,0 1.7681452794640302,42.70257548739237,0 1.7676855882695277,42.70291328521871,0 1.7673126955773668,42.70330461141187,0 1.7670379324252663,42.703737576614195,0 1.766869649010436,42.70419902612325,0 1.7668129607731518,42.70467493950322,0 1.766869592697293,42.705150856531596,0 1.7670378265911764,42.705612316545796,0 1.767312552987483,42.706045297842955,0 1.7676854261222943,42.70643664377935,0 1.7681451173167966,42.706774462615996,0 1.7686776590869329,42.70704848895053,0 1.7692668695382636,42.7072503957406,0 1.7698948441510376,42.70737404742433,0 1.7705425000000001,42.70741568643387,0</coordinates>
          </LinearRing>
        </outerBoundaryIs>
      </Polygon>
    </Placemark>
    <Placemark>
      <styleUrl>#pink</styleUrl>
      <name />
      <description>
    &lt;![CDATA[
    &lt;h2&gt;🔥 Incendio activo&lt;/h2&gt;

    &lt;table border="0" cellpadding="4"&gt;

        &lt;tr&gt;
            &lt;td&gt;&lt;b&gt;Focos agrupados&lt;/b&gt;&lt;/td&gt;
            &lt;td&gt;4&lt;/td&gt;
        &lt;/tr&gt;

        &lt;tr&gt;
            &lt;td&gt;&lt;b&gt;FRP máximo&lt;/b&gt;&lt;/td&gt;
            &lt;td&gt;4.3 MW&lt;/td&gt;
        &lt;/tr&gt;

        &lt;tr&gt;
            &lt;td&gt;&lt;b&gt;Confianza&lt;/b&gt;&lt;/td&gt;
            &lt;td&gt;Baja&lt;/td&gt;
        &lt;/tr&gt;

        &lt;tr&gt;
            &lt;td&gt;&lt;b&gt;Fecha&lt;/b&gt;&lt;/td&gt;
            &lt;td&gt;2026-09-30&lt;/td&gt;
        &lt;/tr&gt;

        &lt;tr&gt;
            &lt;td&gt;&lt;b&gt;Hora&lt;/b&gt;&lt;/td&gt;
            &lt;td&gt;115 UTC&lt;/td&gt;
        &lt;/tr&gt;

        &lt;tr&gt;
            &lt;td&gt;&lt;b&gt;Satélite&lt;/b&gt;&lt;/td&gt;
            &lt;td&gt;N20&lt;/td&gt;
        &lt;/tr&gt;

        &lt;tr&gt;
            &lt;td&gt;&lt;b&gt;Instrumento&lt;/b&gt;&lt;/td&gt;
            &lt;td&gt;VIIRS&lt;/td&gt;
        &lt;/tr&gt;

        &lt;tr&gt;
            &lt;td&gt;&lt;b&gt;Población más cercana&lt;/b&gt;&lt;/td&gt;
            &lt;td&gt;Meranges&lt;/td&gt;
        &lt;/tr&gt;

        &lt;tr&gt;
            &lt;td&gt;&lt;b&gt;Distancia&lt;/b&gt;&lt;/td&gt;
            &lt;td&gt;28.7 km&lt;/td&gt;
        &lt;/tr&gt;

        &lt;tr&gt;
            &lt;td&gt;&lt;b&gt;Latitud&lt;/b&gt;&lt;/td&gt;
            &lt;td&gt;42.704675&lt;/td&gt;
        &lt;/tr&gt;

        &lt;tr&gt;
            &lt;td&gt;&lt;b&gt;Longitud&lt;/b&gt;&lt;/td&gt;
            &lt;td&gt;1.770543&lt;/td&gt;
        &lt;/tr&gt;

    &lt;/table&gt;

    ]]&gt;
    </description>
      <Point>
        <coordinates>1.7705425000000001,42.704674999999995,0</coordinates>
      </Point>
    </Placemark>
    <Placemark>
      <styleUrl>#area_amarilla</styleUrl>
      <Polygon>
        <outerBoundaryIs>
          <LinearRing>
            <coordinates>1.501085,42.89599622629631,0 1.501501283556024,42.89596954451858,0 1.5019049174933639,42.89589030996573,0 1.502283636672678,42.895760930335506,0 1.5026259332157696,42.895585337062656,0 1.5029214062495775,42.895368865828154,0 1.5031610779755584,42.895118094392735,0 1.5033376664555342,42.89484064268779,0 1.503445806825546,42.89454494124308,0 1.503482214221577,42.894239974993276,0 1.5034457834767325,42.89393501025156,0 1.5033376225741184,42.89363931314922,0 1.503161018854287,42.89336186809718,0 1.502921339019348,42.89311110482275,0 1.5026258659855403,42.89289464227299,0 1.5022835775514063,42.89271905716113,0 1.5019048736119478,42.892589684183804,0 1.5015012602072102,42.89251045397333,0 1.501085,42.89248377370369,0 1.5006687397927898,42.89251045397333,0 1.5002651263880524,42.892589684183804,0 1.499886422448594,42.89271905716113,0 1.4995441340144597,42.89289464227299,0 1.4992486609806521,42.89311110482275,0 1.4990089811457132,42.89336186809718,0 1.4988323774258818,42.89363931314922,0 1.4987242165232677,42.89393501025156,0 1.498687785778423,42.894239974993276,0 1.498724193174454,42.89454494124308,0 1.498832333544466,42.89484064268779,0 1.4990089220244416,42.895118094392735,0 1.4992485937504225,42.895368865828154,0 1.4995440667842304,42.895585337062656,0 1.499886363327322,42.895760930335506,0 1.5002650825066364,42.89589030996573,0 1.5006687164439763,42.89596954451858,0 1.501085,42.89599622629631,0</coordinates>
          </LinearRing>
        </outerBoundaryIs>
      </Polygon>
    </Placemark>
    <Placemark>
      <styleUrl>#pink</styleUrl>
      <name />
      <description>
    &lt;![CDATA[
    &lt;h2&gt;🔥 Incendio activo&lt;/h2&gt;

    &lt;table border="0" cellpadding="4"&gt;

        &lt;tr&gt;
            &lt;td&gt;&lt;b&gt;Focos agrupados&lt;/b&gt;&lt;/td&gt;
            &lt;td&gt;2&lt;/td&gt;
        &lt;/tr&gt;

        &lt;tr&gt;
            &lt;td&gt;&lt;b&gt;FRP máximo&lt;/b&gt;&lt;/td&gt;
            &lt;td&gt;1.6 MW&lt;/td&gt;
        &lt;/tr&gt;

        &lt;tr&gt;
            &lt;td&gt;&lt;b&gt;Confianza&lt;/b&gt;&lt;/td&gt;
            &lt;td&gt;Baja&lt;/td&gt;
        &lt;/tr&gt;

        &lt;tr&gt;
            &lt;td&gt;&lt;b&gt;Fecha&lt;/b&gt;&lt;/td&gt;
            &lt;td&gt;2026-09-30&lt;/td&gt;
        &lt;/tr&gt;

        &lt;tr&gt;
            &lt;td&gt;&lt;b&gt;Hora&lt;/b&gt;&lt;/td&gt;
            &lt;td&gt;200 UTC&lt;/td&gt;
        &lt;/tr&gt;

        &lt;tr&gt;
            &lt;td&gt;&lt;b&gt;Satélite&lt;/b&gt;&lt;/td&gt;
            &lt;td&gt;N21&lt;/td&gt;
        &lt;/tr&gt;

        &lt;tr&gt;
            &lt;td&gt;&lt;b&gt;Instrumento&lt;/b&gt;&lt;/td&gt;
            &lt;td&gt;VIIRS&lt;/td&gt;
        &lt;/tr&gt;

        &lt;tr&gt;
            &lt;td&gt;&lt;b&gt;Población más cercana&lt;/b&gt;&lt;/td&gt;
            &lt;td&gt;Lladorre&lt;/td&gt;
        &lt;/tr&gt;

        &lt;tr&gt;
            &lt;td&gt;&lt;b&gt;Distancia&lt;/b&gt;&lt;/td&gt;
            &lt;td&gt;36.6 km&lt;/td&gt;
        &lt;/tr&gt;

        &lt;tr&gt;
            &lt;td&gt;&lt;b&gt;Latitud&lt;/b&gt;&lt;/td&gt;
            &lt;td&gt;42.894240&lt;/td&gt;
        &lt;/tr&gt;

        &lt;tr&gt;
            &lt;td&gt;&lt;b&gt;Longitud&lt;/b&gt;&lt;/td&gt;
            &lt;td&gt;1.501085&lt;/td&gt;
        &lt;/tr&gt;

    &lt;/table&gt;

    ]]&gt;
    </description>
      <Point>
        <coordinates>1.501085,42.894239999999996,0</coordinates>
      </Point>
    </Placemark>
    <Placemark>
      <styleUrl>#area_amarilla</styleUrl>
      <Polygon>
        <outerBoundaryIs>
          <LinearRing>
            <coordinates>1.4742642857142856,42.906723619294716,0 1.4753011574591945,42.90665716951191,0 1.4763065178436374,42.90645983962872,0 1.4772498137525973,42.90613762662944,0 1.4781023793509604,42.90570032265545,0 1.4788383075950453,42.905161217251255,0 1.4794352376786764,42.904536693292734,0 1.4798750344546636,42.903845728908536,0 1.48014433918789,42.9031093205637,0 1.4802349749387838,42.90234984486812,0 1.4801441943219737,42.901590378528155,0 1.4798747621957984,42.900853997121686,0 1.479434870865299,42.90016307400945,0 1.478837890470262,42.89953860067851,0 1.478101962226176,42.89899954915104,0 1.477249446939217,42.89856229580463,0 1.476306245584769,42.898240124077326,0 1.4753010125932764,42.8980428211325,0 1.4742642857142856,42.897976380705295,0 1.473227558835295,42.8980428211325,0 1.4722223258438023,42.898240124077326,0 1.4712791244893544,42.89856229580463,0 1.4704266092023954,42.89899954915104,0 1.4696906809583095,42.89953860067851,0 1.4690937005632723,42.90016307400945,0 1.4686538092327728,42.900853997121686,0 1.4683843771065976,42.901590378528155,0 1.4682935964897876,42.90234984486812,0 1.4683842322406815,42.9031093205637,0 1.4686535369739078,42.903845728908536,0 1.469093333749895,42.904536693292734,0 1.4696902638335259,42.905161217251255,0 1.4704261920776107,42.90570032265545,0 1.471278757675974,42.90613762662944,0 1.4722220535849337,42.90645983962872,0 1.4732274139693768,42.90665716951191,0 1.4742642857142856,42.906723619294716,0</coordinates>
          </LinearRing>
        </outerBoundaryIs>
      </Polygon>
    </Placemark>
    <Placemark>
      <styleUrl>#pink</styleUrl>
      <name />
      <description>
    &lt;![CDATA[
    &lt;h2&gt;🔥 Incendio activo&lt;/h2&gt;

    &lt;table border="0" cellpadding="4"&gt;

        &lt;tr&gt;
            &lt;td&gt;&lt;b&gt;Focos agrupados&lt;/b&gt;&lt;/td&gt;
            &lt;td&gt;7&lt;/td&gt;
        &lt;/tr&gt;

        &lt;tr&gt;
            &lt;td&gt;&lt;b&gt;FRP máximo&lt;/b&gt;&lt;/td&gt;
            &lt;td&gt;3.4 MW&lt;/td&gt;
        &lt;/tr&gt;

        &lt;tr&gt;
            &lt;td&gt;&lt;b&gt;Confianza&lt;/b&gt;&lt;/td&gt;
            &lt;td&gt;Baja&lt;/td&gt;
        &lt;/tr&gt;

        &lt;tr&gt;
            &lt;td&gt;&lt;b&gt;Fecha&lt;/b&gt;&lt;/td&gt;
            &lt;td&gt;2026-09-30&lt;/td&gt;
        &lt;/tr&gt;

        &lt;tr&gt;
            &lt;td&gt;&lt;b&gt;Hora&lt;/b&gt;&lt;/td&gt;
            &lt;td&gt;200 UTC&lt;/td&gt;
        &lt;/tr&gt;

        &lt;tr&gt;
            &lt;td&gt;&lt;b&gt;Satélite&lt;/b&gt;&lt;/td&gt;
            &lt;td&gt;N21&lt;/td&gt;
        &lt;/tr&gt;

        &lt;tr&gt;
            &lt;td&gt;&lt;b&gt;Instrumento&lt;/b&gt;&lt;/td&gt;
            &lt;td&gt;VIIRS&lt;/td&gt;
        &lt;/tr&gt;

        &lt;tr&gt;
            &lt;td&gt;&lt;b&gt;Población más cercana&lt;/b&gt;&lt;/td&gt;
            &lt;td&gt;Lladorre&lt;/td&gt;
        &lt;/tr&gt;

        &lt;tr&gt;
            &lt;td&gt;&lt;b&gt;Distancia&lt;/b&gt;&lt;/td&gt;
            &lt;td&gt;36.2 km&lt;/td&gt;
        &lt;/tr&gt;

        &lt;tr&gt;
            &lt;td&gt;&lt;b&gt;Latitud&lt;/b&gt;&lt;/td&gt;
            &lt;td&gt;42.902350&lt;/td&gt;
        &lt;/tr&gt;

        &lt;tr&gt;
            &lt;td&gt;&lt;b&gt;Longitud&lt;/b&gt;&lt;/td&gt;
            &lt;td&gt;1.474264&lt;/td&gt;
        &lt;/tr&gt;

    &lt;/table&gt;

    ]]&gt;
    </description>
      <Point>
        <coordinates>1.4742642857142856,42.90235,0</coordinates>
      </Point>
    </Placemark>
    <Placemark>
      <styleUrl>#area_amarilla</styleUrl>
      <Polygon>
        <outerBoundaryIs>
          <LinearRing>
            <coordinates>1.475805,42.90882543854342,0 1.476337353695085,42.908791324053226,0 1.4768535303692514,42.90869001724547,0 1.4773378447400574,42.90852459659666,0 1.477775580035712,42.908300088820454,0 1.4781534352924004,42.908023316074214,0 1.478459929569505,42.90770268859859,0 1.4786857507921325,42.90734794909934,0 1.4788240386215665,42.906969876647494,0 1.4788705927674812,42.90657995910353,0 1.478824000428836,42.90619004402594,0 1.4786856790132785,42.905811978675686,0 1.4784598328621164,42.90545725005672,0 1.4781533253208157,42.905136635927725,0 1.4777754700641268,42.90485987738468,0 1.4773377480326686,42.90463538295511,0 1.4768534585903967,42.90446997318657,0 1.4763373155023545,42.90436867348041,0 1.475805,42.90433456145658,0 1.4752726844976458,42.90436867348041,0 1.4747565414096033,42.90446997318657,0 1.4742722519673317,42.90463538295511,0 1.4738345299358733,42.90485987738468,0 1.4734566746791846,42.905136635927725,0 1.473150167137884,42.90545725005672,0 1.4729243209867218,42.905811978675686,0 1.4727859995711643,42.90619004402594,0 1.472739407232519,42.90657995910353,0 1.4727859613784338,42.906969876647494,0 1.4729242492078678,42.90734794909934,0 1.4731500704304954,42.90770268859859,0 1.4734565647075997,42.908023316074214,0 1.4738344199642883,42.908300088820454,0 1.474272155259943,42.90852459659666,0 1.474756469630749,42.90869001724547,0 1.475272646304915,42.908791324053226,0 1.475805,42.90882543854342,0</coordinates>
          </LinearRing>
        </outerBoundaryIs>
      </Polygon>
    </Placemark>
    <Placemark>
      <styleUrl>#pink</styleUrl>
      <name />
      <description>
    &lt;![CDATA[
    &lt;h2&gt;🔥 Incendio activo&lt;/h2&gt;

    &lt;table border="0" cellpadding="4"&gt;

        &lt;tr&gt;
            &lt;td&gt;&lt;b&gt;Focos agrupados&lt;/b&gt;&lt;/td&gt;
            &lt;td&gt;2&lt;/td&gt;
        &lt;/tr&gt;

        &lt;tr&gt;
            &lt;td&gt;&lt;b&gt;FRP máximo&lt;/b&gt;&lt;/td&gt;
            &lt;td&gt;1.5 MW&lt;/td&gt;
        &lt;/tr&gt;

        &lt;tr&gt;
            &lt;td&gt;&lt;b&gt;Confianza&lt;/b&gt;&lt;/td&gt;
            &lt;td&gt;Baja&lt;/td&gt;
        &lt;/tr&gt;

        &lt;tr&gt;
            &lt;td&gt;&lt;b&gt;Fecha&lt;/b&gt;&lt;/td&gt;
            &lt;td&gt;2026-09-30&lt;/td&gt;
        &lt;/tr&gt;

        &lt;tr&gt;
            &lt;td&gt;&lt;b&gt;Hora&lt;/b&gt;&lt;/td&gt;
            &lt;td&gt;236 UTC&lt;/td&gt;
        &lt;/tr&gt;

        &lt;tr&gt;
            &lt;td&gt;&lt;b&gt;Satélite&lt;/b&gt;&lt;/td&gt;
            &lt;td&gt;N&lt;/td&gt;
        &lt;/tr&gt;

        &lt;tr&gt;
            &lt;td&gt;&lt;b&gt;Instrumento&lt;/b&gt;&lt;/td&gt;
            &lt;td&gt;VIIRS&lt;/td&gt;
        &lt;/tr&gt;

        &lt;tr&gt;
            &lt;td&gt;&lt;b&gt;Población más cercana&lt;/b&gt;&lt;/td&gt;
            &lt;td&gt;Lladorre&lt;/td&gt;
        &lt;/tr&gt;

        &lt;tr&gt;
            &lt;td&gt;&lt;b&gt;Distancia&lt;/b&gt;&lt;/td&gt;
            &lt;td&gt;36.7 km&lt;/td&gt;
        &lt;/tr&gt;

        &lt;tr&gt;
            &lt;td&gt;&lt;b&gt;Latitud&lt;/b&gt;&lt;/td&gt;
            &lt;td&gt;42.906580&lt;/td&gt;
        &lt;/tr&gt;

        &lt;tr&gt;
            &lt;td&gt;&lt;b&gt;Longitud&lt;/b&gt;&lt;/td&gt;
            &lt;td&gt;1.475805&lt;/td&gt;
        &lt;/tr&gt;

    &lt;/table&gt;

    ]]&gt;
    </description>
      <Point>
        <coordinates>1.475805,42.90658,0</coordinates>
      </Point>
    </Placemark>
    <Placemark>
      <styleUrl>#area_amarilla</styleUrl>
      <Polygon>
        <outerBoundaryIs>
          <LinearRing>
            <coordinates>-8.43495,43.34573398240888,0 -8.434627887550953,43.34571348788298,0 -8.434315562961741,43.345652627061874,0 -8.434022516616308,43.345553249288216,0 -8.43375765299472,43.34541837428531,0 -8.433529020064965,43.345252100382545,0 -8.433343564722886,43.345059479963176,0 -8.433206921714273,43.34484636592184,0 -8.433123242452616,43.34461923380075,0 -8.433095068930598,43.34438498501188,0 -8.433123256550386,43.344150737126895,0 -8.433206948209413,43.34392360760847,0 -8.433343600419693,43.34371049755464,0 -8.433529060657877,43.343517882026674,0 -8.433757693587632,43.34335161332923,0 -8.434022552313117,43.343216743217724,0 -8.434315589456883,43.34311736943158,0 -8.434627901648724,43.34305651121313,0 -8.43495,43.343036017591125,0 -8.435272098351279,43.34305651121313,0 -8.43558441054312,43.34311736943158,0 -8.435877447686885,43.343216743217724,0 -8.436142306412371,43.34335161332923,0 -8.436370939342126,43.343517882026674,0 -8.43655639958031,43.34371049755464,0 -8.436693051790588,43.34392360760847,0 -8.436776743449615,43.344150737126895,0 -8.436804931069405,43.34438498501188,0 -8.436776757547387,43.34461923380075,0 -8.43669307828573,43.34484636592184,0 -8.436556435277117,43.345059479963176,0 -8.436370979935038,43.345252100382545,0 -8.436142347005283,43.34541837428531,0 -8.435877483383694,43.345553249288216,0 -8.435584437038262,43.345652627061874,0 -8.43527211244905,43.34571348788298,0 -8.43495,43.34573398240888,0</coordinates>
          </LinearRing>
        </outerBoundaryIs>
      </Polygon>
    </Placemark>
    <Placemark>
      <styleUrl>#pink</styleUrl>
      <name />
      <description>
    &lt;![CDATA[
    &lt;h2&gt;🔥 Incendio activo&lt;/h2&gt;

    &lt;table border="0" cellpadding="4"&gt;

        &lt;tr&gt;
            &lt;td&gt;&lt;b&gt;Focos agrupados&lt;/b&gt;&lt;/td&gt;
            &lt;td&gt;2&lt;/td&gt;
        &lt;/tr&gt;

        &lt;tr&gt;
            &lt;td&gt;&lt;b&gt;FRP máximo&lt;/b&gt;&lt;/td&gt;
            &lt;td&gt;0.7 MW&lt;/td&gt;
        &lt;/tr&gt;

        &lt;tr&gt;
            &lt;td&gt;&lt;b&gt;Confianza&lt;/b&gt;&lt;/td&gt;
            &lt;td&gt;Baja&lt;/td&gt;
        &lt;/tr&gt;

        &lt;tr&gt;
            &lt;td&gt;&lt;b&gt;Fecha&lt;/b&gt;&lt;/td&gt;
            &lt;td&gt;2026-09-30&lt;/td&gt;
        &lt;/tr&gt;

        &lt;tr&gt;
            &lt;td&gt;&lt;b&gt;Hora&lt;/b&gt;&lt;/td&gt;
            &lt;td&gt;236 UTC&lt;/td&gt;
        &lt;/tr&gt;

        &lt;tr&gt;
            &lt;td&gt;&lt;b&gt;Satélite&lt;/b&gt;&lt;/td&gt;
            &lt;td&gt;N&lt;/td&gt;
        &lt;/tr&gt;

        &lt;tr&gt;
            &lt;td&gt;&lt;b&gt;Instrumento&lt;/b&gt;&lt;/td&gt;
            &lt;td&gt;VIIRS&lt;/td&gt;
        &lt;/tr&gt;

        &lt;tr&gt;
            &lt;td&gt;&lt;b&gt;Población más cercana&lt;/b&gt;&lt;/td&gt;
            &lt;td&gt;A Coruña&lt;/td&gt;
        &lt;/tr&gt;

        &lt;tr&gt;
            &lt;td&gt;&lt;b&gt;Distancia&lt;/b&gt;&lt;/td&gt;
            &lt;td&gt;4.4 km&lt;/td&gt;
        &lt;/tr&gt;

        &lt;tr&gt;
            &lt;td&gt;&lt;b&gt;Latitud&lt;/b&gt;&lt;/td&gt;
            &lt;td&gt;43.344385&lt;/td&gt;
        &lt;/tr&gt;

        &lt;tr&gt;
            &lt;td&gt;&lt;b&gt;Longitud&lt;/b&gt;&lt;/td&gt;
            &lt;td&gt;-8.434950&lt;/td&gt;
        &lt;/tr&gt;

    &lt;/table&gt;

    ]]&gt;
    </description>
      <Point>
        <coordinates>-8.43495,43.344385,0</coordinates>
      </Point>
    </Placemark>
    <Placemark>
      <styleUrl>#area_amarilla</styleUrl>
      <Polygon>
        <outerBoundaryIs>
          <LinearRing>
            <coordinates>4.889025,43.44212934425423,0 4.889982287418689,43.44206853059526,0 4.890910482515615,43.44188793777092,0 4.891781377603487,43.44159305404023,0 4.892568507302838,43.441192840885535,0 4.893247953122242,43.440699460530624,0 4.893799070445189,43.4401279061625,0 4.894205115806063,43.43949554612081,0 4.8944537553958565,43.43882159593435,0 4.89453743937541,43.438126534275426,0 4.894453630676415,43.437431480600665,0 4.894204881410185,43.4367575534037,0 4.893798754644475,43.43612522858396,0 4.8932475940069216,43.43555371742197,0 4.892568148187516,43.43506038304604,0 4.891781061802772,43.434660213097466,0 4.8909102481197335,43.43436536458874,0 4.889982162699245,43.434184794753904,0 4.889025,43.4341239890791,0 4.888067837300755,43.434184794753904,0 4.887139751880266,43.43436536458874,0 4.886268938197229,43.434660213097466,0 4.885481851812484,43.43506038304604,0 4.884802405993079,43.43555371742197,0 4.884251245355524,43.43612522858396,0 4.883845118589815,43.4367575534037,0 4.883596369323586,43.437431480600665,0 4.883512560624589,43.438126534275426,0 4.883596244604144,43.43882159593435,0 4.883844884193937,43.43949554612081,0 4.8842509295548115,43.4401279061625,0 4.884802046877757,43.440699460530624,0 4.885481492697162,43.441192840885535,0 4.886268622396512,43.44159305404023,0 4.8871395174843855,43.44188793777092,0 4.888067712581312,43.44206853059526,0 4.889025,43.44212934425423,0</coordinates>
          </LinearRing>
        </outerBoundaryIs>
      </Polygon>
    </Placemark>
    <Placemark>
      <styleUrl>#pink</styleUrl>
      <name />
      <description>
    &lt;![CDATA[
    &lt;h2&gt;🔥 Incendio activo&lt;/h2&gt;

    &lt;table border="0" cellpadding="4"&gt;

        &lt;tr&gt;
            &lt;td&gt;&lt;b&gt;Focos agrupados&lt;/b&gt;&lt;/td&gt;
            &lt;td&gt;6&lt;/td&gt;
        &lt;/tr&gt;

        &lt;tr&gt;
            &lt;td&gt;&lt;b&gt;FRP máximo&lt;/b&gt;&lt;/td&gt;
            &lt;td&gt;2.8 MW&lt;/td&gt;
        &lt;/tr&gt;

        &lt;tr&gt;
            &lt;td&gt;&lt;b&gt;Confianza&lt;/b&gt;&lt;/td&gt;
            &lt;td&gt;Baja&lt;/td&gt;
        &lt;/tr&gt;

        &lt;tr&gt;
            &lt;td&gt;&lt;b&gt;Fecha&lt;/b&gt;&lt;/td&gt;
            &lt;td&gt;2026-09-30&lt;/td&gt;
        &lt;/tr&gt;

        &lt;tr&gt;
            &lt;td&gt;&lt;b&gt;Hora&lt;/b&gt;&lt;/td&gt;
            &lt;td&gt;113 UTC&lt;/td&gt;
        &lt;/tr&gt;

        &lt;tr&gt;
            &lt;td&gt;&lt;b&gt;Satélite&lt;/b&gt;&lt;/td&gt;
            &lt;td&gt;N20&lt;/td&gt;
        &lt;/tr&gt;

        &lt;tr&gt;
            &lt;td&gt;&lt;b&gt;Instrumento&lt;/b&gt;&lt;/td&gt;
            &lt;td&gt;VIIRS&lt;/td&gt;
        &lt;/tr&gt;

        &lt;tr&gt;
            &lt;td&gt;&lt;b&gt;Población más cercana&lt;/b&gt;&lt;/td&gt;
            &lt;td&gt;Portbou&lt;/td&gt;
        &lt;/tr&gt;

        &lt;tr&gt;
            &lt;td&gt;&lt;b&gt;Distancia&lt;/b&gt;&lt;/td&gt;
            &lt;td&gt;180.0 km&lt;/td&gt;
        &lt;/tr&gt;

        &lt;tr&gt;
            &lt;td&gt;&lt;b&gt;Latitud&lt;/b&gt;&lt;/td&gt;
            &lt;td&gt;43.438127&lt;/td&gt;
        &lt;/tr&gt;

        &lt;tr&gt;
            &lt;td&gt;&lt;b&gt;Longitud&lt;/b&gt;&lt;/td&gt;
            &lt;td&gt;4.889025&lt;/td&gt;
        &lt;/tr&gt;

    &lt;/table&gt;

    ]]&gt;
    </description>
      <Point>
        <coordinates>4.889025,43.43812666666667,0</coordinates>
      </Point>
    </Placemark>
    <Placemark>
      <styleUrl>#area_amarilla</styleUrl>
      <Polygon>
        <outerBoundaryIs>
          <LinearRing>
            <coordinates>4.880446666666667,43.443632040685344,0 4.881150307961602,43.44358734231953,0 4.88183256643111,43.44345460555401,0 4.882472709322927,43.44323786408869,0 4.883051284234698,43.44294370436204,0 4.883550710404761,43.442581065321825,0 4.883955813022018,43.442160966692626,0 4.884254284304788,43.441696174011966,0 4.884437057339048,43.44120081062875,0 4.88449858133255,43.440689928469,0 4.884436989950267,43.4401790506231,0 4.884254157655306,43.4396836996611,0 4.883955642387632,43.439218926010874,0 4.883550516366498,43.43879885072596,0 4.8830510901964335,43.43843623652819,0 4.882472538688541,43.43814210014581,0 4.881832439781627,43.43792537771092,0 4.881150240572819,43.43779265336663,0 4.880446666666667,43.437747959314656,0 4.879743092760514,43.43779265336663,0 4.8790608935517055,43.43792537771092,0 4.878420794644793,43.43814210014581,0 4.8778422431369,43.43843623652819,0 4.877342816966836,43.43879885072596,0 4.876937690945701,43.439218926010874,0 4.876639175678028,43.4396836996611,0 4.876456343383067,43.4401790506231,0 4.876394752000784,43.440689928469,0 4.876456275994285,43.44120081062875,0 4.876639049028546,43.441696174011966,0 4.876937520311316,43.442160966692626,0 4.877342622928572,43.442581065321825,0 4.877842049098636,43.44294370436204,0 4.878420624010405,43.44323786408869,0 4.8790607669022235,43.44345460555401,0 4.879743025371732,43.44358734231953,0 4.880446666666667,43.443632040685344,0</coordinates>
          </LinearRing>
        </outerBoundaryIs>
      </Polygon>
    </Placemark>
    <Placemark>
      <styleUrl>#pink</styleUrl>
      <name />
      <description>
    &lt;![CDATA[
    &lt;h2&gt;🔥 Incendio activo&lt;/h2&gt;

    &lt;table border="0" cellpadding="4"&gt;

        &lt;tr&gt;
            &lt;td&gt;&lt;b&gt;Focos agrupados&lt;/b&gt;&lt;/td&gt;
            &lt;td&gt;3&lt;/td&gt;
        &lt;/tr&gt;

        &lt;tr&gt;
            &lt;td&gt;&lt;b&gt;FRP máximo&lt;/b&gt;&lt;/td&gt;
            &lt;td&gt;2.1 MW&lt;/td&gt;
        &lt;/tr&gt;

        &lt;tr&gt;
            &lt;td&gt;&lt;b&gt;Confianza&lt;/b&gt;&lt;/td&gt;
            &lt;td&gt;Baja&lt;/td&gt;
        &lt;/tr&gt;

        &lt;tr&gt;
            &lt;td&gt;&lt;b&gt;Fecha&lt;/b&gt;&lt;/td&gt;
            &lt;td&gt;2026-09-30&lt;/td&gt;
        &lt;/tr&gt;

        &lt;tr&gt;
            &lt;td&gt;&lt;b&gt;Hora&lt;/b&gt;&lt;/td&gt;
            &lt;td&gt;236 UTC&lt;/td&gt;
        &lt;/tr&gt;

        &lt;tr&gt;
            &lt;td&gt;&lt;b&gt;Satélite&lt;/b&gt;&lt;/td&gt;
            &lt;td&gt;N&lt;/td&gt;
        &lt;/tr&gt;

        &lt;tr&gt;
            &lt;td&gt;&lt;b&gt;Instrumento&lt;/b&gt;&lt;/td&gt;
            &lt;td&gt;VIIRS&lt;/td&gt;
        &lt;/tr&gt;

        &lt;tr&gt;
            &lt;td&gt;&lt;b&gt;Población más cercana&lt;/b&gt;&lt;/td&gt;
            &lt;td&gt;Portbou&lt;/td&gt;
        &lt;/tr&gt;

        &lt;tr&gt;
            &lt;td&gt;&lt;b&gt;Distancia&lt;/b&gt;&lt;/td&gt;
            &lt;td&gt;179.7 km&lt;/td&gt;
        &lt;/tr&gt;

        &lt;tr&gt;
            &lt;td&gt;&lt;b&gt;Latitud&lt;/b&gt;&lt;/td&gt;
            &lt;td&gt;43.440690&lt;/td&gt;
        &lt;/tr&gt;

        &lt;tr&gt;
            &lt;td&gt;&lt;b&gt;Longitud&lt;/b&gt;&lt;/td&gt;
            &lt;td&gt;4.880447&lt;/td&gt;
        &lt;/tr&gt;

    &lt;/table&gt;

    ]]&gt;
    </description>
      <Point>
        <coordinates>4.880446666666667,43.44069,0</coordinates>
      </Point>
    </Placemark>
    <Placemark>
      <styleUrl>#area_amarilla</styleUrl>
      <Polygon>
        <outerBoundaryIs>
          <LinearRing>
            <coordinates>4.9018,43.44653898240887,0 4.902122648740993,43.446518487881384,0 4.902435493323882,43.446457627055665,0 4.902729027562069,43.44635824927498,0 4.902994332148959,43.44622337426344,0 4.903223345716901,43.44605710035149,0 4.9034091098045565,43.44586447992348,0 4.903545980286207,43.445651365875115,0 4.9036297988388675,43.445424233749435,0 4.903658019240482,43.44518998495896,0 4.903629784667771,43.44495573707557,0 4.903545953653258,43.44472860756173,0 4.903409073922081,43.44451549751495,0 4.9032233049128555,43.44432288199561,0 4.902994291344912,43.44415661330736,0 4.902728991679593,43.444021743204495,0 4.902435466690933,43.44392236942539,0 4.902122634569897,43.44386151121152,0 4.9018,43.44384101759112,0 4.901477365430102,43.44386151121152,0 4.901164533309067,43.44392236942539,0 4.900871008320406,43.444021743204495,0 4.900605708655087,43.44415661330736,0 4.900376695087144,43.44432288199561,0 4.900190926077919,43.44451549751495,0 4.9000540463467415,43.44472860756173,0 4.899970215332228,43.44495573707557,0 4.899941980759517,43.44518998495896,0 4.899970201161132,43.445424233749435,0 4.900054019713792,43.445651365875115,0 4.900190890195443,43.44586447992348,0 4.900376654283098,43.44605710035149,0 4.900605667851041,43.44622337426344,0 4.9008709724379305,43.44635824927498,0 4.901164506676118,43.446457627055665,0 4.901477351259007,43.446518487881384,0 4.9018,43.44653898240887,0</coordinates>
          </LinearRing>
        </outerBoundaryIs>
      </Polygon>
    </Placemark>
    <Placemark>
      <styleUrl>#pink</styleUrl>
      <name />
      <description>
    &lt;![CDATA[
    &lt;h2&gt;🔥 Incendio activo&lt;/h2&gt;

    &lt;table border="0" cellpadding="4"&gt;

        &lt;tr&gt;
            &lt;td&gt;&lt;b&gt;Focos agrupados&lt;/b&gt;&lt;/td&gt;
            &lt;td&gt;1&lt;/td&gt;
        &lt;/tr&gt;

        &lt;tr&gt;
            &lt;td&gt;&lt;b&gt;FRP máximo&lt;/b&gt;&lt;/td&gt;
            &lt;td&gt;1.3 MW&lt;/td&gt;
        &lt;/tr&gt;

        &lt;tr&gt;
            &lt;td&gt;&lt;b&gt;Confianza&lt;/b&gt;&lt;/td&gt;
            &lt;td&gt;Baja&lt;/td&gt;
        &lt;/tr&gt;

        &lt;tr&gt;
            &lt;td&gt;&lt;b&gt;Fecha&lt;/b&gt;&lt;/td&gt;
            &lt;td&gt;2026-09-30&lt;/td&gt;
        &lt;/tr&gt;

        &lt;tr&gt;
            &lt;td&gt;&lt;b&gt;Hora&lt;/b&gt;&lt;/td&gt;
            &lt;td&gt;236 UTC&lt;/td&gt;
        &lt;/tr&gt;

        &lt;tr&gt;
            &lt;td&gt;&lt;b&gt;Satélite&lt;/b&gt;&lt;/td&gt;
            &lt;td&gt;N&lt;/td&gt;
        &lt;/tr&gt;

        &lt;tr&gt;
            &lt;td&gt;&lt;b&gt;Instrumento&lt;/b&gt;&lt;/td&gt;
            &lt;td&gt;VIIRS&lt;/td&gt;
        &lt;/tr&gt;

        &lt;tr&gt;
            &lt;td&gt;&lt;b&gt;Población más cercana&lt;/b&gt;&lt;/td&gt;
            &lt;td&gt;Portbou&lt;/td&gt;
        &lt;/tr&gt;

        &lt;tr&gt;
            &lt;td&gt;&lt;b&gt;Distancia&lt;/b&gt;&lt;/td&gt;
            &lt;td&gt;181.3 km&lt;/td&gt;
        &lt;/tr&gt;

        &lt;tr&gt;
            &lt;td&gt;&lt;b&gt;Latitud&lt;/b&gt;&lt;/td&gt;
            &lt;td&gt;43.445190&lt;/td&gt;
        &lt;/tr&gt;

        &lt;tr&gt;
            &lt;td&gt;&lt;b&gt;Longitud&lt;/b&gt;&lt;/td&gt;
            &lt;td&gt;4.901800&lt;/td&gt;
        &lt;/tr&gt;

    &lt;/table&gt;

    ]]&gt;
    </description>
      <Point>
        <coordinates>4.9018,43.44519,0</coordinates>
      </Point>
    </Placemark>
    <Placemark>
      <styleUrl>#area_amarilla</styleUrl>
      <Polygon>
        <outerBoundaryIs>
          <LinearRing>
            <coordinates>-2.96453,35.09341898240888,0 -2.9642437084247026,35.093398487998485,0 -2.9639661160949013,35.09333762750997,0 -2.9637056578831533,35.09323825024588,0 -2.963470247955105,35.09310337586804,0 -2.96326703926844,35.092937102630444,0 -2.9631022062162553,35.09274448283612,0 -2.962980757021253,35.09253136930432,0 -2.962906381581069,35.09230423751579,0 -2.96288133938573,35.09206998884239,0 -2.9629063909088393,35.09183574084188,0 -2.9629807745517276,35.091608610990846,0 -2.963102229834999,35.09139550042747,0 -2.9632670661266847,35.09120288427445,0 -2.9634702748133495,35.09103661491185,0 -2.963705681501897,35.09090174417532,0 -2.9639661336253753,35.090802369879654,0 -2.964243717752473,35.09074151132862,0 -2.96453,35.09072101759112,0 -2.9648162822475266,35.09074151132862,0 -2.9650938663746245,35.090802369879654,0 -2.9653543184981026,35.09090174417532,0 -2.9655897251866503,35.09103661491185,0 -2.965792933873315,35.09120288427445,0 -2.9659577701650006,35.09139550042747,0 -2.966079225448272,35.091608610990846,0 -2.9661536090911604,35.09183574084188,0 -2.9661786606142697,35.09206998884239,0 -2.966153618418931,35.09230423751579,0 -2.9660792429787466,35.09253136930432,0 -2.9659577937837445,35.09274448283612,0 -2.9657929607315596,35.092937102630444,0 -2.965589752044895,35.09310337586804,0 -2.9653543421168465,35.09323825024588,0 -2.9650938839050984,35.09333762750997,0 -2.964816291575297,35.093398487998485,0 -2.96453,35.09341898240888,0</coordinates>
          </LinearRing>
        </outerBoundaryIs>
      </Polygon>
    </Placemark>
    <Placemark>
      <styleUrl>#pink</styleUrl>
      <name />
      <description>
    &lt;![CDATA[
    &lt;h2&gt;🔥 Incendio activo&lt;/h2&gt;

    &lt;table border="0" cellpadding="4"&gt;

        &lt;tr&gt;
            &lt;td&gt;&lt;b&gt;Focos agrupados&lt;/b&gt;&lt;/td&gt;
            &lt;td&gt;1&lt;/td&gt;
        &lt;/tr&gt;

        &lt;tr&gt;
            &lt;td&gt;&lt;b&gt;FRP máximo&lt;/b&gt;&lt;/td&gt;
            &lt;td&gt;0.4 MW&lt;/td&gt;
        &lt;/tr&gt;

        &lt;tr&gt;
            &lt;td&gt;&lt;b&gt;Confianza&lt;/b&gt;&lt;/td&gt;
            &lt;td&gt;Baja&lt;/td&gt;
        &lt;/tr&gt;

        &lt;tr&gt;
            &lt;td&gt;&lt;b&gt;Fecha&lt;/b&gt;&lt;/td&gt;
            &lt;td&gt;2026-09-30&lt;/td&gt;
        &lt;/tr&gt;

        &lt;tr&gt;
            &lt;td&gt;&lt;b&gt;Hora&lt;/b&gt;&lt;/td&gt;
            &lt;td&gt;238 UTC&lt;/td&gt;
        &lt;/tr&gt;

        &lt;tr&gt;
            &lt;td&gt;&lt;b&gt;Satélite&lt;/b&gt;&lt;/td&gt;
            &lt;td&gt;N&lt;/td&gt;
        &lt;/tr&gt;

        &lt;tr&gt;
            &lt;td&gt;&lt;b&gt;Instrumento&lt;/b&gt;&lt;/td&gt;
            &lt;td&gt;VIIRS&lt;/td&gt;
        &lt;/tr&gt;

        &lt;tr&gt;
            &lt;td&gt;&lt;b&gt;Población más cercana&lt;/b&gt;&lt;/td&gt;
            &lt;td&gt;Melilla&lt;/td&gt;
        &lt;/tr&gt;

        &lt;tr&gt;
            &lt;td&gt;&lt;b&gt;Distancia&lt;/b&gt;&lt;/td&gt;
            &lt;td&gt;22.4 km&lt;/td&gt;
        &lt;/tr&gt;

        &lt;tr&gt;
            &lt;td&gt;&lt;b&gt;Latitud&lt;/b&gt;&lt;/td&gt;
            &lt;td&gt;35.092070&lt;/td&gt;
        &lt;/tr&gt;

        &lt;tr&gt;
            &lt;td&gt;&lt;b&gt;Longitud&lt;/b&gt;&lt;/td&gt;
            &lt;td&gt;-2.964530&lt;/td&gt;
        &lt;/tr&gt;

    &lt;/table&gt;

    ]]&gt;
    </description>
      <Point>
        <coordinates>-2.96453,35.09207,0</coordinates>
      </Point>
    </Placemark>
    <Placemark>
      <styleUrl>#area_amarilla</styleUrl>
      <Polygon>
        <outerBoundaryIs>
          <LinearRing>
            <coordinates>-0.3955375,35.46302178222771,0 -0.39477760043343674,35.46296763039065,0 -0.39404079302281575,35.462806820470526,0 -0.3933494679196352,35.4625442392141,0 -0.39272463264011326,35.46218786596787,0 -0.3921852735268831,35.461748530115344,0 -0.3917477787332996,35.46123958189138,0 -0.39142544027779186,35.46067648659283,0 -0.39122805029806257,35.4600763545331,0 -0.3911616037575926,35.459457421039595,0 -0.3912281166091224,35.45883849230799,0 -0.39142556490181907,35.45823837395959,0 -0.3917479466387973,35.45767529966802,0 -0.3921854644619705,35.45716637721292,0 -0.39272482357520094,35.45672706878305,0 -0.39334963582513366,35.4563707213057,0 -0.3940409176468437,35.45610816105625,0 -0.39477766674449694,35.455947364847454,0 -0.3955375,35.45589321777229,0 -0.39629733325550304,35.455947364847454,0 -0.39703408235315635,35.45610816105625,0 -0.39772536417486637,35.4563707213057,0 -0.39835017642479903,35.45672706878305,0 -0.3988895355380295,35.45716637721292,0 -0.3993270533612027,35.45767529966802,0 -0.39964943509818096,35.45823837395959,0 -0.39984688339087765,35.45883849230799,0 -0.3999133962424074,35.459457421039595,0 -0.39984694970193746,35.4600763545331,0 -0.3996495597222081,35.46067648659283,0 -0.39932722126670045,35.46123958189138,0 -0.39888972647311693,35.461748530115344,0 -0.39835036735988677,35.46218786596787,0 -0.39772553208036476,35.4625442392141,0 -0.3970342069771843,35.462806820470526,0 -0.3962973995665633,35.46296763039065,0 -0.3955375,35.46302178222771,0</coordinates>
          </LinearRing>
        </outerBoundaryIs>
      </Polygon>
    </Placemark>
    <Placemark>
      <styleUrl>#pink</styleUrl>
      <name />
      <description>
    &lt;![CDATA[
    &lt;h2&gt;🔥 Incendio activo&lt;/h2&gt;

    &lt;table border="0" cellpadding="4"&gt;

        &lt;tr&gt;
            &lt;td&gt;&lt;b&gt;Focos agrupados&lt;/b&gt;&lt;/td&gt;
            &lt;td&gt;4&lt;/td&gt;
        &lt;/tr&gt;

        &lt;tr&gt;
            &lt;td&gt;&lt;b&gt;FRP máximo&lt;/b&gt;&lt;/td&gt;
            &lt;td&gt;1.6 MW&lt;/td&gt;
        &lt;/tr&gt;

        &lt;tr&gt;
            &lt;td&gt;&lt;b&gt;Confianza&lt;/b&gt;&lt;/td&gt;
            &lt;td&gt;Baja&lt;/td&gt;
        &lt;/tr&gt;

        &lt;tr&gt;
            &lt;td&gt;&lt;b&gt;Fecha&lt;/b&gt;&lt;/td&gt;
            &lt;td&gt;2026-09-30&lt;/td&gt;
        &lt;/tr&gt;

        &lt;tr&gt;
            &lt;td&gt;&lt;b&gt;Hora&lt;/b&gt;&lt;/td&gt;
            &lt;td&gt;238 UTC&lt;/td&gt;
        &lt;/tr&gt;

        &lt;tr&gt;
            &lt;td&gt;&lt;b&gt;Satélite&lt;/b&gt;&lt;/td&gt;
            &lt;td&gt;N&lt;/td&gt;
        &lt;/tr&gt;

        &lt;tr&gt;
            &lt;td&gt;&lt;b&gt;Instrumento&lt;/b&gt;&lt;/td&gt;
            &lt;td&gt;VIIRS&lt;/td&gt;
        &lt;/tr&gt;

        &lt;tr&gt;
            &lt;td&gt;&lt;b&gt;Población más cercana&lt;/b&gt;&lt;/td&gt;
            &lt;td&gt;Carboneras&lt;/td&gt;
        &lt;/tr&gt;

        &lt;tr&gt;
            &lt;td&gt;&lt;b&gt;Distancia&lt;/b&gt;&lt;/td&gt;
            &lt;td&gt;217.5 km&lt;/td&gt;
        &lt;/tr&gt;

        &lt;tr&gt;
            &lt;td&gt;&lt;b&gt;Latitud&lt;/b&gt;&lt;/td&gt;
            &lt;td&gt;35.459457&lt;/td&gt;
        &lt;/tr&gt;

        &lt;tr&gt;
            &lt;td&gt;&lt;b&gt;Longitud&lt;/b&gt;&lt;/td&gt;
            &lt;td&gt;-0.395537&lt;/td&gt;
        &lt;/tr&gt;

    &lt;/table&gt;

    ]]&gt;
    </description>
      <Point>
        <coordinates>-0.3955375,35.4594575,0</coordinates>
      </Point>
    </Placemark>
    <Placemark>
      <styleUrl>#area_amarilla</styleUrl>
      <Polygon>
        <outerBoundaryIs>
          <LinearRing>
            <coordinates>-0.27580499999999997,35.53337398240887,0 -0.27551714689034673,35.533353487992954,0 -0.27523804048186057,35.533292627488535,0 -0.2749761616597403,35.53319325020008,0 -0.2747394677601904,35.53305837579236,0 -0.2745351507569278,35.532892102522965,0 -0.274369418718687,35.53269948269876,0 -0.2742473071801983,35.532486369142596,0 -0.2741725261580358,35.532259237338174,0 -0.27414734745750524,35.53202498865925,0 -0.2741725356906104,35.53179074066426,0 -0.2742473250955783,35.53156361082913,0 -0.2743694428560131,35.53135050029012,0 -0.2745351782048824,35.53115788416698,0 -0.27473949520814506,35.53099161483618,0 -0.2749761857970665,35.53085674412953,0 -0.2752380583972405,35.53075736985822,0 -0.2755171564229213,35.53069651132309,0 -0.27580499999999997,35.53067601759111,0 -0.2760928435770787,35.53069651132309,0 -0.2763719416027594,35.53075736985822,0 -0.2766338142029334,35.53085674412953,0 -0.27687050479185493,35.53099161483618,0 -0.27707482179511755,35.53115788416698,0 -0.2772405571439868,35.53135050029012,0 -0.2773626749044216,35.53156361082913,0 -0.27743746430938954,35.53179074066426,0 -0.2774626525424947,35.53202498865925,0 -0.27743747384196416,35.532259237338174,0 -0.27736269281980164,35.532486369142596,0 -0.27724058128131296,35.53269948269876,0 -0.27707484924307213,35.532892102522965,0 -0.2768705322398095,35.53305837579236,0 -0.2766338383402596,35.53319325020008,0 -0.2763719595181394,35.533292627488535,0 -0.27609285310965326,35.533353487992954,0 -0.27580499999999997,35.53337398240887,0</coordinates>
          </LinearRing>
        </outerBoundaryIs>
      </Polygon>
    </Placemark>
    <Placemark>
      <styleUrl>#pink</styleUrl>
      <name />
      <description>
    &lt;![CDATA[
    &lt;h2&gt;🔥 Incendio activo&lt;/h2&gt;

    &lt;table border="0" cellpadding="4"&gt;

        &lt;tr&gt;
            &lt;td&gt;&lt;b&gt;Focos agrupados&lt;/b&gt;&lt;/td&gt;
            &lt;td&gt;2&lt;/td&gt;
        &lt;/tr&gt;

        &lt;tr&gt;
            &lt;td&gt;&lt;b&gt;FRP máximo&lt;/b&gt;&lt;/td&gt;
            &lt;td&gt;1.4 MW&lt;/td&gt;
        &lt;/tr&gt;

        &lt;tr&gt;
            &lt;td&gt;&lt;b&gt;Confianza&lt;/b&gt;&lt;/td&gt;
            &lt;td&gt;Baja&lt;/td&gt;
        &lt;/tr&gt;

        &lt;tr&gt;
            &lt;td&gt;&lt;b&gt;Fecha&lt;/b&gt;&lt;/td&gt;
            &lt;td&gt;2026-09-30&lt;/td&gt;
        &lt;/tr&gt;

        &lt;tr&gt;
            &lt;td&gt;&lt;b&gt;Hora&lt;/b&gt;&lt;/td&gt;
            &lt;td&gt;202 UTC&lt;/td&gt;
        &lt;/tr&gt;

        &lt;tr&gt;
            &lt;td&gt;&lt;b&gt;Satélite&lt;/b&gt;&lt;/td&gt;
            &lt;td&gt;N21&lt;/td&gt;
        &lt;/tr&gt;

        &lt;tr&gt;
            &lt;td&gt;&lt;b&gt;Instrumento&lt;/b&gt;&lt;/td&gt;
            &lt;td&gt;VIIRS&lt;/td&gt;
        &lt;/tr&gt;

        &lt;tr&gt;
            &lt;td&gt;&lt;b&gt;Población más cercana&lt;/b&gt;&lt;/td&gt;
            &lt;td&gt;Carboneras&lt;/td&gt;
        &lt;/tr&gt;

        &lt;tr&gt;
            &lt;td&gt;&lt;b&gt;Distancia&lt;/b&gt;&lt;/td&gt;
            &lt;td&gt;218.2 km&lt;/td&gt;
        &lt;/tr&gt;

        &lt;tr&gt;
            &lt;td&gt;&lt;b&gt;Latitud&lt;/b&gt;&lt;/td&gt;
            &lt;td&gt;35.532025&lt;/td&gt;
        &lt;/tr&gt;

        &lt;tr&gt;
            &lt;td&gt;&lt;b&gt;Longitud&lt;/b&gt;&lt;/td&gt;
            &lt;td&gt;-0.275805&lt;/td&gt;
        &lt;/tr&gt;

    &lt;/table&gt;

    ]]&gt;
    </description>
      <Point>
        <coordinates>-0.27580499999999997,35.532025,0</coordinates>
      </Point>
    </Placemark>
    <Placemark>
      <styleUrl>#area_amarilla</styleUrl>
      <Polygon>
        <outerBoundaryIs>
          <LinearRing>
            <coordinates>-0.262355,35.76899716708216,0 -0.26159638579470634,35.76894331324266,0 -0.2608608247025052,35.76878338826074,0 -0.2601706690168702,35.76852225199492,0 -0.2595468907298229,35.768167839886644,0 -0.25900844407205187,35.76773092173149,0 -0.2585716894724137,35.76722477430412,0 -0.25824989645468077,35.766664777800884,0 -0.2580528405757399,35.76606794838009,0 -0.25798650663685874,35.76545242102028,0 -0.2580529071572344,35.764836898423525,0 -0.258250021586959,35.76424008271742,0 -0.2585718580626763,35.76368010722631,0 -0.2590086357858251,35.76317398557411,0 -0.2595470824435963,35.762737094848326,0 -0.26017083760713344,35.762382708515226,0 -0.2608609498347842,35.762121593261526,0 -0.2615964523762013,35.76196168199429,0 -0.262355,35.76190783291785,0 -0.2631135476237987,35.76196168199429,0 -0.2638490501652158,35.762121593261526,0 -0.26453916239286657,35.762382708515226,0 -0.26516291755640364,35.762737094848326,0 -0.2657013642141749,35.76317398557411,0 -0.2661381419373237,35.76368010722631,0 -0.266459978413041,35.76424008271742,0 -0.26665709284276556,35.764836898423525,0 -0.2667234933631412,35.76545242102028,0 -0.2666571594242601,35.76606794838009,0 -0.26646010354531924,35.766664777800884,0 -0.26613831052758624,35.76722477430412,0 -0.2657015559279481,35.76773092173149,0 -0.26516310927017706,35.768167839886644,0 -0.26453933098312976,35.76852225199492,0 -0.2638491752974948,35.76878338826074,0 -0.26311361420529367,35.76894331324266,0 -0.262355,35.76899716708216,0</coordinates>
          </LinearRing>
        </outerBoundaryIs>
      </Polygon>
    </Placemark>
    <Placemark>
      <styleUrl>#pink</styleUrl>
      <name />
      <description>
    &lt;![CDATA[
    &lt;h2&gt;🔥 Incendio activo&lt;/h2&gt;

    &lt;table border="0" cellpadding="4"&gt;

        &lt;tr&gt;
            &lt;td&gt;&lt;b&gt;Focos agrupados&lt;/b&gt;&lt;/td&gt;
            &lt;td&gt;4&lt;/td&gt;
        &lt;/tr&gt;

        &lt;tr&gt;
            &lt;td&gt;&lt;b&gt;FRP máximo&lt;/b&gt;&lt;/td&gt;
            &lt;td&gt;2.4 MW&lt;/td&gt;
        &lt;/tr&gt;

        &lt;tr&gt;
            &lt;td&gt;&lt;b&gt;Confianza&lt;/b&gt;&lt;/td&gt;
            &lt;td&gt;Baja&lt;/td&gt;
        &lt;/tr&gt;

        &lt;tr&gt;
            &lt;td&gt;&lt;b&gt;Fecha&lt;/b&gt;&lt;/td&gt;
            &lt;td&gt;2026-09-30&lt;/td&gt;
        &lt;/tr&gt;

        &lt;tr&gt;
            &lt;td&gt;&lt;b&gt;Hora&lt;/b&gt;&lt;/td&gt;
            &lt;td&gt;238 UTC&lt;/td&gt;
        &lt;/tr&gt;

        &lt;tr&gt;
            &lt;td&gt;&lt;b&gt;Satélite&lt;/b&gt;&lt;/td&gt;
            &lt;td&gt;N&lt;/td&gt;
        &lt;/tr&gt;

        &lt;tr&gt;
            &lt;td&gt;&lt;b&gt;Instrumento&lt;/b&gt;&lt;/td&gt;
            &lt;td&gt;VIIRS&lt;/td&gt;
        &lt;/tr&gt;

        &lt;tr&gt;
            &lt;td&gt;&lt;b&gt;Población más cercana&lt;/b&gt;&lt;/td&gt;
            &lt;td&gt;Carboneras&lt;/td&gt;
        &lt;/tr&gt;

        &lt;tr&gt;
            &lt;td&gt;&lt;b&gt;Distancia&lt;/b&gt;&lt;/td&gt;
            &lt;td&gt;200.3 km&lt;/td&gt;
        &lt;/tr&gt;

        &lt;tr&gt;
            &lt;td&gt;&lt;b&gt;Latitud&lt;/b&gt;&lt;/td&gt;
            &lt;td&gt;35.765453&lt;/td&gt;
        &lt;/tr&gt;

        &lt;tr&gt;
            &lt;td&gt;&lt;b&gt;Longitud&lt;/b&gt;&lt;/td&gt;
            &lt;td&gt;-0.262355&lt;/td&gt;
        &lt;/tr&gt;

    &lt;/table&gt;

    ]]&gt;
    </description>
      <Point>
        <coordinates>-0.262355,35.7654525,0</coordinates>
      </Point>
    </Placemark>
    <Placemark>
      <styleUrl>#area_amarilla</styleUrl>
      <Polygon>
        <outerBoundaryIs>
          <LinearRing>
            <coordinates>-0.2131575,35.80525298234437,0 -0.21257393791425477,35.80521157473347,0 -0.2120081088465458,35.8050886101773,0 -0.21147720679147874,35.80488782525804,0 -0.21099736410065129,35.80461532128515,0 -0.21058316116923384,35.80427937884242,0 -0.2102471833435309,35.80389020610367,0 -0.2099996385216477,35.80345962857405,0 -0.20984804706625976,35.8030007296951,0 -0.20979701344232352,35.80252745324329,0 -0.20984808650149017,35.80205417961126,0 -0.20999971263563774,35.80159528885153,0 -0.2102472831970396,35.801164723761275,0 -0.21058327471845442,35.80077556628166,0 -0.21099747764987198,35.800439640077364,0 -0.2114773066449877,35.80016715136361,0 -0.2120081829605361,35.79996637888372,0 -0.21257397734948533,35.799843422446756,0 -0.2131575,35.79980201765564,0 -0.21374102265051467,35.799843422446756,0 -0.2143068170394639,35.79996637888372,0 -0.21483769335501232,35.80016715136361,0 -0.21531752235012802,35.800439640077364,0 -0.21573172528154558,35.80077556628166,0 -0.2160677168029604,35.801164723761275,0 -0.21631528736436226,35.80159528885153,0 -0.21646691349850986,35.80205417961126,0 -0.2165179865576765,35.80252745324329,0 -0.21646695293374024,35.8030007296951,0 -0.21631536147835229,35.80345962857405,0 -0.21606781665646912,35.80389020610367,0 -0.2157318388307662,35.80427937884242,0 -0.2153176358993487,35.80461532128515,0 -0.21483779320852125,35.80488782525804,0 -0.2143068911534542,35.8050886101773,0 -0.21374106208574523,35.80521157473347,0 -0.2131575,35.80525298234437,0</coordinates>
          </LinearRing>
        </outerBoundaryIs>
      </Polygon>
    </Placemark>
    <Placemark>
      <styleUrl>#pink</styleUrl>
      <name />
      <description>
    &lt;![CDATA[
    &lt;h2&gt;🔥 Incendio activo&lt;/h2&gt;

    &lt;table border="0" cellpadding="4"&gt;

        &lt;tr&gt;
            &lt;td&gt;&lt;b&gt;Focos agrupados&lt;/b&gt;&lt;/td&gt;
            &lt;td&gt;4&lt;/td&gt;
        &lt;/tr&gt;

        &lt;tr&gt;
            &lt;td&gt;&lt;b&gt;FRP máximo&lt;/b&gt;&lt;/td&gt;
            &lt;td&gt;1.6 MW&lt;/td&gt;
        &lt;/tr&gt;

        &lt;tr&gt;
            &lt;td&gt;&lt;b&gt;Confianza&lt;/b&gt;&lt;/td&gt;
            &lt;td&gt;Baja&lt;/td&gt;
        &lt;/tr&gt;

        &lt;tr&gt;
            &lt;td&gt;&lt;b&gt;Fecha&lt;/b&gt;&lt;/td&gt;
            &lt;td&gt;2026-09-30&lt;/td&gt;
        &lt;/tr&gt;

        &lt;tr&gt;
            &lt;td&gt;&lt;b&gt;Hora&lt;/b&gt;&lt;/td&gt;
            &lt;td&gt;238 UTC&lt;/td&gt;
        &lt;/tr&gt;

        &lt;tr&gt;
            &lt;td&gt;&lt;b&gt;Satélite&lt;/b&gt;&lt;/td&gt;
            &lt;td&gt;N&lt;/td&gt;
        &lt;/tr&gt;

        &lt;tr&gt;
            &lt;td&gt;&lt;b&gt;Instrumento&lt;/b&gt;&lt;/td&gt;
            &lt;td&gt;VIIRS&lt;/td&gt;
        &lt;/tr&gt;

        &lt;tr&gt;
            &lt;td&gt;&lt;b&gt;Población más cercana&lt;/b&gt;&lt;/td&gt;
            &lt;td&gt;Carboneras&lt;/td&gt;
        &lt;/tr&gt;

        &lt;tr&gt;
            &lt;td&gt;&lt;b&gt;Distancia&lt;/b&gt;&lt;/td&gt;
            &lt;td&gt;200.7 km&lt;/td&gt;
        &lt;/tr&gt;

        &lt;tr&gt;
            &lt;td&gt;&lt;b&gt;Latitud&lt;/b&gt;&lt;/td&gt;
            &lt;td&gt;35.802528&lt;/td&gt;
        &lt;/tr&gt;

        &lt;tr&gt;
            &lt;td&gt;&lt;b&gt;Longitud&lt;/b&gt;&lt;/td&gt;
            &lt;td&gt;-0.213157&lt;/td&gt;
        &lt;/tr&gt;

    &lt;/table&gt;

    ]]&gt;
    </description>
      <Point>
        <coordinates>-0.2131575,35.802527500000004,0</coordinates>
      </Point>
    </Placemark>
    <Placemark>
      <styleUrl>#area_amarilla</styleUrl>
      <Polygon>
        <outerBoundaryIs>
          <LinearRing>
            <coordinates>-0.24323999999999998,35.80794103934334,0 -0.24260469587025804,35.80789596167769,0 -0.24198869724403835,35.80776209849358,0 -0.2414107227824846,35.807543517590375,0 -0.2408883353235914,35.807246861103444,0 -0.2404374080782271,35.80688114360605,0 -0.2400716422423428,35.80645747810766,0 -0.23980215069312522,35.805988738286004,0 -0.2396371204182596,35.805489167228515,0 -0.23958156392454188,35.80497394458302,0 -0.23963716715912053,35.80445872527958,0 -0.23980223853720956,35.80395916384515,0 -0.24007176059435748,35.80349043876687,0 -0.24043754266317266,35.80306679135392,0 -0.2408884699085371,35.80270109310264,0 -0.24141084113449965,35.80240445470115,0 -0.24198878508812305,35.80218588854132,0 -0.24260474261111928,35.802052034980264,0 -0.24323999999999998,35.80200696065667,0 -0.24387525738888066,35.802052034980264,0 -0.24449121491187692,35.80218588854132,0 -0.2450691588655003,35.80240445470115,0 -0.24559153009146287,35.80270109310264,0 -0.2460424573368273,35.80306679135392,0 -0.24640823940564247,35.80349043876687,0 -0.24667776146279038,35.80395916384515,0 -0.2468428328408794,35.80445872527958,0 -0.24689843607545808,35.80497394458302,0 -0.24684287958174034,35.805489167228515,0 -0.24667784930687472,35.805988738286004,0 -0.24640835775765715,35.80645747810766,0 -0.24604259192177283,35.80688114360605,0 -0.24559166467640853,35.807246861103444,0 -0.24506927721751534,35.807543517590375,0 -0.2444913027559616,35.80776209849358,0 -0.2438753041297419,35.80789596167769,0 -0.24323999999999998,35.80794103934334,0</coordinates>
          </LinearRing>
        </outerBoundaryIs>
      </Polygon>
    </Placemark>
    <Placemark>
      <styleUrl>#pink</styleUrl>
      <name />
      <description>
    &lt;![CDATA[
    &lt;h2&gt;🔥 Incendio activo&lt;/h2&gt;

    &lt;table border="0" cellpadding="4"&gt;

        &lt;tr&gt;
            &lt;td&gt;&lt;b&gt;Focos agrupados&lt;/b&gt;&lt;/td&gt;
            &lt;td&gt;5&lt;/td&gt;
        &lt;/tr&gt;

        &lt;tr&gt;
            &lt;td&gt;&lt;b&gt;FRP máximo&lt;/b&gt;&lt;/td&gt;
            &lt;td&gt;2.1 MW&lt;/td&gt;
        &lt;/tr&gt;

        &lt;tr&gt;
            &lt;td&gt;&lt;b&gt;Confianza&lt;/b&gt;&lt;/td&gt;
            &lt;td&gt;Baja&lt;/td&gt;
        &lt;/tr&gt;

        &lt;tr&gt;
            &lt;td&gt;&lt;b&gt;Fecha&lt;/b&gt;&lt;/td&gt;
            &lt;td&gt;2026-09-30&lt;/td&gt;
        &lt;/tr&gt;

        &lt;tr&gt;
            &lt;td&gt;&lt;b&gt;Hora&lt;/b&gt;&lt;/td&gt;
            &lt;td&gt;238 UTC&lt;/td&gt;
        &lt;/tr&gt;

        &lt;tr&gt;
            &lt;td&gt;&lt;b&gt;Satélite&lt;/b&gt;&lt;/td&gt;
            &lt;td&gt;N&lt;/td&gt;
        &lt;/tr&gt;

        &lt;tr&gt;
            &lt;td&gt;&lt;b&gt;Instrumento&lt;/b&gt;&lt;/td&gt;
            &lt;td&gt;VIIRS&lt;/td&gt;
        &lt;/tr&gt;

        &lt;tr&gt;
            &lt;td&gt;&lt;b&gt;Población más cercana&lt;/b&gt;&lt;/td&gt;
            &lt;td&gt;Carboneras&lt;/td&gt;
        &lt;/tr&gt;

        &lt;tr&gt;
            &lt;td&gt;&lt;b&gt;Distancia&lt;/b&gt;&lt;/td&gt;
            &lt;td&gt;198.5 km&lt;/td&gt;
        &lt;/tr&gt;

        &lt;tr&gt;
            &lt;td&gt;&lt;b&gt;Latitud&lt;/b&gt;&lt;/td&gt;
            &lt;td&gt;35.804974&lt;/td&gt;
        &lt;/tr&gt;

        &lt;tr&gt;
            &lt;td&gt;&lt;b&gt;Longitud&lt;/b&gt;&lt;/td&gt;
            &lt;td&gt;-0.243240&lt;/td&gt;
        &lt;/tr&gt;

    &lt;/table&gt;

    ]]&gt;
    </description>
      <Point>
        <coordinates>-0.24323999999999998,35.804974,0</coordinates>
      </Point>
    </Placemark>
    <Placemark>
      <styleUrl>#area_amarilla</styleUrl>
      <Polygon>
        <outerBoundaryIs>
          <LinearRing>
            <coordinates>-0.21012,35.806358982408874,0 -0.20983116079350153,35.80633848798951,0 -0.20955109825605975,35.80627762747513,0 -0.2092883223294999,35.806178250171435,0 -0.20905081761189978,35.80604337574499,0 -0.20884580071529896,35.80587710245569,0 -0.20867950097433655,35.80568448261278,0 -0.20855697117107577,35.80547136904138,0 -0.20848193402704474,35.805244237226994,0 -0.2084566691245507,35.805009988544626,0 -0.20848194368896486,35.80477574055309,0 -0.20855698932954583,35.804548610727906,0 -0.20867952543917714,35.80433550020415,0 -0.20884582853568917,35.80414288409972,0 -0.20905084543229002,35.80397661478883,0 -0.2092883467943405,35.80384174410087,0 -0.20955111641452986,35.803742369844805,0 -0.20983117045542166,35.80368151131964,0 -0.21012,35.80366101759112,0 -0.21040882954457837,35.80368151131964,0 -0.21068888358547017,35.803742369844805,0 -0.21095165320565953,35.80384174410087,0 -0.21118915456771,35.80397661478883,0 -0.21139417146431086,35.80414288409972,0 -0.2115604745608229,35.80433550020415,0 -0.2116830106704542,35.804548610727906,0 -0.21175805631103517,35.80477574055309,0 -0.21178333087544934,35.805009988544626,0 -0.2117580659729553,35.805244237226994,0 -0.21168302882892426,35.80547136904138,0 -0.21156049902566348,35.80568448261278,0 -0.21139419928470107,35.80587710245569,0 -0.21118918238810025,35.80604337574499,0 -0.21095167767050013,35.806178250171435,0 -0.21068890174394028,35.80627762747513,0 -0.2104088392064985,35.80633848798951,0 -0.21012,35.806358982408874,0</coordinates>
          </LinearRing>
        </outerBoundaryIs>
      </Polygon>
    </Placemark>
    <Placemark>
      <styleUrl>#pink</styleUrl>
      <name />
      <description>
    &lt;![CDATA[
    &lt;h2&gt;🔥 Incendio activo&lt;/h2&gt;

    &lt;table border="0" cellpadding="4"&gt;

        &lt;tr&gt;
            &lt;td&gt;&lt;b&gt;Focos agrupados&lt;/b&gt;&lt;/td&gt;
            &lt;td&gt;1&lt;/td&gt;
        &lt;/tr&gt;

        &lt;tr&gt;
            &lt;td&gt;&lt;b&gt;FRP máximo&lt;/b&gt;&lt;/td&gt;
            &lt;td&gt;1.9 MW&lt;/td&gt;
        &lt;/tr&gt;

        &lt;tr&gt;
            &lt;td&gt;&lt;b&gt;Confianza&lt;/b&gt;&lt;/td&gt;
            &lt;td&gt;Baja&lt;/td&gt;
        &lt;/tr&gt;

        &lt;tr&gt;
            &lt;td&gt;&lt;b&gt;Fecha&lt;/b&gt;&lt;/td&gt;
            &lt;td&gt;2026-09-30&lt;/td&gt;
        &lt;/tr&gt;

        &lt;tr&gt;
            &lt;td&gt;&lt;b&gt;Hora&lt;/b&gt;&lt;/td&gt;
            &lt;td&gt;238 UTC&lt;/td&gt;
        &lt;/tr&gt;

        &lt;tr&gt;
            &lt;td&gt;&lt;b&gt;Satélite&lt;/b&gt;&lt;/td&gt;
            &lt;td&gt;N&lt;/td&gt;
        &lt;/tr&gt;

        &lt;tr&gt;
            &lt;td&gt;&lt;b&gt;Instrumento&lt;/b&gt;&lt;/td&gt;
            &lt;td&gt;VIIRS&lt;/td&gt;
        &lt;/tr&gt;

        &lt;tr&gt;
            &lt;td&gt;&lt;b&gt;Población más cercana&lt;/b&gt;&lt;/td&gt;
            &lt;td&gt;Carboneras&lt;/td&gt;
        &lt;/tr&gt;

        &lt;tr&gt;
            &lt;td&gt;&lt;b&gt;Distancia&lt;/b&gt;&lt;/td&gt;
            &lt;td&gt;200.7 km&lt;/td&gt;
        &lt;/tr&gt;

        &lt;tr&gt;
            &lt;td&gt;&lt;b&gt;Latitud&lt;/b&gt;&lt;/td&gt;
            &lt;td&gt;35.805010&lt;/td&gt;
        &lt;/tr&gt;

        &lt;tr&gt;
            &lt;td&gt;&lt;b&gt;Longitud&lt;/b&gt;&lt;/td&gt;
            &lt;td&gt;-0.210120&lt;/td&gt;
        &lt;/tr&gt;

    &lt;/table&gt;

    ]]&gt;
    </description>
      <Point>
        <coordinates>-0.21012,35.80501,0</coordinates>
      </Point>
    </Placemark>
    <Placemark>
      <styleUrl>#area_amarilla</styleUrl>
      <Polygon>
        <outerBoundaryIs>
          <LinearRing>
            <coordinates>-0.25379,35.80787455458615,0 -0.2532574708727355,35.80783676946442,0 -0.2527411238553776,35.807724562287,0 -0.2522566491938533,35.80754134271727,0 -0.2518187683727366,35.80729267825659,0 -0.25144078669373027,35.806986125022085,0 -0.2511341889387541,35.806630998088835,0 -0.25090829041069174,35.806238088382294,0 -0.2507699539547398,35.80581933473244,0 -0.2507233815510219,35.805387461062004,0 -0.25076998679673995,35.80495558973982,0 -0.25090835213346224,35.80453684285147,0 -0.25113427209761785,35.804143943504165,0 -0.2514408812585011,35.803788829278396,0 -0.25181886293750744,35.80348228956692,0 -0.2522567323527173,35.80323363781372,0 -0.2527411855781483,35.80305042860323,0 -0.25325750371473577,35.802938228187315,0 -0.25379,35.80290044541383,0 -0.2543224962852642,35.802938228187315,0 -0.2548388144218517,35.80305042860323,0 -0.2553232676472827,35.80323363781372,0 -0.25576113706249254,35.80348228956692,0 -0.2561391187414989,35.803788829278396,0 -0.2564457279023822,35.804143943504165,0 -0.2566716478665378,35.80453684285147,0 -0.25681001320326,35.80495558973982,0 -0.25685661844897806,35.805387461062004,0 -0.2568100460452602,35.80581933473244,0 -0.25667170958930824,35.806238088382294,0 -0.25644581106124587,35.806630998088835,0 -0.2561392133062697,35.806986125022085,0 -0.25576123162726344,35.80729267825659,0 -0.25532335080614665,35.80754134271727,0 -0.2548388761446224,35.807724562287,0 -0.2543225291272645,35.80783676946442,0 -0.25379,35.80787455458615,0</coordinates>
          </LinearRing>
        </outerBoundaryIs>
      </Polygon>
    </Placemark>
    <Placemark>
      <styleUrl>#pink</styleUrl>
      <name />
      <description>
    &lt;![CDATA[
    &lt;h2&gt;🔥 Incendio activo&lt;/h2&gt;

    &lt;table border="0" cellpadding="4"&gt;

        &lt;tr&gt;
            &lt;td&gt;&lt;b&gt;Focos agrupados&lt;/b&gt;&lt;/td&gt;
            &lt;td&gt;4&lt;/td&gt;
        &lt;/tr&gt;

        &lt;tr&gt;
            &lt;td&gt;&lt;b&gt;FRP máximo&lt;/b&gt;&lt;/td&gt;
            &lt;td&gt;5.8 MW&lt;/td&gt;
        &lt;/tr&gt;

        &lt;tr&gt;
            &lt;td&gt;&lt;b&gt;Confianza&lt;/b&gt;&lt;/td&gt;
            &lt;td&gt;Baja&lt;/td&gt;
        &lt;/tr&gt;

        &lt;tr&gt;
            &lt;td&gt;&lt;b&gt;Fecha&lt;/b&gt;&lt;/td&gt;
            &lt;td&gt;2026-09-30&lt;/td&gt;
        &lt;/tr&gt;

        &lt;tr&gt;
            &lt;td&gt;&lt;b&gt;Hora&lt;/b&gt;&lt;/td&gt;
            &lt;td&gt;202 UTC&lt;/td&gt;
        &lt;/tr&gt;

        &lt;tr&gt;
            &lt;td&gt;&lt;b&gt;Satélite&lt;/b&gt;&lt;/td&gt;
            &lt;td&gt;N21&lt;/td&gt;
        &lt;/tr&gt;

        &lt;tr&gt;
            &lt;td&gt;&lt;b&gt;Instrumento&lt;/b&gt;&lt;/td&gt;
            &lt;td&gt;VIIRS&lt;/td&gt;
        &lt;/tr&gt;

        &lt;tr&gt;
            &lt;td&gt;&lt;b&gt;Población más cercana&lt;/b&gt;&lt;/td&gt;
            &lt;td&gt;Carboneras&lt;/td&gt;
        &lt;/tr&gt;

        &lt;tr&gt;
            &lt;td&gt;&lt;b&gt;Distancia&lt;/b&gt;&lt;/td&gt;
            &lt;td&gt;197.8 km&lt;/td&gt;
        &lt;/tr&gt;

        &lt;tr&gt;
            &lt;td&gt;&lt;b&gt;Latitud&lt;/b&gt;&lt;/td&gt;
            &lt;td&gt;35.805387&lt;/td&gt;
        &lt;/tr&gt;

        &lt;tr&gt;
            &lt;td&gt;&lt;b&gt;Longitud&lt;/b&gt;&lt;/td&gt;
            &lt;td&gt;-0.253790&lt;/td&gt;
        &lt;/tr&gt;

    &lt;/table&gt;

    ]]&gt;
    </description>
      <Point>
        <coordinates>-0.25379,35.805387499999995,0</coordinates>
      </Point>
    </Placemark>
    <Placemark>
      <styleUrl>#area_amarilla</styleUrl>
      <Polygon>
        <outerBoundaryIs>
          <LinearRing>
            <coordinates>-0.25129500000000005,35.81166197125295,0 -0.25100443084972984,35.811641355460914,0 -0.25072269093727645,35.811580134516774,0 -0.2504583411753115,35.811480168678756,0 -0.2502194139855604,35.811344495497444,0 -0.2500131692029975,35.8111772375045,0 -0.2498458734709551,35.810983476931064,0 -0.24972260983234248,35.81076910126482,0 -0.24964712330244807,35.81054062434105,0 -0.2496217071132856,35.81030498840628,0 -0.24964713308170164,35.81006935317071,0 -0.24972262821132735,35.809840878260175,0 -0.24984589823289444,35.80962650567837,0 -0.25001319736123595,35.809432748888554,0 -0.2502194421437988,35.809265494922066,0 -0.25045836593725085,35.80912982552439,0 -0.2507227093162614,35.809029862770814,0 -0.25100444062898347,35.808968643839904,0 -0.25129500000000005,35.808948028747054,0 -0.2515855593710166,35.808968643839904,0 -0.2518672906837387,35.809029862770814,0 -0.25213163406274924,35.80912982552439,0 -0.2523705578562012,35.809265494922066,0 -0.25257680263876414,35.809432748888554,0 -0.25274410176710566,35.80962650567837,0 -0.25286737178867275,35.809840878260175,0 -0.2529428669182984,35.81006935317071,0 -0.2529682928867145,35.81030498840628,0 -0.252942876697552,35.81054062434105,0 -0.2528673901676576,35.81076910126482,0 -0.252744126529045,35.810983476931064,0 -0.2525768307970026,35.8111772375045,0 -0.2523705860144397,35.811344495497444,0 -0.2521316588246885,35.811480168678756,0 -0.25186730906272364,35.811580134516774,0 -0.25158556915027025,35.811641355460914,0 -0.25129500000000005,35.81166197125295,0</coordinates>
          </LinearRing>
        </outerBoundaryIs>
      </Polygon>
    </Placemark>
    <Placemark>
      <styleUrl>#pink</styleUrl>
      <name />
      <description>
    &lt;![CDATA[
    &lt;h2&gt;🔥 Incendio activo&lt;/h2&gt;

    &lt;table border="0" cellpadding="4"&gt;

        &lt;tr&gt;
            &lt;td&gt;&lt;b&gt;Focos agrupados&lt;/b&gt;&lt;/td&gt;
            &lt;td&gt;2&lt;/td&gt;
        &lt;/tr&gt;

        &lt;tr&gt;
            &lt;td&gt;&lt;b&gt;FRP máximo&lt;/b&gt;&lt;/td&gt;
            &lt;td&gt;5.6 MW&lt;/td&gt;
        &lt;/tr&gt;

        &lt;tr&gt;
            &lt;td&gt;&lt;b&gt;Confianza&lt;/b&gt;&lt;/td&gt;
            &lt;td&gt;Baja&lt;/td&gt;
        &lt;/tr&gt;

        &lt;tr&gt;
            &lt;td&gt;&lt;b&gt;Fecha&lt;/b&gt;&lt;/td&gt;
            &lt;td&gt;2026-09-30&lt;/td&gt;
        &lt;/tr&gt;

        &lt;tr&gt;
            &lt;td&gt;&lt;b&gt;Hora&lt;/b&gt;&lt;/td&gt;
            &lt;td&gt;238 UTC&lt;/td&gt;
        &lt;/tr&gt;

        &lt;tr&gt;
            &lt;td&gt;&lt;b&gt;Satélite&lt;/b&gt;&lt;/td&gt;
            &lt;td&gt;N&lt;/td&gt;
        &lt;/tr&gt;

        &lt;tr&gt;
            &lt;td&gt;&lt;b&gt;Instrumento&lt;/b&gt;&lt;/td&gt;
            &lt;td&gt;VIIRS&lt;/td&gt;
        &lt;/tr&gt;

        &lt;tr&gt;
            &lt;td&gt;&lt;b&gt;Población más cercana&lt;/b&gt;&lt;/td&gt;
            &lt;td&gt;Carboneras&lt;/td&gt;
        &lt;/tr&gt;

        &lt;tr&gt;
            &lt;td&gt;&lt;b&gt;Distancia&lt;/b&gt;&lt;/td&gt;
            &lt;td&gt;197.6 km&lt;/td&gt;
        &lt;/tr&gt;

        &lt;tr&gt;
            &lt;td&gt;&lt;b&gt;Latitud&lt;/b&gt;&lt;/td&gt;
            &lt;td&gt;35.810305&lt;/td&gt;
        &lt;/tr&gt;

        &lt;tr&gt;
            &lt;td&gt;&lt;b&gt;Longitud&lt;/b&gt;&lt;/td&gt;
            &lt;td&gt;-0.251295&lt;/td&gt;
        &lt;/tr&gt;

    &lt;/table&gt;

    ]]&gt;
    </description>
      <Point>
        <coordinates>-0.25129500000000005,35.810305,0</coordinates>
      </Point>
    </Placemark>
    <Placemark>
      <styleUrl>#area_amarilla</styleUrl>
      <Polygon>
        <outerBoundaryIs>
          <LinearRing>
            <coordinates>-0.25611,35.81468799235997,0 -0.25563825389048567,35.81465452303441,0 -0.25518084271086194,35.81455513208941,0 -0.2547516656911274,35.81439283970798,0 -0.2543637639169441,35.81417257742882,0 -0.25402892399128696,35.813901038259814,0 -0.25375731985576994,35.81358647326005,0 -0.25355720366060325,35.813238440777816,0 -0.253434655075932,35.812867515970744,0 -0.253393396655722,35.81248496944078,0 -0.25343468085321513,35.81210242475377,0 -0.25355725210604874,35.811731505253256,0 -0.2537573851261421,35.81138348090112,0 -0.2540289982140156,35.811068925874416,0 -0.25436383813967284,35.81079739731851,0 -0.25475173096149967,35.81057714501242,0 -0.25518089115630754,35.81041486076109,0 -0.25563827966776886,35.81031547512264,0 -0.25611,35.81028200764003,0 -0.2565817203322312,35.81031547512264,0 -0.2570391088436925,35.81041486076109,0 -0.2574682690385004,35.81057714501242,0 -0.25785616186032717,35.81079739731851,0 -0.2581910017859844,35.811068925874416,0 -0.2584626148738579,35.81138348090112,0 -0.2586627478939513,35.811731505253256,0 -0.2587853191467849,35.81210242475377,0 -0.25882660334427804,35.81248496944078,0 -0.258785344924068,35.812867515970744,0 -0.25866279633939676,35.813238440777816,0 -0.2584626801442301,35.81358647326005,0 -0.2581910760087131,35.813901038259814,0 -0.2578562360830559,35.81417257742882,0 -0.25746833430887267,35.81439283970798,0 -0.25703915728913806,35.81455513208941,0 -0.2565817461095144,35.81465452303441,0 -0.25611,35.81468799235997,0</coordinates>
          </LinearRing>
        </outerBoundaryIs>
      </Polygon>
    </Placemark>
    <Placemark>
      <styleUrl>#pink</styleUrl>
      <name />
      <description>
    &lt;![CDATA[
    &lt;h2&gt;🔥 Incendio activo&lt;/h2&gt;

    &lt;table border="0" cellpadding="4"&gt;

        &lt;tr&gt;
            &lt;td&gt;&lt;b&gt;Focos agrupados&lt;/b&gt;&lt;/td&gt;
            &lt;td&gt;2&lt;/td&gt;
        &lt;/tr&gt;

        &lt;tr&gt;
            &lt;td&gt;&lt;b&gt;FRP máximo&lt;/b&gt;&lt;/td&gt;
            &lt;td&gt;5.3 MW&lt;/td&gt;
        &lt;/tr&gt;

        &lt;tr&gt;
            &lt;td&gt;&lt;b&gt;Confianza&lt;/b&gt;&lt;/td&gt;
            &lt;td&gt;Baja&lt;/td&gt;
        &lt;/tr&gt;

        &lt;tr&gt;
            &lt;td&gt;&lt;b&gt;Fecha&lt;/b&gt;&lt;/td&gt;
            &lt;td&gt;2026-09-30&lt;/td&gt;
        &lt;/tr&gt;

        &lt;tr&gt;
            &lt;td&gt;&lt;b&gt;Hora&lt;/b&gt;&lt;/td&gt;
            &lt;td&gt;238 UTC&lt;/td&gt;
        &lt;/tr&gt;

        &lt;tr&gt;
            &lt;td&gt;&lt;b&gt;Satélite&lt;/b&gt;&lt;/td&gt;
            &lt;td&gt;N&lt;/td&gt;
        &lt;/tr&gt;

        &lt;tr&gt;
            &lt;td&gt;&lt;b&gt;Instrumento&lt;/b&gt;&lt;/td&gt;
            &lt;td&gt;VIIRS&lt;/td&gt;
        &lt;/tr&gt;

        &lt;tr&gt;
            &lt;td&gt;&lt;b&gt;Población más cercana&lt;/b&gt;&lt;/td&gt;
            &lt;td&gt;Carboneras&lt;/td&gt;
        &lt;/tr&gt;

        &lt;tr&gt;
            &lt;td&gt;&lt;b&gt;Distancia&lt;/b&gt;&lt;/td&gt;
            &lt;td&gt;197.1 km&lt;/td&gt;
        &lt;/tr&gt;

        &lt;tr&gt;
            &lt;td&gt;&lt;b&gt;Latitud&lt;/b&gt;&lt;/td&gt;
            &lt;td&gt;35.812485&lt;/td&gt;
        &lt;/tr&gt;

        &lt;tr&gt;
            &lt;td&gt;&lt;b&gt;Longitud&lt;/b&gt;&lt;/td&gt;
            &lt;td&gt;-0.256110&lt;/td&gt;
        &lt;/tr&gt;

    &lt;/table&gt;

    ]]&gt;
    </description>
      <Point>
        <coordinates>-0.25611,35.812484999999995,0</coordinates>
      </Point>
    </Placemark>
    <Placemark>
      <styleUrl>#area_amarilla</styleUrl>
      <Polygon>
        <outerBoundaryIs>
          <LinearRing>
            <coordinates>-0.26822999999999997,35.81562398240887,0 -0.26794112709202306,35.815603487989385,0 -0.2676610318773046,35.81554262747467,0 -0.26739822529072793,35.81544325017045,0 -0.26716069286208993,35.815308375743385,0 -0.2669556520454855,35.8151421024534,0 -0.2667893329023508,35.814949482609855,0 -0.266666788804205,35.814736369037924,0 -0.2665917429067889,35.8145092372232,0 -0.2665664750582014,35.81427498854071,0 -0.26659175257313,35.8140407405493,0 -0.2666668069709838,35.81381361072446,0 -0.26678935737838566,35.81360050020121,0 -0.2669556798786054,35.81340788409742,0 -0.2671607206952099,35.81324161478721,0 -0.2673982497667628,35.81310674409989,0 -0.26766105004408347,35.81300736984436,0 -0.2679411367583641,35.812946511319524,0 -0.26822999999999997,35.81292601759112,0 -0.2685188632416358,35.812946511319524,0 -0.2687989499559165,35.81300736984436,0 -0.26906175023323714,35.81310674409989,0 -0.2692992793047901,35.81324161478721,0 -0.2695043201213945,35.81340788409742,0 -0.2696706426216143,35.81360050020121,0 -0.26979319302901617,35.81381361072446,0 -0.26986824742687,35.8140407405493,0 -0.2698935249417985,35.81427498854071,0 -0.26986825709321105,35.8145092372232,0 -0.26979321119579497,35.814736369037924,0 -0.26967066709764914,35.814949482609855,0 -0.2695043479545145,35.8151421024534,0 -0.26929930713791,35.815308375743385,0 -0.26906177470927206,35.81544325017045,0 -0.2687989681226954,35.81554262747467,0 -0.26851887290797694,35.815603487989385,0 -0.26822999999999997,35.81562398240887,0</coordinates>
          </LinearRing>
        </outerBoundaryIs>
      </Polygon>
    </Placemark>
    <Placemark>
      <styleUrl>#pink</styleUrl>
      <name />
      <description>
    &lt;![CDATA[
    &lt;h2&gt;🔥 Incendio activo&lt;/h2&gt;

    &lt;table border="0" cellpadding="4"&gt;

        &lt;tr&gt;
            &lt;td&gt;&lt;b&gt;Focos agrupados&lt;/b&gt;&lt;/td&gt;
            &lt;td&gt;2&lt;/td&gt;
        &lt;/tr&gt;

        &lt;tr&gt;
            &lt;td&gt;&lt;b&gt;FRP máximo&lt;/b&gt;&lt;/td&gt;
            &lt;td&gt;2.9 MW&lt;/td&gt;
        &lt;/tr&gt;

        &lt;tr&gt;
            &lt;td&gt;&lt;b&gt;Confianza&lt;/b&gt;&lt;/td&gt;
            &lt;td&gt;Baja&lt;/td&gt;
        &lt;/tr&gt;

        &lt;tr&gt;
            &lt;td&gt;&lt;b&gt;Fecha&lt;/b&gt;&lt;/td&gt;
            &lt;td&gt;2026-09-30&lt;/td&gt;
        &lt;/tr&gt;

        &lt;tr&gt;
            &lt;td&gt;&lt;b&gt;Hora&lt;/b&gt;&lt;/td&gt;
            &lt;td&gt;238 UTC&lt;/td&gt;
        &lt;/tr&gt;

        &lt;tr&gt;
            &lt;td&gt;&lt;b&gt;Satélite&lt;/b&gt;&lt;/td&gt;
            &lt;td&gt;N&lt;/td&gt;
        &lt;/tr&gt;

        &lt;tr&gt;
            &lt;td&gt;&lt;b&gt;Instrumento&lt;/b&gt;&lt;/td&gt;
            &lt;td&gt;VIIRS&lt;/td&gt;
        &lt;/tr&gt;

        &lt;tr&gt;
            &lt;td&gt;&lt;b&gt;Población más cercana&lt;/b&gt;&lt;/td&gt;
            &lt;td&gt;Carboneras&lt;/td&gt;
        &lt;/tr&gt;

        &lt;tr&gt;
            &lt;td&gt;&lt;b&gt;Distancia&lt;/b&gt;&lt;/td&gt;
            &lt;td&gt;196.2 km&lt;/td&gt;
        &lt;/tr&gt;

        &lt;tr&gt;
            &lt;td&gt;&lt;b&gt;Latitud&lt;/b&gt;&lt;/td&gt;
            &lt;td&gt;35.814275&lt;/td&gt;
        &lt;/tr&gt;

        &lt;tr&gt;
            &lt;td&gt;&lt;b&gt;Longitud&lt;/b&gt;&lt;/td&gt;
            &lt;td&gt;-0.268230&lt;/td&gt;
        &lt;/tr&gt;

    &lt;/table&gt;

    ]]&gt;
    </description>
      <Point>
        <coordinates>-0.26822999999999997,35.814274999999995,0</coordinates>
      </Point>
    </Placemark>
    <Placemark>
      <styleUrl>#area_amarilla</styleUrl>
      <Polygon>
        <outerBoundaryIs>
          <LinearRing>
            <coordinates>2.93053,36.14274898240888,0 2.9308200727636473,36.14272848798522,0 2.931101331369926,36.14266762745848,0 2.931365229528643,36.14256825013584,0 2.9316037485384987,36.142433375686174,0 2.931809640966161,36.14226710237216,0 2.9319766508744225,36.14207448250602,0 2.932099703905683,36.14186136891567,0 2.9321750614451627,36.14163423708893,0 2.932200434181921,36.14139998840226,0 2.9321750516214,36.14116574041503,0 2.932099685443049,36.14093861060222,0 2.9319766259997833,36.14072550009738,0 2.9318096126797646,36.14053288401618,0 2.931603720252102,36.14036661473001,0 2.9313652046540035,36.14023174406529,0 2.9311013129072916,36.14013236982816,0 2.9308200629398846,36.14007151131535,0 2.93053,36.14005101759111,0 2.9302399370601155,36.14007151131535,0 2.9299586870927086,36.14013236982816,0 2.929694795345997,36.14023174406529,0 2.9294562797478982,36.14036661473001,0 2.929250387320236,36.14053288401618,0 2.9290833740002173,36.14072550009738,0 2.9289603145569516,36.14093861060222,0 2.9288849483786006,36.14116574041503,0 2.9288595658180796,36.14139998840226,0 2.928884938554838,36.14163423708893,0 2.9289602960943175,36.14186136891567,0 2.929083349125578,36.14207448250602,0 2.9292503590338392,36.14226710237216,0 2.929456251461502,36.142433375686174,0 2.9296947704713574,36.14256825013584,0 2.9299586686300745,36.14266762745848,0 2.9302399272363533,36.14272848798522,0 2.93053,36.14274898240888,0</coordinates>
          </LinearRing>
        </outerBoundaryIs>
      </Polygon>
    </Placemark>
    <Placemark>
      <styleUrl>#pink</styleUrl>
      <name />
      <description>
    &lt;![CDATA[
    &lt;h2&gt;🔥 Incendio activo&lt;/h2&gt;

    &lt;table border="0" cellpadding="4"&gt;

        &lt;tr&gt;
            &lt;td&gt;&lt;b&gt;Focos agrupados&lt;/b&gt;&lt;/td&gt;
            &lt;td&gt;1&lt;/td&gt;
        &lt;/tr&gt;

        &lt;tr&gt;
            &lt;td&gt;&lt;b&gt;FRP máximo&lt;/b&gt;&lt;/td&gt;
            &lt;td&gt;0.3 MW&lt;/td&gt;
        &lt;/tr&gt;

        &lt;tr&gt;
            &lt;td&gt;&lt;b&gt;Confianza&lt;/b&gt;&lt;/td&gt;
            &lt;td&gt;Baja&lt;/td&gt;
        &lt;/tr&gt;

        &lt;tr&gt;
            &lt;td&gt;&lt;b&gt;Fecha&lt;/b&gt;&lt;/td&gt;
            &lt;td&gt;2026-09-30&lt;/td&gt;
        &lt;/tr&gt;

        &lt;tr&gt;
            &lt;td&gt;&lt;b&gt;Hora&lt;/b&gt;&lt;/td&gt;
            &lt;td&gt;238 UTC&lt;/td&gt;
        &lt;/tr&gt;

        &lt;tr&gt;
            &lt;td&gt;&lt;b&gt;Satélite&lt;/b&gt;&lt;/td&gt;
            &lt;td&gt;N&lt;/td&gt;
        &lt;/tr&gt;

        &lt;tr&gt;
            &lt;td&gt;&lt;b&gt;Instrumento&lt;/b&gt;&lt;/td&gt;
            &lt;td&gt;VIIRS&lt;/td&gt;
        &lt;/tr&gt;

        &lt;tr&gt;
            &lt;td&gt;&lt;b&gt;Población más cercana&lt;/b&gt;&lt;/td&gt;
            &lt;td&gt;Formentera&lt;/td&gt;
        &lt;/tr&gt;

        &lt;tr&gt;
            &lt;td&gt;&lt;b&gt;Distancia&lt;/b&gt;&lt;/td&gt;
            &lt;td&gt;314.4 km&lt;/td&gt;
        &lt;/tr&gt;

        &lt;tr&gt;
            &lt;td&gt;&lt;b&gt;Latitud&lt;/b&gt;&lt;/td&gt;
            &lt;td&gt;36.141400&lt;/td&gt;
        &lt;/tr&gt;

        &lt;tr&gt;
            &lt;td&gt;&lt;b&gt;Longitud&lt;/b&gt;&lt;/td&gt;
            &lt;td&gt;2.930530&lt;/td&gt;
        &lt;/tr&gt;

    &lt;/table&gt;

    ]]&gt;
    </description>
      <Point>
        <coordinates>2.93053,36.1414,0</coordinates>
      </Point>
    </Placemark>
    <Placemark>
      <styleUrl>#area_amarilla</styleUrl>
      <Polygon>
        <outerBoundaryIs>
          <LinearRing>
            <coordinates>4.87968,43.44475898240888,0 4.880002639247075,43.44473848788141,0 4.880315474624571,43.44467762705578,0 4.880609000225645,43.444578249275224,0 4.880874297006173,43.44444337426383,0 4.881103303835719,43.44427710035204,0 4.881289062457685,43.444084479924186,0 4.881425928912405,43.44387136587594,0 4.881509744999211,43.443644233750334,0 4.8815379645709225,43.44340998495989,0 4.881509730829414,43.44317573707649,0 4.8814259022818955,43.44294860756256,0 4.8812890265784965,43.442735497515656,0 4.8811032630354125,43.44254288199617,0 4.880874256205866,43.44237661330775,0 4.880608964346458,43.442241743204725,0 4.880315447994062,43.4421423694255,0 4.880002625077276,43.442081511211555,0 4.87968,43.44206101759112,0 4.879357374922724,43.442081511211555,0 4.879044552005938,43.4421423694255,0 4.878751035653542,43.442241743204725,0 4.878485743794133,43.44237661330775,0 4.8782567369645875,43.44254288199617,0 4.878070973421503,43.442735497515656,0 4.8779340977181045,43.44294860756256,0 4.877850269170586,43.44317573707649,0 4.8778220354290776,43.44340998495989,0 4.877850255000789,43.443644233750334,0 4.877934071087595,43.44387136587594,0 4.878070937542315,43.444084479924186,0 4.878256696164281,43.44427710035204,0 4.878485702993827,43.44444337426383,0 4.878750999774355,43.444578249275224,0 4.879044525375429,43.44467762705578,0 4.879357360752925,43.44473848788141,0 4.87968,43.44475898240888,0</coordinates>
          </LinearRing>
        </outerBoundaryIs>
      </Polygon>
    </Placemark>
    <Placemark>
      <styleUrl>#pink</styleUrl>
      <name />
      <description>
    &lt;![CDATA[
    &lt;h2&gt;🔥 Incendio activo&lt;/h2&gt;

    &lt;table border="0" cellpadding="4"&gt;

        &lt;tr&gt;
            &lt;td&gt;&lt;b&gt;Focos agrupados&lt;/b&gt;&lt;/td&gt;
            &lt;td&gt;1&lt;/td&gt;
        &lt;/tr&gt;

        &lt;tr&gt;
            &lt;td&gt;&lt;b&gt;FRP máximo&lt;/b&gt;&lt;/td&gt;
            &lt;td&gt;2.1 MW&lt;/td&gt;
        &lt;/tr&gt;

        &lt;tr&gt;
            &lt;td&gt;&lt;b&gt;Confianza&lt;/b&gt;&lt;/td&gt;
            &lt;td&gt;Baja&lt;/td&gt;
        &lt;/tr&gt;

        &lt;tr&gt;
            &lt;td&gt;&lt;b&gt;Fecha&lt;/b&gt;&lt;/td&gt;
            &lt;td&gt;2026-09-30&lt;/td&gt;
        &lt;/tr&gt;

        &lt;tr&gt;
            &lt;td&gt;&lt;b&gt;Hora&lt;/b&gt;&lt;/td&gt;
            &lt;td&gt;113 UTC&lt;/td&gt;
        &lt;/tr&gt;

        &lt;tr&gt;
            &lt;td&gt;&lt;b&gt;Satélite&lt;/b&gt;&lt;/td&gt;
            &lt;td&gt;N20&lt;/td&gt;
        &lt;/tr&gt;

        &lt;tr&gt;
            &lt;td&gt;&lt;b&gt;Instrumento&lt;/b&gt;&lt;/td&gt;
            &lt;td&gt;VIIRS&lt;/td&gt;
        &lt;/tr&gt;

        &lt;tr&gt;
            &lt;td&gt;&lt;b&gt;Población más cercana&lt;/b&gt;&lt;/td&gt;
            &lt;td&gt;Portbou&lt;/td&gt;
        &lt;/tr&gt;

        &lt;tr&gt;
            &lt;td&gt;&lt;b&gt;Distancia&lt;/b&gt;&lt;/td&gt;
            &lt;td&gt;179.8 km&lt;/td&gt;
        &lt;/tr&gt;

        &lt;tr&gt;
            &lt;td&gt;&lt;b&gt;Latitud&lt;/b&gt;&lt;/td&gt;
            &lt;td&gt;43.443410&lt;/td&gt;
        &lt;/tr&gt;

        &lt;tr&gt;
            &lt;td&gt;&lt;b&gt;Longitud&lt;/b&gt;&lt;/td&gt;
            &lt;td&gt;4.879680&lt;/td&gt;
        &lt;/tr&gt;

    &lt;/table&gt;

    ]]&gt;
    </description>
      <Point>
        <coordinates>4.87968,43.44341,0</coordinates>
      </Point>
    </Placemark>
    <Placemark>
      <styleUrl>#area_amarilla</styleUrl>
      <Polygon>
        <outerBoundaryIs>
          <LinearRing>
            <coordinates>4.47269,35.71054898240887,0 4.47297849159974,35.71052848799073,0 4.473258217094337,35.71046762747985,0 4.4735206767846485,35.71036825018152,0 4.4737578956826205,35.71023337576166,0 4.473962665861412,35.710067102479364,0 4.474128765482778,35.70987448264303,0 4.474251147844476,35.70966136907698,0 4.474326094703571,35.7094342372661,0 4.474351329219208,35.70919998858495,0 4.474326085087248,35.708965740592205,0 4.474251129771701,35.708738610763525,0 4.474128741133396,35.70852550023439,0 4.473962638172314,35.70833288412339,0 4.473757867993523,35.708166614805485,0 4.473520652435265,35.708031744110954,0 4.473258199021561,35.70793236984954,0 4.472978481983418,35.70787151132086,0 4.47269,35.707851017591125,0 4.472401518016582,35.70787151132086,0 4.472121800978439,35.70793236984954,0 4.4718593475647355,35.708031744110954,0 4.471622132006476,35.708166614805485,0 4.471417361827686,35.70833288412339,0 4.471251258866605,35.70852550023439,0 4.4711288702282985,35.708738610763525,0 4.471053914912752,35.708965740592205,0 4.471028670780792,35.70919998858495,0 4.471053905296429,35.7094342372661,0 4.471128852155523,35.70966136907698,0 4.471251234517221,35.70987448264303,0 4.4714173341385886,35.710067102479364,0 4.47162210431738,35.71023337576166,0 4.471859323215352,35.71036825018152,0 4.472121782905663,35.71046762747985,0 4.47240150840026,35.71052848799073,0 4.47269,35.71054898240887,0</coordinates>
          </LinearRing>
        </outerBoundaryIs>
      </Polygon>
    </Placemark>
    <Placemark>
      <styleUrl>#pink</styleUrl>
      <name />
      <description>
    &lt;![CDATA[
    &lt;h2&gt;🔥 Incendio activo&lt;/h2&gt;

    &lt;table border="0" cellpadding="4"&gt;

        &lt;tr&gt;
            &lt;td&gt;&lt;b&gt;Focos agrupados&lt;/b&gt;&lt;/td&gt;
            &lt;td&gt;1&lt;/td&gt;
        &lt;/tr&gt;

        &lt;tr&gt;
            &lt;td&gt;&lt;b&gt;FRP máximo&lt;/b&gt;&lt;/td&gt;
            &lt;td&gt;1.0 MW&lt;/td&gt;
        &lt;/tr&gt;

        &lt;tr&gt;
            &lt;td&gt;&lt;b&gt;Confianza&lt;/b&gt;&lt;/td&gt;
            &lt;td&gt;Baja&lt;/td&gt;
        &lt;/tr&gt;

        &lt;tr&gt;
            &lt;td&gt;&lt;b&gt;Fecha&lt;/b&gt;&lt;/td&gt;
            &lt;td&gt;2026-09-30&lt;/td&gt;
        &lt;/tr&gt;

        &lt;tr&gt;
            &lt;td&gt;&lt;b&gt;Hora&lt;/b&gt;&lt;/td&gt;
            &lt;td&gt;115 UTC&lt;/td&gt;
        &lt;/tr&gt;

        &lt;tr&gt;
            &lt;td&gt;&lt;b&gt;Satélite&lt;/b&gt;&lt;/td&gt;
            &lt;td&gt;N20&lt;/td&gt;
        &lt;/tr&gt;

        &lt;tr&gt;
            &lt;td&gt;&lt;b&gt;Instrumento&lt;/b&gt;&lt;/td&gt;
            &lt;td&gt;VIIRS&lt;/td&gt;
        &lt;/tr&gt;

        &lt;tr&gt;
            &lt;td&gt;&lt;b&gt;Población más cercana&lt;/b&gt;&lt;/td&gt;
            &lt;td&gt;Santanyí&lt;/td&gt;
        &lt;/tr&gt;

        &lt;tr&gt;
            &lt;td&gt;&lt;b&gt;Distancia&lt;/b&gt;&lt;/td&gt;
            &lt;td&gt;422.3 km&lt;/td&gt;
        &lt;/tr&gt;

        &lt;tr&gt;
            &lt;td&gt;&lt;b&gt;Latitud&lt;/b&gt;&lt;/td&gt;
            &lt;td&gt;35.709200&lt;/td&gt;
        &lt;/tr&gt;

        &lt;tr&gt;
            &lt;td&gt;&lt;b&gt;Longitud&lt;/b&gt;&lt;/td&gt;
            &lt;td&gt;4.472690&lt;/td&gt;
        &lt;/tr&gt;

    &lt;/table&gt;

    ]]&gt;
    </description>
      <Point>
        <coordinates>4.47269,35.7092,0</coordinates>
      </Point>
    </Placemark>
    <Placemark>
      <styleUrl>#area_amarilla</styleUrl>
      <Polygon>
        <outerBoundaryIs>
          <LinearRing>
            <coordinates>1.237085,36.13173303912703,0 1.2374490044226965,36.131707317507804,0 1.2378019480574332,36.13163093423822,0 1.2381331062768652,36.13150621032834,0 1.238432416550653,36.13133693567023,0 1.2386907842452872,36.131128253857604,0 1.238900358989149,36.13088650586787,0 1.2390547732020656,36.130619037360226,0 1.2391493355417729,36.130333975449105,0 1.2391811733930314,36.13003998173946,0 1.2391493200765709,36.129745989131074,0 1.2390547441369932,36.12946093039085,0 1.238900319829883,36.12919346674133,0 1.238690739715013,36.12895172471095,0 1.2384323720203787,36.12874304924015,0 1.238133067117599,36.1285737805414,0 1.237801918992361,36.12844906148963,0 1.2374489889574947,36.12837268139096,0 1.237085,36.128346960872975,0 1.2367210110425053,36.12837268139096,0 1.236368081007639,36.12844906148963,0 1.236036932882401,36.1285737805414,0 1.2357376279796213,36.12874304924015,0 1.235479260284987,36.12895172471095,0 1.235269680170117,36.12919346674133,0 1.235115255863007,36.12946093039085,0 1.2350206799234291,36.129745989131074,0 1.2349888266069686,36.13003998173946,0 1.2350206644582271,36.130333975449105,0 1.2351152267979344,36.130619037360226,0 1.2352696410108512,36.13088650586787,0 1.2354792157547128,36.131128253857604,0 1.2357375834493471,36.13133693567023,0 1.2360368937231347,36.13150621032834,0 1.2363680519425668,36.13163093423822,0 1.2367209955773035,36.131707317507804,0 1.237085,36.13173303912703,0</coordinates>
          </LinearRing>
        </outerBoundaryIs>
      </Polygon>
    </Placemark>
    <Placemark>
      <styleUrl>#pink</styleUrl>
      <name />
      <description>
    &lt;![CDATA[
    &lt;h2&gt;🔥 Incendio activo&lt;/h2&gt;

    &lt;table border="0" cellpadding="4"&gt;

        &lt;tr&gt;
            &lt;td&gt;&lt;b&gt;Focos agrupados&lt;/b&gt;&lt;/td&gt;
            &lt;td&gt;2&lt;/td&gt;
        &lt;/tr&gt;

        &lt;tr&gt;
            &lt;td&gt;&lt;b&gt;FRP máximo&lt;/b&gt;&lt;/td&gt;
            &lt;td&gt;2.0 MW&lt;/td&gt;
        &lt;/tr&gt;

        &lt;tr&gt;
            &lt;td&gt;&lt;b&gt;Confianza&lt;/b&gt;&lt;/td&gt;
            &lt;td&gt;Baja&lt;/td&gt;
        &lt;/tr&gt;

        &lt;tr&gt;
            &lt;td&gt;&lt;b&gt;Fecha&lt;/b&gt;&lt;/td&gt;
            &lt;td&gt;2026-09-30&lt;/td&gt;
        &lt;/tr&gt;

        &lt;tr&gt;
            &lt;td&gt;&lt;b&gt;Hora&lt;/b&gt;&lt;/td&gt;
            &lt;td&gt;258 UTC&lt;/td&gt;
        &lt;/tr&gt;

        &lt;tr&gt;
            &lt;td&gt;&lt;b&gt;Satélite&lt;/b&gt;&lt;/td&gt;
            &lt;td&gt;N20&lt;/td&gt;
        &lt;/tr&gt;

        &lt;tr&gt;
            &lt;td&gt;&lt;b&gt;Instrumento&lt;/b&gt;&lt;/td&gt;
            &lt;td&gt;VIIRS&lt;/td&gt;
        &lt;/tr&gt;

        &lt;tr&gt;
            &lt;td&gt;&lt;b&gt;Población más cercana&lt;/b&gt;&lt;/td&gt;
            &lt;td&gt;La Unión&lt;/td&gt;
        &lt;/tr&gt;

        &lt;tr&gt;
            &lt;td&gt;&lt;b&gt;Distancia&lt;/b&gt;&lt;/td&gt;
            &lt;td&gt;250.5 km&lt;/td&gt;
        &lt;/tr&gt;

        &lt;tr&gt;
            &lt;td&gt;&lt;b&gt;Latitud&lt;/b&gt;&lt;/td&gt;
            &lt;td&gt;36.130040&lt;/td&gt;
        &lt;/tr&gt;

        &lt;tr&gt;
            &lt;td&gt;&lt;b&gt;Longitud&lt;/b&gt;&lt;/td&gt;
            &lt;td&gt;1.237085&lt;/td&gt;
        &lt;/tr&gt;

    &lt;/table&gt;

    ]]&gt;
    </description>
      <Point>
        <coordinates>1.237085,36.13004,0</coordinates>
      </Point>
    </Placemark>
    <Placemark>
      <styleUrl>#area_amarilla</styleUrl>
      <Polygon>
        <outerBoundaryIs>
          <LinearRing>
            <coordinates>2.92557,36.14036898240888,0 2.925860063963903,36.14034848798525,0 2.926141314037866,36.140287627458605,0 2.9264052041909907,36.1401882501361,0 2.926643715965257,36.1400533756866,0 2.9268496021472026,36.13988710237276,0 2.9270166069893913,36.13969448250678,0 2.9271396562881353,36.13948136891657,0 2.9272150115420312,36.13925423708992,0 2.92724038350954,36.139019988403284,0 2.927215001719423,36.13878574041601,0 2.927139637827671,36.138558610603106,0 2.9270165821176755,36.13834550009814,0 2.9268495738641307,36.138152884016776,0 2.926643687682186,36.13798661473043,0 2.9264051793192745,36.13785174406554,0 2.9261412955774015,36.137752369828284,0 2.9258600541412956,36.13769151131538,0 2.92557,36.13767101759112,0 2.9252799458587044,36.13769151131538,0 2.9249987044225985,36.137752369828284,0 2.9247348206807255,36.13785174406554,0 2.9244963123178143,36.13798661473043,0 2.9242904261358698,36.138152884016776,0 2.9241234178823245,36.13834550009814,0 2.924000362172329,36.138558610603106,0 2.923924998280577,36.13878574041601,0 2.9238996164904605,36.139019988403284,0 2.923924988457969,36.13925423708992,0 2.9240003437118647,36.13948136891657,0 2.9241233930106088,36.13969448250678,0 2.924290397852798,36.13988710237276,0 2.924496284034743,36.1400533756866,0 2.9247347958090097,36.1401882501361,0 2.924998685962134,36.140287627458605,0 2.925279936036097,36.14034848798525,0 2.92557,36.14036898240888,0</coordinates>
          </LinearRing>
        </outerBoundaryIs>
      </Polygon>
    </Placemark>
    <Placemark>
      <styleUrl>#pink</styleUrl>
      <name />
      <description>
    &lt;![CDATA[
    &lt;h2&gt;🔥 Incendio activo&lt;/h2&gt;

    &lt;table border="0" cellpadding="4"&gt;

        &lt;tr&gt;
            &lt;td&gt;&lt;b&gt;Focos agrupados&lt;/b&gt;&lt;/td&gt;
            &lt;td&gt;1&lt;/td&gt;
        &lt;/tr&gt;

        &lt;tr&gt;
            &lt;td&gt;&lt;b&gt;FRP máximo&lt;/b&gt;&lt;/td&gt;
            &lt;td&gt;0.4 MW&lt;/td&gt;
        &lt;/tr&gt;

        &lt;tr&gt;
            &lt;td&gt;&lt;b&gt;Confianza&lt;/b&gt;&lt;/td&gt;
            &lt;td&gt;Baja&lt;/td&gt;
        &lt;/tr&gt;

        &lt;tr&gt;
            &lt;td&gt;&lt;b&gt;Fecha&lt;/b&gt;&lt;/td&gt;
            &lt;td&gt;2026-09-30&lt;/td&gt;
        &lt;/tr&gt;

        &lt;tr&gt;
            &lt;td&gt;&lt;b&gt;Hora&lt;/b&gt;&lt;/td&gt;
            &lt;td&gt;115 UTC&lt;/td&gt;
        &lt;/tr&gt;

        &lt;tr&gt;
            &lt;td&gt;&lt;b&gt;Satélite&lt;/b&gt;&lt;/td&gt;
            &lt;td&gt;N20&lt;/td&gt;
        &lt;/tr&gt;

        &lt;tr&gt;
            &lt;td&gt;&lt;b&gt;Instrumento&lt;/b&gt;&lt;/td&gt;
            &lt;td&gt;VIIRS&lt;/td&gt;
        &lt;/tr&gt;

        &lt;tr&gt;
            &lt;td&gt;&lt;b&gt;Población más cercana&lt;/b&gt;&lt;/td&gt;
            &lt;td&gt;Formentera&lt;/td&gt;
        &lt;/tr&gt;

        &lt;tr&gt;
            &lt;td&gt;&lt;b&gt;Distancia&lt;/b&gt;&lt;/td&gt;
            &lt;td&gt;314.5 km&lt;/td&gt;
        &lt;/tr&gt;

        &lt;tr&gt;
            &lt;td&gt;&lt;b&gt;Latitud&lt;/b&gt;&lt;/td&gt;
            &lt;td&gt;36.139020&lt;/td&gt;
        &lt;/tr&gt;

        &lt;tr&gt;
            &lt;td&gt;&lt;b&gt;Longitud&lt;/b&gt;&lt;/td&gt;
            &lt;td&gt;2.925570&lt;/td&gt;
        &lt;/tr&gt;

    &lt;/table&gt;

    ]]&gt;
    </description>
      <Point>
        <coordinates>2.92557,36.13902,0</coordinates>
      </Point>
    </Placemark>
    <Placemark>
      <styleUrl>#area_amarilla</styleUrl>
      <Polygon>
        <outerBoundaryIs>
          <LinearRing>
            <coordinates>-4.05628,38.667898982408886,0 -4.055979981949647,38.66787848795176,0 -4.055689080298222,38.66781762732868,0 -4.055416134386901,38.667718249858446,0 -4.055169437866908,38.66758337522771,0 -4.0549564866615935,38.66741710172101,0 -4.054783751185545,38.6672244816738,0 -4.054656479744333,38.66701136793586,0 -4.054578539088438,38.66678423601278,0 -4.0545522969635535,38.66654998729266,0 -4.054578550221104,38.66631573933889,0 -4.0546565006669,38.66608860962242,0 -4.0547837793744455,38.6658754992652,0 -4.0549565187168275,38.66568288336506,0 -4.055169469922143,38.66551661427157,0 -4.055416162575801,38.665381743787904,0 -4.055689101220791,38.665282369698375,0 -4.055979993082313,38.6652215112819,0 -4.05628,38.66520101759112,0 -4.056580006917687,38.6652215112819,0 -4.056870898779209,38.665282369698375,0 -4.057143837424199,38.665381743787904,0 -4.057390530077857,38.66551661427157,0 -4.057603481283172,38.66568288336506,0 -4.057776220625554,38.6658754992652,0 -4.057903499333099,38.66608860962242,0 -4.057981449778896,38.66631573933889,0 -4.058007703036446,38.66654998729266,0 -4.057981460911562,38.66678423601278,0 -4.0579035202556675,38.66701136793586,0 -4.057776248814454,38.6672244816738,0 -4.057603513338406,38.66741710172101,0 -4.057390562133092,38.66758337522771,0 -4.057143865613099,38.667718249858446,0 -4.056870919701777,38.66781762732868,0 -4.056580018050353,38.66787848795176,0 -4.05628,38.667898982408886,0</coordinates>
          </LinearRing>
        </outerBoundaryIs>
      </Polygon>
    </Placemark>
    <Placemark>
      <styleUrl>#pink</styleUrl>
      <name />
      <description>
    &lt;![CDATA[
    &lt;h2&gt;🔥 Incendio activo&lt;/h2&gt;

    &lt;table border="0" cellpadding="4"&gt;

        &lt;tr&gt;
            &lt;td&gt;&lt;b&gt;Focos agrupados&lt;/b&gt;&lt;/td&gt;
            &lt;td&gt;1&lt;/td&gt;
        &lt;/tr&gt;

        &lt;tr&gt;
            &lt;td&gt;&lt;b&gt;FRP máximo&lt;/b&gt;&lt;/td&gt;
            &lt;td&gt;1.8 MW&lt;/td&gt;
        &lt;/tr&gt;

        &lt;tr&gt;
            &lt;td&gt;&lt;b&gt;Confianza&lt;/b&gt;&lt;/td&gt;
            &lt;td&gt;Baja&lt;/td&gt;
        &lt;/tr&gt;

        &lt;tr&gt;
            &lt;td&gt;&lt;b&gt;Fecha&lt;/b&gt;&lt;/td&gt;
            &lt;td&gt;2026-09-30&lt;/td&gt;
        &lt;/tr&gt;

        &lt;tr&gt;
            &lt;td&gt;&lt;b&gt;Hora&lt;/b&gt;&lt;/td&gt;
            &lt;td&gt;115 UTC&lt;/td&gt;
        &lt;/tr&gt;

        &lt;tr&gt;
            &lt;td&gt;&lt;b&gt;Satélite&lt;/b&gt;&lt;/td&gt;
            &lt;td&gt;N20&lt;/td&gt;
        &lt;/tr&gt;

        &lt;tr&gt;
            &lt;td&gt;&lt;b&gt;Instrumento&lt;/b&gt;&lt;/td&gt;
            &lt;td&gt;VIIRS&lt;/td&gt;
        &lt;/tr&gt;

        &lt;tr&gt;
            &lt;td&gt;&lt;b&gt;Población más cercana&lt;/b&gt;&lt;/td&gt;
            &lt;td&gt;Puertollano&lt;/td&gt;
        &lt;/tr&gt;

        &lt;tr&gt;
            &lt;td&gt;&lt;b&gt;Distancia&lt;/b&gt;&lt;/td&gt;
            &lt;td&gt;5.3 km&lt;/td&gt;
        &lt;/tr&gt;

        &lt;tr&gt;
            &lt;td&gt;&lt;b&gt;Latitud&lt;/b&gt;&lt;/td&gt;
            &lt;td&gt;38.666550&lt;/td&gt;
        &lt;/tr&gt;

        &lt;tr&gt;
            &lt;td&gt;&lt;b&gt;Longitud&lt;/b&gt;&lt;/td&gt;
            &lt;td&gt;-4.056280&lt;/td&gt;
        &lt;/tr&gt;

    &lt;/table&gt;

    ]]&gt;
    </description>
      <Point>
        <coordinates>-4.05628,38.66655,0</coordinates>
      </Point>
    </Placemark>
    <Placemark>
      <styleUrl>#area_amarilla</styleUrl>
      <Polygon>
        <outerBoundaryIs>
          <LinearRing>
            <coordinates>-4.05558,38.67424898240888,0 -4.055279955337344,38.67422848795167,0 -4.054989027882378,38.67416762732834,0 -4.05471605776044,38.674068249857704,0 -4.054469339358491,38.67393337522652,0 -4.054256369264803,38.67376710171931,0 -4.054083618467883,38.67357448167163,0 -4.053956335738757,38.67336136793331,0 -4.0538783881707845,38.67313423600998,0 -4.053852143719538,38.67289998728977,0 -4.053878399306968,38.67266573933609,0 -4.053956356667935,38.67243860961986,0 -4.0540836466656875,38.67222549926303,0 -4.054256401330164,38.67203288336336,0 -4.054469371423851,38.67186661427037,0 -4.054716085958245,38.67173174378718,0 -4.054989048811556,38.67163236969804,0 -4.0552799664735275,38.671571511281805,0 -4.05558,38.67155101759112,0 -4.055880033526472,38.671571511281805,0 -4.056170951188444,38.67163236969804,0 -4.056443914041755,38.67173174378718,0 -4.056690628576149,38.67186661427037,0 -4.056903598669836,38.67203288336336,0 -4.057076353334312,38.67222549926303,0 -4.057203643332065,38.67243860961986,0 -4.057281600693032,38.67266573933609,0 -4.057307856280462,38.67289998728977,0 -4.057281611829215,38.67313423600998,0 -4.057203664261243,38.67336136793331,0 -4.057076381532117,38.67357448167163,0 -4.056903630735197,38.67376710171931,0 -4.056690660641509,38.67393337522652,0 -4.05644394223956,38.674068249857704,0 -4.056170972117622,38.67416762732834,0 -4.055880044662656,38.67422848795167,0 -4.05558,38.67424898240888,0</coordinates>
          </LinearRing>
        </outerBoundaryIs>
      </Polygon>
    </Placemark>
    <Placemark>
      <styleUrl>#pink</styleUrl>
      <name />
      <description>
    &lt;![CDATA[
    &lt;h2&gt;🔥 Incendio activo&lt;/h2&gt;

    &lt;table border="0" cellpadding="4"&gt;

        &lt;tr&gt;
            &lt;td&gt;&lt;b&gt;Focos agrupados&lt;/b&gt;&lt;/td&gt;
            &lt;td&gt;1&lt;/td&gt;
        &lt;/tr&gt;

        &lt;tr&gt;
            &lt;td&gt;&lt;b&gt;FRP máximo&lt;/b&gt;&lt;/td&gt;
            &lt;td&gt;1.8 MW&lt;/td&gt;
        &lt;/tr&gt;

        &lt;tr&gt;
            &lt;td&gt;&lt;b&gt;Confianza&lt;/b&gt;&lt;/td&gt;
            &lt;td&gt;Baja&lt;/td&gt;
        &lt;/tr&gt;

        &lt;tr&gt;
            &lt;td&gt;&lt;b&gt;Fecha&lt;/b&gt;&lt;/td&gt;
            &lt;td&gt;2026-09-30&lt;/td&gt;
        &lt;/tr&gt;

        &lt;tr&gt;
            &lt;td&gt;&lt;b&gt;Hora&lt;/b&gt;&lt;/td&gt;
            &lt;td&gt;115 UTC&lt;/td&gt;
        &lt;/tr&gt;

        &lt;tr&gt;
            &lt;td&gt;&lt;b&gt;Satélite&lt;/b&gt;&lt;/td&gt;
            &lt;td&gt;N20&lt;/td&gt;
        &lt;/tr&gt;

        &lt;tr&gt;
            &lt;td&gt;&lt;b&gt;Instrumento&lt;/b&gt;&lt;/td&gt;
            &lt;td&gt;VIIRS&lt;/td&gt;
        &lt;/tr&gt;

        &lt;tr&gt;
            &lt;td&gt;&lt;b&gt;Población más cercana&lt;/b&gt;&lt;/td&gt;
            &lt;td&gt;Puertollano&lt;/td&gt;
        &lt;/tr&gt;

        &lt;tr&gt;
            &lt;td&gt;&lt;b&gt;Distancia&lt;/b&gt;&lt;/td&gt;
            &lt;td&gt;5.1 km&lt;/td&gt;
        &lt;/tr&gt;

        &lt;tr&gt;
            &lt;td&gt;&lt;b&gt;Latitud&lt;/b&gt;&lt;/td&gt;
            &lt;td&gt;38.672900&lt;/td&gt;
        &lt;/tr&gt;

        &lt;tr&gt;
            &lt;td&gt;&lt;b&gt;Longitud&lt;/b&gt;&lt;/td&gt;
            &lt;td&gt;-4.055580&lt;/td&gt;
        &lt;/tr&gt;

    &lt;/table&gt;

    ]]&gt;
    </description>
      <Point>
        <coordinates>-4.05558,38.6729,0</coordinates>
      </Point>
    </Placemark>
    <Placemark>
      <styleUrl>#area_amarilla</styleUrl>
      <Polygon>
        <outerBoundaryIs>
          <LinearRing>
            <coordinates>1.77378,42.715608982408874,0 1.7740988223124365,42.71558848789283,0 1.7744079567543989,42.715527627100094,0 1.77469800989074,42.71542824936993,0 1.7749601682017409,42.715293374420355,0 1.7751864659259275,42.71512710057435,0 1.7753700271214952,42.714934480208306,0 1.7755052745883115,42.714721366210455,0 1.7755880993025148,42.71449423411774,0 1.775615985218632,42.714259985338714,0 1.7755880856530233,42.71402573744388,0 1.7755052489356584,42.71379860789706,0 1.7753699925597688,42.71358549779976,0 1.7751864266237827,42.71339288221846,0 1.774960128899596,42.71322661346426,0 1.774697975329014,42.71309174329942,0 1.7744079311017456,42.71299236946981,0 1.7740988086629448,42.712931511222976,0 1.77378,42.71291101759112,0 1.773461191337055,42.712931511222976,0 1.7731520688982543,42.71299236946981,0 1.7728620246709859,42.71309174329942,0 1.7725998711004038,42.71322661346426,0 1.7723735733762171,42.71339288221846,0 1.772190007440231,42.71358549779976,0 1.7720547510643414,42.71379860789706,0 1.7719719143469765,42.71402573744388,0 1.7719440147813679,42.714259985338714,0 1.7719719006974848,42.71449423411774,0 1.7720547254116883,42.714721366210455,0 1.7721899728785049,42.714934480208306,0 1.7723735340740723,42.71512710057435,0 1.772599831798259,42.715293374420355,0 1.77286199010926,42.71542824936993,0 1.7731520432456012,42.715527627100094,0 1.7734611776875633,42.71558848789283,0 1.77378,42.715608982408874,0</coordinates>
          </LinearRing>
        </outerBoundaryIs>
      </Polygon>
    </Placemark>
    <Placemark>
      <styleUrl>#pink</styleUrl>
      <name />
      <description>
    &lt;![CDATA[
    &lt;h2&gt;🔥 Incendio activo&lt;/h2&gt;

    &lt;table border="0" cellpadding="4"&gt;

        &lt;tr&gt;
            &lt;td&gt;&lt;b&gt;Focos agrupados&lt;/b&gt;&lt;/td&gt;
            &lt;td&gt;1&lt;/td&gt;
        &lt;/tr&gt;

        &lt;tr&gt;
            &lt;td&gt;&lt;b&gt;FRP máximo&lt;/b&gt;&lt;/td&gt;
            &lt;td&gt;1.6 MW&lt;/td&gt;
        &lt;/tr&gt;

        &lt;tr&gt;
            &lt;td&gt;&lt;b&gt;Confianza&lt;/b&gt;&lt;/td&gt;
            &lt;td&gt;Baja&lt;/td&gt;
        &lt;/tr&gt;

        &lt;tr&gt;
            &lt;td&gt;&lt;b&gt;Fecha&lt;/b&gt;&lt;/td&gt;
            &lt;td&gt;2026-09-30&lt;/td&gt;
        &lt;/tr&gt;

        &lt;tr&gt;
            &lt;td&gt;&lt;b&gt;Hora&lt;/b&gt;&lt;/td&gt;
            &lt;td&gt;115 UTC&lt;/td&gt;
        &lt;/tr&gt;

        &lt;tr&gt;
            &lt;td&gt;&lt;b&gt;Satélite&lt;/b&gt;&lt;/td&gt;
            &lt;td&gt;N20&lt;/td&gt;
        &lt;/tr&gt;

        &lt;tr&gt;
            &lt;td&gt;&lt;b&gt;Instrumento&lt;/b&gt;&lt;/td&gt;
            &lt;td&gt;VIIRS&lt;/td&gt;
        &lt;/tr&gt;

        &lt;tr&gt;
            &lt;td&gt;&lt;b&gt;Población más cercana&lt;/b&gt;&lt;/td&gt;
            &lt;td&gt;Meranges&lt;/td&gt;
        &lt;/tr&gt;

        &lt;tr&gt;
            &lt;td&gt;&lt;b&gt;Distancia&lt;/b&gt;&lt;/td&gt;
            &lt;td&gt;29.7 km&lt;/td&gt;
        &lt;/tr&gt;

        &lt;tr&gt;
            &lt;td&gt;&lt;b&gt;Latitud&lt;/b&gt;&lt;/td&gt;
            &lt;td&gt;42.714260&lt;/td&gt;
        &lt;/tr&gt;

        &lt;tr&gt;
            &lt;td&gt;&lt;b&gt;Longitud&lt;/b&gt;&lt;/td&gt;
            &lt;td&gt;1.773780&lt;/td&gt;
        &lt;/tr&gt;

    &lt;/table&gt;

    ]]&gt;
    </description>
      <Point>
        <coordinates>1.77378,42.71426,0</coordinates>
      </Point>
    </Placemark>
    <Placemark>
      <styleUrl>#area_amarilla</styleUrl>
      <Polygon>
        <outerBoundaryIs>
          <LinearRing>
            <coordinates>1.47189,42.906748982408885,0 1.4722098091258773,42.90672848788988,0 1.4725199003913996,42.906667627088595,0 1.4728108512834968,42.90656824934533,0 1.473073821000644,42.906433374379695,0 1.4733008191251002,42.906267100516594,0 1.4734849484337529,42.90607448013449,0 1.4736206144667447,42.90586136612354,0 1.4737036954862437,42.90563423402229,0 1.4737316676643935,42.905399985240294,0 1.4737036817025795,42.90516573734842,0 1.4736205885619296,42.90493860781016,0 1.4734849135322898,42.904725497725956,0 1.4733007794366206,42.9045328821607,0 1.4730737813121646,42.904366613423605,0 1.4728108163820337,42.90423174327483,0 1.4725198744865844,42.9041323694583,0 1.472209795342213,42.90407151122002,0 1.47189,42.90405101759113,0 1.4715702046577868,42.90407151122002,0 1.4712601255134155,42.9041323694583,0 1.4709691836179661,42.90423174327483,0 1.4707062186878352,42.904366613423605,0 1.4704792205633794,42.9045328821607,0 1.47029508646771,42.904725497725956,0 1.4701594114380703,42.90493860781016,0 1.4700763182974204,42.90516573734842,0 1.4700483323356064,42.905399985240294,0 1.4700763045137561,42.90563423402229,0 1.470159385533255,42.90586136612354,0 1.4702950515662472,42.90607448013449,0 1.4704791808748998,42.906267100516594,0 1.4707061789993559,42.906433374379695,0 1.470969148716503,42.90656824934533,0 1.4712600996086003,42.906667627088595,0 1.4715701908741226,42.90672848788988,0 1.47189,42.906748982408885,0</coordinates>
          </LinearRing>
        </outerBoundaryIs>
      </Polygon>
    </Placemark>
    <Placemark>
      <styleUrl>#pink</styleUrl>
      <name />
      <description>
    &lt;![CDATA[
    &lt;h2&gt;🔥 Incendio activo&lt;/h2&gt;

    &lt;table border="0" cellpadding="4"&gt;

        &lt;tr&gt;
            &lt;td&gt;&lt;b&gt;Focos agrupados&lt;/b&gt;&lt;/td&gt;
            &lt;td&gt;1&lt;/td&gt;
        &lt;/tr&gt;

        &lt;tr&gt;
            &lt;td&gt;&lt;b&gt;FRP máximo&lt;/b&gt;&lt;/td&gt;
            &lt;td&gt;4.8 MW&lt;/td&gt;
        &lt;/tr&gt;

        &lt;tr&gt;
            &lt;td&gt;&lt;b&gt;Confianza&lt;/b&gt;&lt;/td&gt;
            &lt;td&gt;Baja&lt;/td&gt;
        &lt;/tr&gt;

        &lt;tr&gt;
            &lt;td&gt;&lt;b&gt;Fecha&lt;/b&gt;&lt;/td&gt;
            &lt;td&gt;2026-09-30&lt;/td&gt;
        &lt;/tr&gt;

        &lt;tr&gt;
            &lt;td&gt;&lt;b&gt;Hora&lt;/b&gt;&lt;/td&gt;
            &lt;td&gt;115 UTC&lt;/td&gt;
        &lt;/tr&gt;

        &lt;tr&gt;
            &lt;td&gt;&lt;b&gt;Satélite&lt;/b&gt;&lt;/td&gt;
            &lt;td&gt;N20&lt;/td&gt;
        &lt;/tr&gt;

        &lt;tr&gt;
            &lt;td&gt;&lt;b&gt;Instrumento&lt;/b&gt;&lt;/td&gt;
            &lt;td&gt;VIIRS&lt;/td&gt;
        &lt;/tr&gt;

        &lt;tr&gt;
            &lt;td&gt;&lt;b&gt;Población más cercana&lt;/b&gt;&lt;/td&gt;
            &lt;td&gt;Lladorre&lt;/td&gt;
        &lt;/tr&gt;

        &lt;tr&gt;
            &lt;td&gt;&lt;b&gt;Distancia&lt;/b&gt;&lt;/td&gt;
            &lt;td&gt;36.4 km&lt;/td&gt;
        &lt;/tr&gt;

        &lt;tr&gt;
            &lt;td&gt;&lt;b&gt;Latitud&lt;/b&gt;&lt;/td&gt;
            &lt;td&gt;42.905400&lt;/td&gt;
        &lt;/tr&gt;

        &lt;tr&gt;
            &lt;td&gt;&lt;b&gt;Longitud&lt;/b&gt;&lt;/td&gt;
            &lt;td&gt;1.471890&lt;/td&gt;
        &lt;/tr&gt;

    &lt;/table&gt;

    ]]&gt;
    </description>
      <Point>
        <coordinates>1.47189,42.9054,0</coordinates>
      </Point>
    </Placemark>
    <Placemark>
      <styleUrl>#area_amarilla</styleUrl>
      <Polygon>
        <outerBoundaryIs>
          <LinearRing>
            <coordinates>0.98761,43.187078982408885,0 0.9879312740010446,43.18705848788548,0 0.9882427856232365,43.18699762707157,0 0.9885350691887678,43.18689824930895,0 0.9887992433976271,43.186763374319575,0 0.9890272812310745,43.186597100431214,0 0.9892122538749673,43.186404480025374,0 0.9893485412482614,43.18619136599507,0 0.9894320027398936,43.18596423388119,0 0.9894601029694741,43.18572998509481,0 0.989431988756616,43.185495737207326,0 0.9893485149682961,43.1852686076817,0 0.9892122184680654,43.18505549761684,0 0.9890272409678315,43.184862882075336,0 0.9887992031343839,43.1846966133635,0 0.988535033781866,43.184561743238454,0 0.988242759343271,43.184462369441285,0 0.987931260017767,43.18440151121563,0 0.98761,43.18438101759113,0 0.987288739982233,43.18440151121563,0 0.986977240656729,43.184462369441285,0 0.9866849662181341,43.184561743238454,0 0.9864207968656161,43.1846966133635,0 0.9861927590321685,43.184862882075336,0 0.9860077815319346,43.18505549761684,0 0.985871485031704,43.1852686076817,0 0.985788011243384,43.185495737207326,0 0.9857598970305259,43.18572998509481,0 0.9857879972601064,43.18596423388119,0 0.9858714587517385,43.18619136599507,0 0.9860077461250328,43.186404480025374,0 0.9861927187689254,43.186597100431214,0 0.9864207566023728,43.186763374319575,0 0.9866849308112322,43.18689824930895,0 0.9869772143767634,43.18699762707157,0 0.9872887259989553,43.18705848788548,0 0.98761,43.187078982408885,0</coordinates>
          </LinearRing>
        </outerBoundaryIs>
      </Polygon>
    </Placemark>
    <Placemark>
      <styleUrl>#pink</styleUrl>
      <name />
      <description>
    &lt;![CDATA[
    &lt;h2&gt;🔥 Incendio activo&lt;/h2&gt;

    &lt;table border="0" cellpadding="4"&gt;

        &lt;tr&gt;
            &lt;td&gt;&lt;b&gt;Focos agrupados&lt;/b&gt;&lt;/td&gt;
            &lt;td&gt;1&lt;/td&gt;
        &lt;/tr&gt;

        &lt;tr&gt;
            &lt;td&gt;&lt;b&gt;FRP máximo&lt;/b&gt;&lt;/td&gt;
            &lt;td&gt;0.4 MW&lt;/td&gt;
        &lt;/tr&gt;

        &lt;tr&gt;
            &lt;td&gt;&lt;b&gt;Confianza&lt;/b&gt;&lt;/td&gt;
            &lt;td&gt;Baja&lt;/td&gt;
        &lt;/tr&gt;

        &lt;tr&gt;
            &lt;td&gt;&lt;b&gt;Fecha&lt;/b&gt;&lt;/td&gt;
            &lt;td&gt;2026-09-30&lt;/td&gt;
        &lt;/tr&gt;

        &lt;tr&gt;
            &lt;td&gt;&lt;b&gt;Hora&lt;/b&gt;&lt;/td&gt;
            &lt;td&gt;115 UTC&lt;/td&gt;
        &lt;/tr&gt;

        &lt;tr&gt;
            &lt;td&gt;&lt;b&gt;Satélite&lt;/b&gt;&lt;/td&gt;
            &lt;td&gt;N20&lt;/td&gt;
        &lt;/tr&gt;

        &lt;tr&gt;
            &lt;td&gt;&lt;b&gt;Instrumento&lt;/b&gt;&lt;/td&gt;
            &lt;td&gt;VIIRS&lt;/td&gt;
        &lt;/tr&gt;

        &lt;tr&gt;
            &lt;td&gt;&lt;b&gt;Población más cercana&lt;/b&gt;&lt;/td&gt;
            &lt;td&gt;Canejan&lt;/td&gt;
        &lt;/tr&gt;

        &lt;tr&gt;
            &lt;td&gt;&lt;b&gt;Distancia&lt;/b&gt;&lt;/td&gt;
            &lt;td&gt;43.6 km&lt;/td&gt;
        &lt;/tr&gt;

        &lt;tr&gt;
            &lt;td&gt;&lt;b&gt;Latitud&lt;/b&gt;&lt;/td&gt;
            &lt;td&gt;43.185730&lt;/td&gt;
        &lt;/tr&gt;

        &lt;tr&gt;
            &lt;td&gt;&lt;b&gt;Longitud&lt;/b&gt;&lt;/td&gt;
            &lt;td&gt;0.987610&lt;/td&gt;
        &lt;/tr&gt;

    &lt;/table&gt;

    ]]&gt;
    </description>
      <Point>
        <coordinates>0.98761,43.18573,0</coordinates>
      </Point>
    </Placemark>
    <Placemark>
      <styleUrl>#area_amarilla</styleUrl>
      <Polygon>
        <outerBoundaryIs>
          <LinearRing>
            <coordinates>-0.2584,35.76681898240888,0 -0.2581113044472595,35.766798487990016,0 -0.2578313811978787,35.766737627477085,0 -0.25756873596073787,35.766638250175596,0 -0.25733134936242813,35.76650337575188,0 -0.25712643442569894,35.76633710246548,0 -0.25696021738719027,35.76614448262528,0 -0.2568377485163885,35.76593136905609,0 -0.25676274868397486,35.76570423724315,0 -0.25673749633930953,35.76546998856128,0 -0.25676275832705076,35.765235740569246,0 -0.256837766639443,35.765008610742626,0 -0.25696024180431554,35.76479550021664,0 -0.2571264621918293,35.76460288410949,0 -0.2573313771285585,35.764436614795706,0 -0.25756876037786314,35.76430174410505,0 -0.25783139932093313,35.764202369846764,0 -0.2581113140903354,35.764141511320155,0 -0.2584,35.76412101759112,0 -0.2586886859096647,35.764141511320155,0 -0.25896860067906696,35.764202369846764,0 -0.2592312396221369,35.76430174410505,0 -0.25946862287144157,35.764436614795706,0 -0.2596735378081708,35.76460288410949,0 -0.25983975819568456,35.76479550021664,0 -0.25996223336055707,35.765008610742626,0 -0.26003724167294934,35.765235740569246,0 -0.26006250366069056,35.76546998856128,0 -0.26003725131602523,35.76570423724315,0 -0.2599622514836116,35.76593136905609,0 -0.2598397826128098,35.76614448262528,0 -0.25967356557430116,35.76633710246548,0 -0.25946865063757196,35.76650337575188,0 -0.2592312640392622,35.766638250175596,0 -0.2589686188021214,35.766737627477085,0 -0.2586886955527406,35.766798487990016,0 -0.2584,35.76681898240888,0</coordinates>
          </LinearRing>
        </outerBoundaryIs>
      </Polygon>
    </Placemark>
    <Placemark>
      <styleUrl>#pink</styleUrl>
      <name />
      <description>
    &lt;![CDATA[
    &lt;h2&gt;🔥 Incendio activo&lt;/h2&gt;

    &lt;table border="0" cellpadding="4"&gt;

        &lt;tr&gt;
            &lt;td&gt;&lt;b&gt;Focos agrupados&lt;/b&gt;&lt;/td&gt;
            &lt;td&gt;1&lt;/td&gt;
        &lt;/tr&gt;

        &lt;tr&gt;
            &lt;td&gt;&lt;b&gt;FRP máximo&lt;/b&gt;&lt;/td&gt;
            &lt;td&gt;1.0 MW&lt;/td&gt;
        &lt;/tr&gt;

        &lt;tr&gt;
            &lt;td&gt;&lt;b&gt;Confianza&lt;/b&gt;&lt;/td&gt;
            &lt;td&gt;Baja&lt;/td&gt;
        &lt;/tr&gt;

        &lt;tr&gt;
            &lt;td&gt;&lt;b&gt;Fecha&lt;/b&gt;&lt;/td&gt;
            &lt;td&gt;2026-09-30&lt;/td&gt;
        &lt;/tr&gt;

        &lt;tr&gt;
            &lt;td&gt;&lt;b&gt;Hora&lt;/b&gt;&lt;/td&gt;
            &lt;td&gt;117 UTC&lt;/td&gt;
        &lt;/tr&gt;

        &lt;tr&gt;
            &lt;td&gt;&lt;b&gt;Satélite&lt;/b&gt;&lt;/td&gt;
            &lt;td&gt;N20&lt;/td&gt;
        &lt;/tr&gt;

        &lt;tr&gt;
            &lt;td&gt;&lt;b&gt;Instrumento&lt;/b&gt;&lt;/td&gt;
            &lt;td&gt;VIIRS&lt;/td&gt;
        &lt;/tr&gt;

        &lt;tr&gt;
            &lt;td&gt;&lt;b&gt;Población más cercana&lt;/b&gt;&lt;/td&gt;
            &lt;td&gt;Carboneras&lt;/td&gt;
        &lt;/tr&gt;

        &lt;tr&gt;
            &lt;td&gt;&lt;b&gt;Distancia&lt;/b&gt;&lt;/td&gt;
            &lt;td&gt;200.5 km&lt;/td&gt;
        &lt;/tr&gt;

        &lt;tr&gt;
            &lt;td&gt;&lt;b&gt;Latitud&lt;/b&gt;&lt;/td&gt;
            &lt;td&gt;35.765470&lt;/td&gt;
        &lt;/tr&gt;

        &lt;tr&gt;
            &lt;td&gt;&lt;b&gt;Longitud&lt;/b&gt;&lt;/td&gt;
            &lt;td&gt;-0.258400&lt;/td&gt;
        &lt;/tr&gt;

    &lt;/table&gt;

    ]]&gt;
    </description>
      <Point>
        <coordinates>-0.2584,35.76547,0</coordinates>
      </Point>
    </Placemark>
    <Placemark>
      <styleUrl>#area_amarilla</styleUrl>
      <Polygon>
        <outerBoundaryIs>
          <LinearRing>
            <coordinates>-0.26883,35.772698982408876,0 -0.26854128310223296,35.77267848798994,0 -0.26826133915650974,35.77261762747679,0 -0.2679986745006697,35.772518250174976,0 -0.2677612703514137,35.772383375750856,0 -0.2675563402648116,35.77221710246402,0 -0.2673901109378248,35.77202448262342,0 -0.26726763301327483,35.7718113690539,0 -0.2671926276368539,35.771584237240745,0 -0.26716737342626323,35.7713499885588,0 -0.2671926372827298,35.77111574056684,0 -0.2672676511415915,35.77088861074043,0 -0.2673901353620398,35.770675500214786,0 -0.26755636803900423,35.77048288410804,0 -0.2677612981256063,35.77031661479469,0 -0.26799869892488476,35.77018174410442,0 -0.2682613572848265,35.77008236984648,0 -0.26854129274810884,35.770021511320074,0 -0.26883,35.77000101759112,0 -0.26911870725189124,35.770021511320074,0 -0.2693986427151736,35.77008236984648,0 -0.2696613010751153,35.77018174410442,0 -0.2698987018743938,35.77031661479469,0 -0.27010363196099585,35.77048288410804,0 -0.27026986463796027,35.770675500214786,0 -0.27039234885840857,35.77088861074043,0 -0.2704673627172703,35.77111574056684,0 -0.2704926265737368,35.7713499885588,0 -0.27046737236314616,35.771584237240745,0 -0.27039236698672525,35.7718113690539,0 -0.2702698890621753,35.77202448262342,0 -0.2701036597351884,35.77221710246402,0 -0.26989872964858636,35.772383375750856,0 -0.26966132549933036,35.772518250174976,0 -0.26939866084349035,35.77261762747679,0 -0.2691187168977671,35.77267848798994,0 -0.26883,35.772698982408876,0</coordinates>
          </LinearRing>
        </outerBoundaryIs>
      </Polygon>
    </Placemark>
    <Placemark>
      <styleUrl>#pink</styleUrl>
      <name />
      <description>
    &lt;![CDATA[
    &lt;h2&gt;🔥 Incendio activo&lt;/h2&gt;

    &lt;table border="0" cellpadding="4"&gt;

        &lt;tr&gt;
            &lt;td&gt;&lt;b&gt;Focos agrupados&lt;/b&gt;&lt;/td&gt;
            &lt;td&gt;1&lt;/td&gt;
        &lt;/tr&gt;

        &lt;tr&gt;
            &lt;td&gt;&lt;b&gt;FRP máximo&lt;/b&gt;&lt;/td&gt;
            &lt;td&gt;1.5 MW&lt;/td&gt;
        &lt;/tr&gt;

        &lt;tr&gt;
            &lt;td&gt;&lt;b&gt;Confianza&lt;/b&gt;&lt;/td&gt;
            &lt;td&gt;Baja&lt;/td&gt;
        &lt;/tr&gt;

        &lt;tr&gt;
            &lt;td&gt;&lt;b&gt;Fecha&lt;/b&gt;&lt;/td&gt;
            &lt;td&gt;2026-09-30&lt;/td&gt;
        &lt;/tr&gt;

        &lt;tr&gt;
            &lt;td&gt;&lt;b&gt;Hora&lt;/b&gt;&lt;/td&gt;
            &lt;td&gt;117 UTC&lt;/td&gt;
        &lt;/tr&gt;

        &lt;tr&gt;
            &lt;td&gt;&lt;b&gt;Satélite&lt;/b&gt;&lt;/td&gt;
            &lt;td&gt;N20&lt;/td&gt;
        &lt;/tr&gt;

        &lt;tr&gt;
            &lt;td&gt;&lt;b&gt;Instrumento&lt;/b&gt;&lt;/td&gt;
            &lt;td&gt;VIIRS&lt;/td&gt;
        &lt;/tr&gt;

        &lt;tr&gt;
            &lt;td&gt;&lt;b&gt;Población más cercana&lt;/b&gt;&lt;/td&gt;
            &lt;td&gt;Carboneras&lt;/td&gt;
        &lt;/tr&gt;

        &lt;tr&gt;
            &lt;td&gt;&lt;b&gt;Distancia&lt;/b&gt;&lt;/td&gt;
            &lt;td&gt;199.4 km&lt;/td&gt;
        &lt;/tr&gt;

        &lt;tr&gt;
            &lt;td&gt;&lt;b&gt;Latitud&lt;/b&gt;&lt;/td&gt;
            &lt;td&gt;35.771350&lt;/td&gt;
        &lt;/tr&gt;

        &lt;tr&gt;
            &lt;td&gt;&lt;b&gt;Longitud&lt;/b&gt;&lt;/td&gt;
            &lt;td&gt;-0.268830&lt;/td&gt;
        &lt;/tr&gt;

    &lt;/table&gt;

    ]]&gt;
    </description>
      <Point>
        <coordinates>-0.26883,35.77135,0</coordinates>
      </Point>
    </Placemark>
    <Placemark>
      <styleUrl>#area_amarilla</styleUrl>
      <Polygon>
        <outerBoundaryIs>
          <LinearRing>
            <coordinates>-0.18264,35.801175659558744,0 -0.18219131434234195,35.80114382094762,0 -0.18175626282314056,35.80104927258959,0 -0.18134806518757718,35.80089488750521,0 -0.18097912500072003,35.800685356938935,0 -0.1806606526886736,35.800427047778,0 -0.1804023248714075,35.80012780904866,0 -0.18021199034357596,35.799796733375246,0 -0.1800954316369464,35.799443880656305,0 -0.18005618940392115,35.79907997235966,0 -0.18009545494817572,35.798716065729934,0 -0.18021203415435627,35.79836321781068,0 -0.18040238389751218,35.79803214949083,0 -0.18066071981068327,35.797732919781964,0 -0.18097919212272973,35.79747462022043,0 -0.1813481242136819,35.797265098674636,0 -0.18175630663392098,35.79711072094382,0 -0.18219133765357132,35.79701617738548,0 -0.18264,35.79698434044128,0 -0.18308866234642868,35.79701617738548,0 -0.18352369336607902,35.79711072094382,0 -0.1839318757863181,35.797265098674636,0 -0.18430080787727027,35.79747462022043,0 -0.18461928018931673,35.797732919781964,0 -0.18487761610248782,35.79803214949083,0 -0.18506796584564372,35.79836321781068,0 -0.1851845450518243,35.798716065729934,0 -0.18522381059607884,35.79907997235966,0 -0.18518456836305358,35.799443880656305,0 -0.18506800965642403,35.799796733375246,0 -0.1848776751285925,35.80012780904866,0 -0.1846193473113264,35.800427047778,0 -0.18430087499927997,35.800685356938935,0 -0.18393193481242281,35.80089488750521,0 -0.18352373717685944,35.80104927258959,0 -0.18308868565765804,35.80114382094762,0 -0.18264,35.801175659558744,0</coordinates>
          </LinearRing>
        </outerBoundaryIs>
      </Polygon>
    </Placemark>
    <Placemark>
      <styleUrl>#pink</styleUrl>
      <name />
      <description>
    &lt;![CDATA[
    &lt;h2&gt;🔥 Incendio activo&lt;/h2&gt;

    &lt;table border="0" cellpadding="4"&gt;

        &lt;tr&gt;
            &lt;td&gt;&lt;b&gt;Focos agrupados&lt;/b&gt;&lt;/td&gt;
            &lt;td&gt;2&lt;/td&gt;
        &lt;/tr&gt;

        &lt;tr&gt;
            &lt;td&gt;&lt;b&gt;FRP máximo&lt;/b&gt;&lt;/td&gt;
            &lt;td&gt;1.5 MW&lt;/td&gt;
        &lt;/tr&gt;

        &lt;tr&gt;
            &lt;td&gt;&lt;b&gt;Confianza&lt;/b&gt;&lt;/td&gt;
            &lt;td&gt;Baja&lt;/td&gt;
        &lt;/tr&gt;

        &lt;tr&gt;
            &lt;td&gt;&lt;b&gt;Fecha&lt;/b&gt;&lt;/td&gt;
            &lt;td&gt;2026-09-30&lt;/td&gt;
        &lt;/tr&gt;

        &lt;tr&gt;
            &lt;td&gt;&lt;b&gt;Hora&lt;/b&gt;&lt;/td&gt;
            &lt;td&gt;202 UTC&lt;/td&gt;
        &lt;/tr&gt;

        &lt;tr&gt;
            &lt;td&gt;&lt;b&gt;Satélite&lt;/b&gt;&lt;/td&gt;
            &lt;td&gt;N21&lt;/td&gt;
        &lt;/tr&gt;

        &lt;tr&gt;
            &lt;td&gt;&lt;b&gt;Instrumento&lt;/b&gt;&lt;/td&gt;
            &lt;td&gt;VIIRS&lt;/td&gt;
        &lt;/tr&gt;

        &lt;tr&gt;
            &lt;td&gt;&lt;b&gt;Población más cercana&lt;/b&gt;&lt;/td&gt;
            &lt;td&gt;Carboneras&lt;/td&gt;
        &lt;/tr&gt;

        &lt;tr&gt;
            &lt;td&gt;&lt;b&gt;Distancia&lt;/b&gt;&lt;/td&gt;
            &lt;td&gt;203.0 km&lt;/td&gt;
        &lt;/tr&gt;

        &lt;tr&gt;
            &lt;td&gt;&lt;b&gt;Latitud&lt;/b&gt;&lt;/td&gt;
            &lt;td&gt;35.799080&lt;/td&gt;
        &lt;/tr&gt;

        &lt;tr&gt;
            &lt;td&gt;&lt;b&gt;Longitud&lt;/b&gt;&lt;/td&gt;
            &lt;td&gt;-0.182640&lt;/td&gt;
        &lt;/tr&gt;

    &lt;/table&gt;

    ]]&gt;
    </description>
      <Point>
        <coordinates>-0.18264,35.799080000000004,0</coordinates>
      </Point>
    </Placemark>
    <Placemark>
      <styleUrl>#area_amarilla</styleUrl>
      <Polygon>
        <outerBoundaryIs>
          <LinearRing>
            <coordinates>-0.21618,35.803168982408884,0 -0.21589117239357314,35.80314848798956,0 -0.21561112110367203,35.8030876274753,0 -0.2153483557303107,35.80298825017177,0 -0.21511086055086845,35.80285337574556,0 -0.21490585188754904,35.8026871024565,0 -0.21473955882482743,35.8024944826138,0 -0.2146170339418757,35.80228136904257,0 -0.21454199981076574,35.802054237228305,0 -0.214516735922319,35.80181998854597,0 -0.21454200947116417,35.80158574055441,0 -0.21461705209748594,35.8013586107291,0 -0.21473958328581494,35.801145500205166,0 -0.21490587970355773,35.800952884100504,0 -0.21511088836687714,35.80078661478939,0 -0.21534838019129818,35.80065174410122,0 -0.2156111392592823,35.80055236984498,0 -0.2158911820539716,35.80049151131969,0 -0.21618,35.80047101759112,0 -0.21646881794602843,35.80049151131969,0 -0.21674886074071775,35.80055236984498,0 -0.21701161980870184,35.80065174410122,0 -0.2172491116331229,35.80078661478939,0 -0.21745412029644232,35.800952884100504,0 -0.2176204167141851,35.801145500205166,0 -0.2177429479025141,35.8013586107291,0 -0.21781799052883588,35.80158574055441,0 -0.21784326407768104,35.80181998854597,0 -0.2178180001892343,35.802054237228305,0 -0.21774296605812435,35.80228136904257,0 -0.21762044117517262,35.8024944826138,0 -0.217454148112451,35.8026871024565,0 -0.2172491394491316,35.80285337574556,0 -0.21701164426968936,35.80298825017177,0 -0.21674887889632802,35.8030876274753,0 -0.21646882760642688,35.80314848798956,0 -0.21618,35.803168982408884,0</coordinates>
          </LinearRing>
        </outerBoundaryIs>
      </Polygon>
    </Placemark>
    <Placemark>
      <styleUrl>#pink</styleUrl>
      <name />
      <description>
    &lt;![CDATA[
    &lt;h2&gt;🔥 Incendio activo&lt;/h2&gt;

    &lt;table border="0" cellpadding="4"&gt;

        &lt;tr&gt;
            &lt;td&gt;&lt;b&gt;Focos agrupados&lt;/b&gt;&lt;/td&gt;
            &lt;td&gt;1&lt;/td&gt;
        &lt;/tr&gt;

        &lt;tr&gt;
            &lt;td&gt;&lt;b&gt;FRP máximo&lt;/b&gt;&lt;/td&gt;
            &lt;td&gt;0.8 MW&lt;/td&gt;
        &lt;/tr&gt;

        &lt;tr&gt;
            &lt;td&gt;&lt;b&gt;Confianza&lt;/b&gt;&lt;/td&gt;
            &lt;td&gt;Baja&lt;/td&gt;
        &lt;/tr&gt;

        &lt;tr&gt;
            &lt;td&gt;&lt;b&gt;Fecha&lt;/b&gt;&lt;/td&gt;
            &lt;td&gt;2026-09-30&lt;/td&gt;
        &lt;/tr&gt;

        &lt;tr&gt;
            &lt;td&gt;&lt;b&gt;Hora&lt;/b&gt;&lt;/td&gt;
            &lt;td&gt;117 UTC&lt;/td&gt;
        &lt;/tr&gt;

        &lt;tr&gt;
            &lt;td&gt;&lt;b&gt;Satélite&lt;/b&gt;&lt;/td&gt;
            &lt;td&gt;N20&lt;/td&gt;
        &lt;/tr&gt;

        &lt;tr&gt;
            &lt;td&gt;&lt;b&gt;Instrumento&lt;/b&gt;&lt;/td&gt;
            &lt;td&gt;VIIRS&lt;/td&gt;
        &lt;/tr&gt;

        &lt;tr&gt;
            &lt;td&gt;&lt;b&gt;Población más cercana&lt;/b&gt;&lt;/td&gt;
            &lt;td&gt;Carboneras&lt;/td&gt;
        &lt;/tr&gt;

        &lt;tr&gt;
            &lt;td&gt;&lt;b&gt;Distancia&lt;/b&gt;&lt;/td&gt;
            &lt;td&gt;200.6 km&lt;/td&gt;
        &lt;/tr&gt;

        &lt;tr&gt;
            &lt;td&gt;&lt;b&gt;Latitud&lt;/b&gt;&lt;/td&gt;
            &lt;td&gt;35.801820&lt;/td&gt;
        &lt;/tr&gt;

        &lt;tr&gt;
            &lt;td&gt;&lt;b&gt;Longitud&lt;/b&gt;&lt;/td&gt;
            &lt;td&gt;-0.216180&lt;/td&gt;
        &lt;/tr&gt;

    &lt;/table&gt;

    ]]&gt;
    </description>
      <Point>
        <coordinates>-0.21618,35.80182,0</coordinates>
      </Point>
    </Placemark>
    <Placemark>
      <styleUrl>#area_amarilla</styleUrl>
      <Polygon>
        <outerBoundaryIs>
          <LinearRing>
            <coordinates>-0.26253,35.811488982408875,0 -0.2622411421350087,35.811468487989444,0 -0.26196106150611354,35.81140762747488,0 -0.2616982686049363,35.81130825017089,0 -0.26146074854539203,35.811173375744104,0 -0.26125571840571604,35.81100710245443,0 -0.2610894079229314,35.81081448261116,0 -0.26096687020544784,35.81060136903947,0 -0.2608918282151911,35.8103742372249,0 -0.26086656168162126,35.81013998854246,0 -0.26089183787955883,35.809905740550995,0 -0.26096688836851795,35.809678610726,0 -0.2610894323939696,35.80946550020253,0 -0.2612557462331539,35.80927288409845,0 -0.26146077637282994,35.80910661478793,0 -0.2616982930759745,35.80897174410033,0 -0.26196107966918364,35.80887236984456,0 -0.2622411517993765,35.80881151131958,0 -0.26253,35.80879101759112,0 -0.2628188482006234,35.80881151131958,0 -0.2630989203308163,35.80887236984456,0 -0.26336170692402544,35.80897174410033,0 -0.26359922362717,35.80910661478793,0 -0.263804253766846,35.80927288409845,0 -0.2639705676060304,35.80946550020253,0 -0.26409311163148197,35.809678610726,0 -0.2641681621204411,35.809905740550995,0 -0.26419343831837866,35.81013998854246,0 -0.2641681717848089,35.8103742372249,0 -0.26409312979455213,35.81060136903947,0 -0.2639705920770685,35.81081448261116,0 -0.2638042815942839,35.81100710245443,0 -0.2635992514546079,35.811173375744104,0 -0.2633617313950637,35.81130825017089,0 -0.26309893849388644,35.81140762747488,0 -0.2628188578649912,35.811468487989444,0 -0.26253,35.811488982408875,0</coordinates>
          </LinearRing>
        </outerBoundaryIs>
      </Polygon>
    </Placemark>
    <Placemark>
      <styleUrl>#pink</styleUrl>
      <name />
      <description>
    &lt;![CDATA[
    &lt;h2&gt;🔥 Incendio activo&lt;/h2&gt;

    &lt;table border="0" cellpadding="4"&gt;

        &lt;tr&gt;
            &lt;td&gt;&lt;b&gt;Focos agrupados&lt;/b&gt;&lt;/td&gt;
            &lt;td&gt;1&lt;/td&gt;
        &lt;/tr&gt;

        &lt;tr&gt;
            &lt;td&gt;&lt;b&gt;FRP máximo&lt;/b&gt;&lt;/td&gt;
            &lt;td&gt;4.7 MW&lt;/td&gt;
        &lt;/tr&gt;

        &lt;tr&gt;
            &lt;td&gt;&lt;b&gt;Confianza&lt;/b&gt;&lt;/td&gt;
            &lt;td&gt;Baja&lt;/td&gt;
        &lt;/tr&gt;

        &lt;tr&gt;
            &lt;td&gt;&lt;b&gt;Fecha&lt;/b&gt;&lt;/td&gt;
            &lt;td&gt;2026-09-30&lt;/td&gt;
        &lt;/tr&gt;

        &lt;tr&gt;
            &lt;td&gt;&lt;b&gt;Hora&lt;/b&gt;&lt;/td&gt;
            &lt;td&gt;117 UTC&lt;/td&gt;
        &lt;/tr&gt;

        &lt;tr&gt;
            &lt;td&gt;&lt;b&gt;Satélite&lt;/b&gt;&lt;/td&gt;
            &lt;td&gt;N20&lt;/td&gt;
        &lt;/tr&gt;

        &lt;tr&gt;
            &lt;td&gt;&lt;b&gt;Instrumento&lt;/b&gt;&lt;/td&gt;
            &lt;td&gt;VIIRS&lt;/td&gt;
        &lt;/tr&gt;

        &lt;tr&gt;
            &lt;td&gt;&lt;b&gt;Población más cercana&lt;/b&gt;&lt;/td&gt;
            &lt;td&gt;Carboneras&lt;/td&gt;
        &lt;/tr&gt;

        &lt;tr&gt;
            &lt;td&gt;&lt;b&gt;Distancia&lt;/b&gt;&lt;/td&gt;
            &lt;td&gt;196.9 km&lt;/td&gt;
        &lt;/tr&gt;

        &lt;tr&gt;
            &lt;td&gt;&lt;b&gt;Latitud&lt;/b&gt;&lt;/td&gt;
            &lt;td&gt;35.810140&lt;/td&gt;
        &lt;/tr&gt;

        &lt;tr&gt;
            &lt;td&gt;&lt;b&gt;Longitud&lt;/b&gt;&lt;/td&gt;
            &lt;td&gt;-0.262530&lt;/td&gt;
        &lt;/tr&gt;

    &lt;/table&gt;

    ]]&gt;
    </description>
      <Point>
        <coordinates>-0.26253,35.81014,0</coordinates>
      </Point>
    </Placemark>
    <Placemark>
      <styleUrl>#area_amarilla</styleUrl>
      <Polygon>
        <outerBoundaryIs>
          <LinearRing>
            <coordinates>-0.274605,35.81411379354891,0 -0.27419839757131986,35.81408494592376,0 -0.273804150415702,35.81399927963056,0 -0.27343423829326374,35.81385939777416,0 -0.27309990136057805,35.8136695508665,0 -0.27281129857618375,35.81343550764407,0 -0.27257719898958715,35.81316437974749,0 -0.2724047152981456,35.81286440559496,0 -0.27229908776756795,35.81254470002177,0 -0.2722635250771279,35.81221497729783,0 -0.272299106917219,35.811885255943,0 -0.27240475128771724,35.811565554312,0 -0.27257724747820583,35.81126558619925,0 -0.27281135371540643,35.81099446571156,0 -0.2730999564998008,35.81076043037352,0 -0.2734342867818825,35.81057059087475,0 -0.2738041864052737,35.81043071505814,0 -0.274198416720971,35.810345052707135,0 -0.274605,35.810316206451084,0 -0.275011583279029,35.810345052707135,0 -0.2754058135947263,35.81043071505814,0 -0.27577571321811756,35.81057059087475,0 -0.27611004350019924,35.81076043037352,0 -0.2763986462845936,35.81099446571156,0 -0.2766327525217942,35.81126558619925,0 -0.2768052487122828,35.811565554312,0 -0.27691089308278105,35.811885255943,0 -0.2769464749228721,35.81221497729783,0 -0.2769109122324321,35.81254470002177,0 -0.27680528470185445,35.81286440559496,0 -0.2766328010104129,35.81316437974749,0 -0.2763987014238163,35.81343550764407,0 -0.276110098639422,35.8136695508665,0 -0.27577576170673623,35.81385939777416,0 -0.275405849584298,35.81399927963056,0 -0.2750116024286801,35.81408494592376,0 -0.274605,35.81411379354891,0</coordinates>
          </LinearRing>
        </outerBoundaryIs>
      </Polygon>
    </Placemark>
    <Placemark>
      <styleUrl>#pink</styleUrl>
      <name />
      <description>
    &lt;![CDATA[
    &lt;h2&gt;🔥 Incendio activo&lt;/h2&gt;

    &lt;table border="0" cellpadding="4"&gt;

        &lt;tr&gt;
            &lt;td&gt;&lt;b&gt;Focos agrupados&lt;/b&gt;&lt;/td&gt;
            &lt;td&gt;2&lt;/td&gt;
        &lt;/tr&gt;

        &lt;tr&gt;
            &lt;td&gt;&lt;b&gt;FRP máximo&lt;/b&gt;&lt;/td&gt;
            &lt;td&gt;0.8 MW&lt;/td&gt;
        &lt;/tr&gt;

        &lt;tr&gt;
            &lt;td&gt;&lt;b&gt;Confianza&lt;/b&gt;&lt;/td&gt;
            &lt;td&gt;Baja&lt;/td&gt;
        &lt;/tr&gt;

        &lt;tr&gt;
            &lt;td&gt;&lt;b&gt;Fecha&lt;/b&gt;&lt;/td&gt;
            &lt;td&gt;2026-09-30&lt;/td&gt;
        &lt;/tr&gt;

        &lt;tr&gt;
            &lt;td&gt;&lt;b&gt;Hora&lt;/b&gt;&lt;/td&gt;
            &lt;td&gt;117 UTC&lt;/td&gt;
        &lt;/tr&gt;

        &lt;tr&gt;
            &lt;td&gt;&lt;b&gt;Satélite&lt;/b&gt;&lt;/td&gt;
            &lt;td&gt;N20&lt;/td&gt;
        &lt;/tr&gt;

        &lt;tr&gt;
            &lt;td&gt;&lt;b&gt;Instrumento&lt;/b&gt;&lt;/td&gt;
            &lt;td&gt;VIIRS&lt;/td&gt;
        &lt;/tr&gt;

        &lt;tr&gt;
            &lt;td&gt;&lt;b&gt;Población más cercana&lt;/b&gt;&lt;/td&gt;
            &lt;td&gt;Carboneras&lt;/td&gt;
        &lt;/tr&gt;

        &lt;tr&gt;
            &lt;td&gt;&lt;b&gt;Distancia&lt;/b&gt;&lt;/td&gt;
            &lt;td&gt;195.9 km&lt;/td&gt;
        &lt;/tr&gt;

        &lt;tr&gt;
            &lt;td&gt;&lt;b&gt;Latitud&lt;/b&gt;&lt;/td&gt;
            &lt;td&gt;35.812215&lt;/td&gt;
        &lt;/tr&gt;

        &lt;tr&gt;
            &lt;td&gt;&lt;b&gt;Longitud&lt;/b&gt;&lt;/td&gt;
            &lt;td&gt;-0.274605&lt;/td&gt;
        &lt;/tr&gt;

    &lt;/table&gt;

    ]]&gt;
    </description>
      <Point>
        <coordinates>-0.274605,35.812215,0</coordinates>
      </Point>
    </Placemark>
    <Placemark>
      <styleUrl>#area_amarilla</styleUrl>
      <Polygon>
        <outerBoundaryIs>
          <LinearRing>
            <coordinates>-0.32961,35.826398982408875,0 -0.329321087878517,35.82637848798925,0 -0.3290409546420071,35.82631762747414,0 -0.32877811238083055,35.82621825016932,0 -0.3285405477088905,35.826083375741504,0 -0.32833547906005883,35.82591710245073,0 -0.32816913734143976,35.82572448260645,0 -0.3280465766104166,35.82551136903392,0 -0.3279715205279601,35.825284237218796,0 -0.32794624925143245,35.82504998853617,0 -0.3279715301994453,35.8248157405449,0 -0.3280465947868631,35.824588610720454,0 -0.32816916183049993,35.82437550019782,0 -0.32833550690799057,35.82418288409476,0 -0.3285405755568223,35.824016614785336,0 -0.32877813686989077,35.823881744098756,0 -0.3290409728184536,35.82378236984382,0 -0.32932109755000216,35.823721511319384,0 -0.32961,35.82370101759111,0 -0.3298989024499978,35.823721511319384,0 -0.3301790271815464,35.82378236984382,0 -0.33044186313010926,35.823881744098756,0 -0.3306794244431777,35.824016614785336,0 -0.33088449309200946,35.82418288409476,0 -0.3310508381695001,35.82437550019782,0 -0.33117340521313693,35.824588610720454,0 -0.3312484698005547,35.8248157405449,0 -0.3312737507485676,35.82504998853617,0 -0.33124847947203995,35.825284237218796,0 -0.33117342338958344,35.82551136903392,0 -0.3310508626585602,35.82572448260645,0 -0.3308845209399412,35.82591710245073,0 -0.3306794522911095,35.826083375741504,0 -0.3304418876191694,35.82621825016932,0 -0.3301790453579929,35.82631762747414,0 -0.32989891212148303,35.82637848798925,0 -0.32961,35.826398982408875,0</coordinates>
          </LinearRing>
        </outerBoundaryIs>
      </Polygon>
    </Placemark>
    <Placemark>
      <styleUrl>#pink</styleUrl>
      <name />
      <description>
    &lt;![CDATA[
    &lt;h2&gt;🔥 Incendio activo&lt;/h2&gt;

    &lt;table border="0" cellpadding="4"&gt;

        &lt;tr&gt;
            &lt;td&gt;&lt;b&gt;Focos agrupados&lt;/b&gt;&lt;/td&gt;
            &lt;td&gt;1&lt;/td&gt;
        &lt;/tr&gt;

        &lt;tr&gt;
            &lt;td&gt;&lt;b&gt;FRP máximo&lt;/b&gt;&lt;/td&gt;
            &lt;td&gt;1.9 MW&lt;/td&gt;
        &lt;/tr&gt;

        &lt;tr&gt;
            &lt;td&gt;&lt;b&gt;Confianza&lt;/b&gt;&lt;/td&gt;
            &lt;td&gt;Baja&lt;/td&gt;
        &lt;/tr&gt;

        &lt;tr&gt;
            &lt;td&gt;&lt;b&gt;Fecha&lt;/b&gt;&lt;/td&gt;
            &lt;td&gt;2026-09-30&lt;/td&gt;
        &lt;/tr&gt;

        &lt;tr&gt;
            &lt;td&gt;&lt;b&gt;Hora&lt;/b&gt;&lt;/td&gt;
            &lt;td&gt;117 UTC&lt;/td&gt;
        &lt;/tr&gt;

        &lt;tr&gt;
            &lt;td&gt;&lt;b&gt;Satélite&lt;/b&gt;&lt;/td&gt;
            &lt;td&gt;N20&lt;/td&gt;
        &lt;/tr&gt;

        &lt;tr&gt;
            &lt;td&gt;&lt;b&gt;Instrumento&lt;/b&gt;&lt;/td&gt;
            &lt;td&gt;VIIRS&lt;/td&gt;
        &lt;/tr&gt;

        &lt;tr&gt;
            &lt;td&gt;&lt;b&gt;Población más cercana&lt;/b&gt;&lt;/td&gt;
            &lt;td&gt;Carboneras&lt;/td&gt;
        &lt;/tr&gt;

        &lt;tr&gt;
            &lt;td&gt;&lt;b&gt;Distancia&lt;/b&gt;&lt;/td&gt;
            &lt;td&gt;191.3 km&lt;/td&gt;
        &lt;/tr&gt;

        &lt;tr&gt;
            &lt;td&gt;&lt;b&gt;Latitud&lt;/b&gt;&lt;/td&gt;
            &lt;td&gt;35.825050&lt;/td&gt;
        &lt;/tr&gt;

        &lt;tr&gt;
            &lt;td&gt;&lt;b&gt;Longitud&lt;/b&gt;&lt;/td&gt;
            &lt;td&gt;-0.329610&lt;/td&gt;
        &lt;/tr&gt;

    &lt;/table&gt;

    ]]&gt;
    </description>
      <Point>
        <coordinates>-0.32961,35.82505,0</coordinates>
      </Point>
    </Placemark>
    <Placemark>
      <styleUrl>#area_amarilla</styleUrl>
      <Polygon>
        <outerBoundaryIs>
          <LinearRing>
            <coordinates>-5.69011,43.15062898240888,0 -5.689788917663599,43.15060848788606,0 -5.689477591881238,43.1505476270738,0 -5.689185482683038,43.150448249313705,0 -5.688921466070178,43.15031337432743,0 -5.68869356427251,43.15014710044237,0 -5.688508701970804,43.14995448003962,0 -5.688372495893819,43.149741366011845,0 -5.688289084183241,43.14951423389961,0 -5.688261000707927,43.1492799851138,0 -5.688289098140371,43.14904573722574,0 -5.688372522124642,43.148818607698466,0 -5.688508737311498,43.14860549763108,0 -5.688693604460465,43.14841288208648,0 -5.688921506258131,43.148246613371334,0 -5.689185518023732,43.1481117432432,0 -5.689477618112062,43.1480123694435,0 -5.689788931620729,43.1479515112162,0 -5.69011,43.14793101759113,0 -5.6904310683792705,43.1479515112162,0 -5.6907423818879375,43.1480123694435,0 -5.691034481976268,43.1481117432432,0 -5.691298493741869,43.148246613371334,0 -5.691526395539535,43.14841288208648,0 -5.691711262688502,43.14860549763108,0 -5.691847477875357,43.148818607698466,0 -5.691930901859629,43.14904573722574,0 -5.691958999292074,43.1492799851138,0 -5.691930915816759,43.14951423389961,0 -5.691847504106181,43.149741366011845,0 -5.691711298029196,43.14995448003962,0 -5.691526435727489,43.15014710044237,0 -5.691298533929823,43.15031337432743,0 -5.691034517316962,43.150448249313705,0 -5.690742408118762,43.1505476270738,0 -5.6904310823364,43.15060848788606,0 -5.69011,43.15062898240888,0</coordinates>
          </LinearRing>
        </outerBoundaryIs>
      </Polygon>
    </Placemark>
    <Placemark>
      <styleUrl>#pink</styleUrl>
      <name />
      <description>
    &lt;![CDATA[
    &lt;h2&gt;🔥 Incendio activo&lt;/h2&gt;

    &lt;table border="0" cellpadding="4"&gt;

        &lt;tr&gt;
            &lt;td&gt;&lt;b&gt;Focos agrupados&lt;/b&gt;&lt;/td&gt;
            &lt;td&gt;1&lt;/td&gt;
        &lt;/tr&gt;

        &lt;tr&gt;
            &lt;td&gt;&lt;b&gt;FRP máximo&lt;/b&gt;&lt;/td&gt;
            &lt;td&gt;0.8 MW&lt;/td&gt;
        &lt;/tr&gt;

        &lt;tr&gt;
            &lt;td&gt;&lt;b&gt;Confianza&lt;/b&gt;&lt;/td&gt;
            &lt;td&gt;Baja&lt;/td&gt;
        &lt;/tr&gt;

        &lt;tr&gt;
            &lt;td&gt;&lt;b&gt;Fecha&lt;/b&gt;&lt;/td&gt;
            &lt;td&gt;2026-09-30&lt;/td&gt;
        &lt;/tr&gt;

        &lt;tr&gt;
            &lt;td&gt;&lt;b&gt;Hora&lt;/b&gt;&lt;/td&gt;
            &lt;td&gt;256 UTC&lt;/td&gt;
        &lt;/tr&gt;

        &lt;tr&gt;
            &lt;td&gt;&lt;b&gt;Satélite&lt;/b&gt;&lt;/td&gt;
            &lt;td&gt;N20&lt;/td&gt;
        &lt;/tr&gt;

        &lt;tr&gt;
            &lt;td&gt;&lt;b&gt;Instrumento&lt;/b&gt;&lt;/td&gt;
            &lt;td&gt;VIIRS&lt;/td&gt;
        &lt;/tr&gt;

        &lt;tr&gt;
            &lt;td&gt;&lt;b&gt;Población más cercana&lt;/b&gt;&lt;/td&gt;
            &lt;td&gt;Aller&lt;/td&gt;
        &lt;/tr&gt;

        &lt;tr&gt;
            &lt;td&gt;&lt;b&gt;Distancia&lt;/b&gt;&lt;/td&gt;
            &lt;td&gt;5.6 km&lt;/td&gt;
        &lt;/tr&gt;

        &lt;tr&gt;
            &lt;td&gt;&lt;b&gt;Latitud&lt;/b&gt;&lt;/td&gt;
            &lt;td&gt;43.149280&lt;/td&gt;
        &lt;/tr&gt;

        &lt;tr&gt;
            &lt;td&gt;&lt;b&gt;Longitud&lt;/b&gt;&lt;/td&gt;
            &lt;td&gt;-5.690110&lt;/td&gt;
        &lt;/tr&gt;

    &lt;/table&gt;

    ]]&gt;
    </description>
      <Point>
        <coordinates>-5.69011,43.14928,0</coordinates>
      </Point>
    </Placemark>
    <Placemark>
      <styleUrl>#area_amarilla</styleUrl>
      <Polygon>
        <outerBoundaryIs>
          <LinearRing>
            <coordinates>-1.34576,35.31478898240888,0 -1.345472926954315,35.31476848799572,0 -1.345194576903332,35.31470762749922,0 -1.3449334077466504,35.3146082502229,0 -1.3446973552546369,35.31447337583007,0 -1.3444935919105616,35.31430710257652,0 -1.3443283089605056,35.314114482767195,0 -1.344206528295485,35.31390136922317,0 -1.3441319498816644,35.31367423742667,0 -1.3441068393722564,35.313439988750496,0 -1.3441319593119283,35.31320574075276,0 -1.3442065460185841,35.31297861090971,0 -1.3443283328387723,35.31276550035855,0 -1.3444936190639247,35.31257288422053,0 -1.3446973824079997,35.31240661487389,0 -1.3449334316249173,35.31227174415235,0 -1.3451945946264308,35.312172369868904,0 -1.345472936384579,35.31211151132586,0 -1.34576,35.31209101759113,0 -1.3460470636154211,35.31211151132586,0 -1.3463254053735694,35.312172369868904,0 -1.3465865683750828,35.31227174415235,0 -1.3468226175920004,35.31240661487389,0 -1.3470263809360752,35.31257288422053,0 -1.3471916671612278,35.31276550035855,0 -1.347313453981416,35.31297861090971,0 -1.3473880406880718,35.31320574075276,0 -1.3474131606277437,35.313439988750496,0 -1.3473880501183357,35.31367423742667,0 -1.347313471704515,35.31390136922317,0 -1.3471916910394945,35.314114482767195,0 -1.3470264080894385,35.31430710257652,0 -1.3468226447453633,35.31447337583007,0 -1.3465865922533495,35.3146082502229,0 -1.3463254230966681,35.31470762749922,0 -1.346047073045685,35.31476848799572,0 -1.34576,35.31478898240888,0</coordinates>
          </LinearRing>
        </outerBoundaryIs>
      </Polygon>
    </Placemark>
    <Placemark>
      <styleUrl>#pink</styleUrl>
      <name />
      <description>
    &lt;![CDATA[
    &lt;h2&gt;🔥 Incendio activo&lt;/h2&gt;

    &lt;table border="0" cellpadding="4"&gt;

        &lt;tr&gt;
            &lt;td&gt;&lt;b&gt;Focos agrupados&lt;/b&gt;&lt;/td&gt;
            &lt;td&gt;1&lt;/td&gt;
        &lt;/tr&gt;

        &lt;tr&gt;
            &lt;td&gt;&lt;b&gt;FRP máximo&lt;/b&gt;&lt;/td&gt;
            &lt;td&gt;1.1 MW&lt;/td&gt;
        &lt;/tr&gt;

        &lt;tr&gt;
            &lt;td&gt;&lt;b&gt;Confianza&lt;/b&gt;&lt;/td&gt;
            &lt;td&gt;Baja&lt;/td&gt;
        &lt;/tr&gt;

        &lt;tr&gt;
            &lt;td&gt;&lt;b&gt;Fecha&lt;/b&gt;&lt;/td&gt;
            &lt;td&gt;2026-09-30&lt;/td&gt;
        &lt;/tr&gt;

        &lt;tr&gt;
            &lt;td&gt;&lt;b&gt;Hora&lt;/b&gt;&lt;/td&gt;
            &lt;td&gt;258 UTC&lt;/td&gt;
        &lt;/tr&gt;

        &lt;tr&gt;
            &lt;td&gt;&lt;b&gt;Satélite&lt;/b&gt;&lt;/td&gt;
            &lt;td&gt;N20&lt;/td&gt;
        &lt;/tr&gt;

        &lt;tr&gt;
            &lt;td&gt;&lt;b&gt;Instrumento&lt;/b&gt;&lt;/td&gt;
            &lt;td&gt;VIIRS&lt;/td&gt;
        &lt;/tr&gt;

        &lt;tr&gt;
            &lt;td&gt;&lt;b&gt;Población más cercana&lt;/b&gt;&lt;/td&gt;
            &lt;td&gt;Melilla&lt;/td&gt;
        &lt;/tr&gt;

        &lt;tr&gt;
            &lt;td&gt;&lt;b&gt;Distancia&lt;/b&gt;&lt;/td&gt;
            &lt;td&gt;144.4 km&lt;/td&gt;
        &lt;/tr&gt;

        &lt;tr&gt;
            &lt;td&gt;&lt;b&gt;Latitud&lt;/b&gt;&lt;/td&gt;
            &lt;td&gt;35.313440&lt;/td&gt;
        &lt;/tr&gt;

        &lt;tr&gt;
            &lt;td&gt;&lt;b&gt;Longitud&lt;/b&gt;&lt;/td&gt;
            &lt;td&gt;-1.345760&lt;/td&gt;
        &lt;/tr&gt;

    &lt;/table&gt;

    ]]&gt;
    </description>
      <Point>
        <coordinates>-1.34576,35.31344,0</coordinates>
      </Point>
    </Placemark>
    <Placemark>
      <styleUrl>#area_amarilla</styleUrl>
      <Polygon>
        <outerBoundaryIs>
          <LinearRing>
            <coordinates>-0.26384,35.77377898240888,0 -0.26355127918104415,35.77375848798992,0 -0.2632713314332988,35.77369762747674,0 -0.263008663210146,35.77359825017487,0 -0.26277125583669286,35.77346337575067,0 -0.26256632296698296,35.77329710246376,0 -0.26240009138254083,35.77310448262308,0 -0.26227761179477177,35.7728913690535,0 -0.26220260539988893,35.77266423724031,0 -0.26217735084651833,35.77242998855834,0 -0.2622026150462791,35.7721957405664,0 -0.2622776299240552,35.771968610740046,0 -0.26240011580805833,35.77175550021444,0 -0.2625663507426566,35.77156288410777,0 -0.2627712836123665,35.771396614794504,0 -0.2630086876356635,35.77126174410431,0 -0.2632713495625822,35.77116236984643,0 -0.26355128882743445,35.77110151132006,0 -0.26384,35.77108101759113,0 -0.26412871117256564,35.77110151132006,0 -0.2644086504374179,35.77116236984643,0 -0.26467131236433655,35.77126174410431,0 -0.2649087163876335,35.771396614794504,0 -0.2651136492573435,35.77156288410777,0 -0.26527988419194176,35.77175550021444,0 -0.2654023700759449,35.771968610740046,0 -0.265477384953721,35.7721957405664,0 -0.2655026491534817,35.77242998855834,0 -0.2654773946001111,35.77266423724031,0 -0.26540238820522827,35.7728913690535,0 -0.2652799086174592,35.77310448262308,0 -0.26511367703301714,35.77329710246376,0 -0.26490874416330723,35.77346337575067,0 -0.26467133678985405,35.77359825017487,0 -0.26440866856670125,35.77369762747674,0 -0.2641287208189559,35.77375848798992,0 -0.26384,35.77377898240888,0</coordinates>
          </LinearRing>
        </outerBoundaryIs>
      </Polygon>
    </Placemark>
    <Placemark>
      <styleUrl>#pink</styleUrl>
      <name />
      <description>
    &lt;![CDATA[
    &lt;h2&gt;🔥 Incendio activo&lt;/h2&gt;

    &lt;table border="0" cellpadding="4"&gt;

        &lt;tr&gt;
            &lt;td&gt;&lt;b&gt;Focos agrupados&lt;/b&gt;&lt;/td&gt;
            &lt;td&gt;1&lt;/td&gt;
        &lt;/tr&gt;

        &lt;tr&gt;
            &lt;td&gt;&lt;b&gt;FRP máximo&lt;/b&gt;&lt;/td&gt;
            &lt;td&gt;1.7 MW&lt;/td&gt;
        &lt;/tr&gt;

        &lt;tr&gt;
            &lt;td&gt;&lt;b&gt;Confianza&lt;/b&gt;&lt;/td&gt;
            &lt;td&gt;Baja&lt;/td&gt;
        &lt;/tr&gt;

        &lt;tr&gt;
            &lt;td&gt;&lt;b&gt;Fecha&lt;/b&gt;&lt;/td&gt;
            &lt;td&gt;2026-09-30&lt;/td&gt;
        &lt;/tr&gt;

        &lt;tr&gt;
            &lt;td&gt;&lt;b&gt;Hora&lt;/b&gt;&lt;/td&gt;
            &lt;td&gt;258 UTC&lt;/td&gt;
        &lt;/tr&gt;

        &lt;tr&gt;
            &lt;td&gt;&lt;b&gt;Satélite&lt;/b&gt;&lt;/td&gt;
            &lt;td&gt;N20&lt;/td&gt;
        &lt;/tr&gt;

        &lt;tr&gt;
            &lt;td&gt;&lt;b&gt;Instrumento&lt;/b&gt;&lt;/td&gt;
            &lt;td&gt;VIIRS&lt;/td&gt;
        &lt;/tr&gt;

        &lt;tr&gt;
            &lt;td&gt;&lt;b&gt;Población más cercana&lt;/b&gt;&lt;/td&gt;
            &lt;td&gt;Carboneras&lt;/td&gt;
        &lt;/tr&gt;

        &lt;tr&gt;
            &lt;td&gt;&lt;b&gt;Distancia&lt;/b&gt;&lt;/td&gt;
            &lt;td&gt;199.6 km&lt;/td&gt;
        &lt;/tr&gt;

        &lt;tr&gt;
            &lt;td&gt;&lt;b&gt;Latitud&lt;/b&gt;&lt;/td&gt;
            &lt;td&gt;35.772430&lt;/td&gt;
        &lt;/tr&gt;

        &lt;tr&gt;
            &lt;td&gt;&lt;b&gt;Longitud&lt;/b&gt;&lt;/td&gt;
            &lt;td&gt;-0.263840&lt;/td&gt;
        &lt;/tr&gt;

    &lt;/table&gt;

    ]]&gt;
    </description>
      <Point>
        <coordinates>-0.26384,35.77243,0</coordinates>
      </Point>
    </Placemark>
    <Placemark>
      <styleUrl>#area_amarilla</styleUrl>
      <Polygon>
        <outerBoundaryIs>
          <LinearRing>
            <coordinates>-0.18128,35.797878982408875,0 -0.18099119162602884,35.797858487989615,0 -0.18071115898410114,35.797797627475546,0 -0.1804484111075216,35.797698250172324,0 -0.18021093174196448,35.79756337574648,0 -0.18000593672909695,35.7973971024578,0 -0.17983965473863198,35.79720448261547,0 -0.1797171380133563,35.79699136904453,0 -0.17964210887754917,35.79676423723046,0 -0.17961684667035246,35.796529988548194,0 -0.1796421185354247,35.79629574055655,0 -0.179717156164225,35.796068610731076,0 -0.17983967919323127,35.79585550020683,0 -0.1800059645378412,35.79566288410181,0 -0.18021095955070873,35.79549661479031,0 -0.18044843556212092,35.795361744101776,0 -0.1807111771349699,35.79526236984524,0 -0.1809912012839044,35.79520151131975,0 -0.18128,35.795181017591126,0 -0.18156879871609563,35.79520151131975,0 -0.1818488228650301,35.79526236984524,0 -0.18211156443787907,35.795361744101776,0 -0.18234904044929123,35.79549661479031,0 -0.1825540354621588,35.79566288410181,0 -0.18272032080676873,35.79585550020683,0 -0.18284284383577498,35.796068610731076,0 -0.1829178814645753,35.79629574055655,0 -0.18294315332964756,35.796529988548194,0 -0.18291789112245083,35.79676423723046,0 -0.1828428619866437,35.79699136904453,0 -0.18272034526136802,35.79720448261547,0 -0.18255406327090304,35.7973971024578,0 -0.1823490682580355,35.79756337574648,0 -0.1821115888924784,35.797698250172324,0 -0.18184884101589885,35.797797627475546,0 -0.18156880837397116,35.797858487989615,0 -0.18128,35.797878982408875,0</coordinates>
          </LinearRing>
        </outerBoundaryIs>
      </Polygon>
    </Placemark>
    <Placemark>
      <styleUrl>#pink</styleUrl>
      <name />
      <description>
    &lt;![CDATA[
    &lt;h2&gt;🔥 Incendio activo&lt;/h2&gt;

    &lt;table border="0" cellpadding="4"&gt;

        &lt;tr&gt;
            &lt;td&gt;&lt;b&gt;Focos agrupados&lt;/b&gt;&lt;/td&gt;
            &lt;td&gt;1&lt;/td&gt;
        &lt;/tr&gt;

        &lt;tr&gt;
            &lt;td&gt;&lt;b&gt;FRP máximo&lt;/b&gt;&lt;/td&gt;
            &lt;td&gt;1.5 MW&lt;/td&gt;
        &lt;/tr&gt;

        &lt;tr&gt;
            &lt;td&gt;&lt;b&gt;Confianza&lt;/b&gt;&lt;/td&gt;
            &lt;td&gt;Baja&lt;/td&gt;
        &lt;/tr&gt;

        &lt;tr&gt;
            &lt;td&gt;&lt;b&gt;Fecha&lt;/b&gt;&lt;/td&gt;
            &lt;td&gt;2026-09-30&lt;/td&gt;
        &lt;/tr&gt;

        &lt;tr&gt;
            &lt;td&gt;&lt;b&gt;Hora&lt;/b&gt;&lt;/td&gt;
            &lt;td&gt;258 UTC&lt;/td&gt;
        &lt;/tr&gt;

        &lt;tr&gt;
            &lt;td&gt;&lt;b&gt;Satélite&lt;/b&gt;&lt;/td&gt;
            &lt;td&gt;N20&lt;/td&gt;
        &lt;/tr&gt;

        &lt;tr&gt;
            &lt;td&gt;&lt;b&gt;Instrumento&lt;/b&gt;&lt;/td&gt;
            &lt;td&gt;VIIRS&lt;/td&gt;
        &lt;/tr&gt;

        &lt;tr&gt;
            &lt;td&gt;&lt;b&gt;Población más cercana&lt;/b&gt;&lt;/td&gt;
            &lt;td&gt;Carboneras&lt;/td&gt;
        &lt;/tr&gt;

        &lt;tr&gt;
            &lt;td&gt;&lt;b&gt;Distancia&lt;/b&gt;&lt;/td&gt;
            &lt;td&gt;203.3 km&lt;/td&gt;
        &lt;/tr&gt;

        &lt;tr&gt;
            &lt;td&gt;&lt;b&gt;Latitud&lt;/b&gt;&lt;/td&gt;
            &lt;td&gt;35.796530&lt;/td&gt;
        &lt;/tr&gt;

        &lt;tr&gt;
            &lt;td&gt;&lt;b&gt;Longitud&lt;/b&gt;&lt;/td&gt;
            &lt;td&gt;-0.181280&lt;/td&gt;
        &lt;/tr&gt;

    &lt;/table&gt;

    ]]&gt;
    </description>
      <Point>
        <coordinates>-0.18128,35.79653,0</coordinates>
      </Point>
    </Placemark>
    <Placemark>
      <styleUrl>#area_amarilla</styleUrl>
      <Polygon>
        <outerBoundaryIs>
          <LinearRing>
            <coordinates>-0.236605,35.80966898240887,0 -0.23631614875513193,35.80964848798946,0 -0.2360360745451716,35.80958762747497,0 -0.2357732876666704,35.80948825017108,0 -0.2355357730505219,35.809353375744415,0 -0.23533074760955278,35.80918710245488,0 -0.23516444093801844,35.80899448261174,0 -0.23504190602853928,35.80878136904015,0 -0.23496686575774678,35.80855423722564,0 -0.23494159980289056,35.808319988543225,0 -0.23496687542124609,35.80808574055174,0 -0.23504192418997727,35.807858610726676,0 -0.23516446540685768,35.8076455002031,0 -0.23533077543449013,35.8074528840989,0 -0.23553580087545928,35.807286614788254,0 -0.2357733121355097,35.80715174410052,0 -0.2360360927066096,35.80705236984466,0 -0.2363161584186313,35.80699151131961,0 -0.236605,35.80697101759112,0 -0.23689384158136875,35.80699151131961,0 -0.23717390729339044,35.80705236984466,0 -0.23743668786449035,35.80715174410052,0 -0.23767419912454077,35.807286614788254,0 -0.2378792245655099,35.8074528840989,0 -0.23804553459314234,35.8076455002031,0 -0.23816807581002275,35.807858610726676,0 -0.23824312457875393,35.80808574055174,0 -0.2382684001971095,35.808319988543225,0 -0.23824313424225327,35.80855423722564,0 -0.23816809397146077,35.80878136904015,0 -0.23804555906198158,35.80899448261174,0 -0.23787925239044727,35.80918710245488,0 -0.23767422694947812,35.809353375744415,0 -0.2374367123333296,35.80948825017108,0 -0.23717392545482843,35.80958762747497,0 -0.23689385124486811,35.80964848798946,0 -0.236605,35.80966898240887,0</coordinates>
          </LinearRing>
        </outerBoundaryIs>
      </Polygon>
    </Placemark>
    <Placemark>
      <styleUrl>#pink</styleUrl>
      <name />
      <description>
    &lt;![CDATA[
    &lt;h2&gt;🔥 Incendio activo&lt;/h2&gt;

    &lt;table border="0" cellpadding="4"&gt;

        &lt;tr&gt;
            &lt;td&gt;&lt;b&gt;Focos agrupados&lt;/b&gt;&lt;/td&gt;
            &lt;td&gt;2&lt;/td&gt;
        &lt;/tr&gt;

        &lt;tr&gt;
            &lt;td&gt;&lt;b&gt;FRP máximo&lt;/b&gt;&lt;/td&gt;
            &lt;td&gt;1.4 MW&lt;/td&gt;
        &lt;/tr&gt;

        &lt;tr&gt;
            &lt;td&gt;&lt;b&gt;Confianza&lt;/b&gt;&lt;/td&gt;
            &lt;td&gt;Baja&lt;/td&gt;
        &lt;/tr&gt;

        &lt;tr&gt;
            &lt;td&gt;&lt;b&gt;Fecha&lt;/b&gt;&lt;/td&gt;
            &lt;td&gt;2026-09-30&lt;/td&gt;
        &lt;/tr&gt;

        &lt;tr&gt;
            &lt;td&gt;&lt;b&gt;Hora&lt;/b&gt;&lt;/td&gt;
            &lt;td&gt;258 UTC&lt;/td&gt;
        &lt;/tr&gt;

        &lt;tr&gt;
            &lt;td&gt;&lt;b&gt;Satélite&lt;/b&gt;&lt;/td&gt;
            &lt;td&gt;N20&lt;/td&gt;
        &lt;/tr&gt;

        &lt;tr&gt;
            &lt;td&gt;&lt;b&gt;Instrumento&lt;/b&gt;&lt;/td&gt;
            &lt;td&gt;VIIRS&lt;/td&gt;
        &lt;/tr&gt;

        &lt;tr&gt;
            &lt;td&gt;&lt;b&gt;Población más cercana&lt;/b&gt;&lt;/td&gt;
            &lt;td&gt;Carboneras&lt;/td&gt;
        &lt;/tr&gt;

        &lt;tr&gt;
            &lt;td&gt;&lt;b&gt;Distancia&lt;/b&gt;&lt;/td&gt;
            &lt;td&gt;198.7 km&lt;/td&gt;
        &lt;/tr&gt;

        &lt;tr&gt;
            &lt;td&gt;&lt;b&gt;Latitud&lt;/b&gt;&lt;/td&gt;
            &lt;td&gt;35.808320&lt;/td&gt;
        &lt;/tr&gt;

        &lt;tr&gt;
            &lt;td&gt;&lt;b&gt;Longitud&lt;/b&gt;&lt;/td&gt;
            &lt;td&gt;-0.236605&lt;/td&gt;
        &lt;/tr&gt;

    &lt;/table&gt;

    ]]&gt;
    </description>
      <Point>
        <coordinates>-0.236605,35.808319999999995,0</coordinates>
      </Point>
    </Placemark>
    <Placemark>
      <styleUrl>#area_amarilla</styleUrl>
      <Polygon>
        <outerBoundaryIs>
          <LinearRing>
            <coordinates>-0.323445,35.82582969754468,0 -0.32312381146855645,35.82580691334195,0 -0.32281238262740597,35.82573925305875,0 -0.3225201765585382,35.825628772629564,0 -0.32225607214747676,35.82547882911639,0 -0.32202809426037965,35.82529397868563,0 -0.32184316988995565,35.82507983814608,0 -0.32170691768230364,35.82484291425826,0 -0.32162347723979323,35.824590406004695,0 -0.3215953833838054,35.82432998583187,0 -0.32162348919267214,35.82406956651347,0 -0.3217069401463678,35.823817060720174,0 -0.3218432001557075,35.82358014060172,0 -0.3220281286773228,35.82336600468596,0 -0.3222561065644199,35.823181159175746,0 -0.32252020682429006,35.82303122028637,0 -0.3228124050914702,35.82292074362654,0 -0.32312382342143536,35.822853085803615,0 -0.323445,35.822830302455316,0 -0.3237661765785646,35.822853085803615,0 -0.3240775949085298,35.82292074362654,0 -0.3243697931757099,35.82303122028637,0 -0.3246338934355801,35.823181159175746,0 -0.3248618713226772,35.82336600468596,0 -0.32504679984429247,35.82358014060172,0 -0.32518305985363216,35.823817060720174,0 -0.3252665108073279,35.82406956651347,0 -0.32529461661619463,35.82432998583187,0 -0.3252665227602068,35.824590406004695,0 -0.3251830823176964,35.82484291425826,0 -0.32504683011004437,35.82507983814608,0 -0.3248619057396203,35.82529397868563,0 -0.3246339278525232,35.82547882911639,0 -0.3243698234414618,35.825628772629564,0 -0.32407761737259405,35.82573925305875,0 -0.3237661885314435,35.82580691334195,0 -0.323445,35.82582969754468,0</coordinates>
          </LinearRing>
        </outerBoundaryIs>
      </Polygon>
    </Placemark>
    <Placemark>
      <styleUrl>#pink</styleUrl>
      <name />
      <description>
    &lt;![CDATA[
    &lt;h2&gt;🔥 Incendio activo&lt;/h2&gt;

    &lt;table border="0" cellpadding="4"&gt;

        &lt;tr&gt;
            &lt;td&gt;&lt;b&gt;Focos agrupados&lt;/b&gt;&lt;/td&gt;
            &lt;td&gt;2&lt;/td&gt;
        &lt;/tr&gt;

        &lt;tr&gt;
            &lt;td&gt;&lt;b&gt;FRP máximo&lt;/b&gt;&lt;/td&gt;
            &lt;td&gt;2.9 MW&lt;/td&gt;
        &lt;/tr&gt;

        &lt;tr&gt;
            &lt;td&gt;&lt;b&gt;Confianza&lt;/b&gt;&lt;/td&gt;
            &lt;td&gt;Baja&lt;/td&gt;
        &lt;/tr&gt;

        &lt;tr&gt;
            &lt;td&gt;&lt;b&gt;Fecha&lt;/b&gt;&lt;/td&gt;
            &lt;td&gt;2026-09-30&lt;/td&gt;
        &lt;/tr&gt;

        &lt;tr&gt;
            &lt;td&gt;&lt;b&gt;Hora&lt;/b&gt;&lt;/td&gt;
            &lt;td&gt;258 UTC&lt;/td&gt;
        &lt;/tr&gt;

        &lt;tr&gt;
            &lt;td&gt;&lt;b&gt;Satélite&lt;/b&gt;&lt;/td&gt;
            &lt;td&gt;N20&lt;/td&gt;
        &lt;/tr&gt;

        &lt;tr&gt;
            &lt;td&gt;&lt;b&gt;Instrumento&lt;/b&gt;&lt;/td&gt;
            &lt;td&gt;VIIRS&lt;/td&gt;
        &lt;/tr&gt;

        &lt;tr&gt;
            &lt;td&gt;&lt;b&gt;Población más cercana&lt;/b&gt;&lt;/td&gt;
            &lt;td&gt;Carboneras&lt;/td&gt;
        &lt;/tr&gt;

        &lt;tr&gt;
            &lt;td&gt;&lt;b&gt;Distancia&lt;/b&gt;&lt;/td&gt;
            &lt;td&gt;191.8 km&lt;/td&gt;
        &lt;/tr&gt;

        &lt;tr&gt;
            &lt;td&gt;&lt;b&gt;Latitud&lt;/b&gt;&lt;/td&gt;
            &lt;td&gt;35.824330&lt;/td&gt;
        &lt;/tr&gt;

        &lt;tr&gt;
            &lt;td&gt;&lt;b&gt;Longitud&lt;/b&gt;&lt;/td&gt;
            &lt;td&gt;-0.323445&lt;/td&gt;
        &lt;/tr&gt;

    &lt;/table&gt;

    ]]&gt;
    </description>
      <Point>
        <coordinates>-0.323445,35.82433,0</coordinates>
      </Point>
    </Placemark>
    <Placemark>
      <styleUrl>#area_amarilla</styleUrl>
      <Polygon>
        <outerBoundaryIs>
          <LinearRing>
            <coordinates>-4.7947,36.50207898240888,0 -4.79440858671955,36.5020584879806,0 -4.794126028335333,36.50199762744054,0 -4.793860910637615,36.5018982500975,0 -4.793621289387954,36.501763375622794,0 -4.79341444551344,36.50159710228213,0 -4.793246663860507,36.50140448239096,0 -4.793123042233072,36.50119136878021,0 -4.793047336517238,36.50096423694014,0 -4.793021846596128,36.50072998824886,0 -4.79304734651695,36.500495740266246,0 -4.793123061026381,36.50026861046675,0 -4.793246689180664,36.500055499982324,0 -4.793414474306459,36.499862883926156,0 -4.793621318180975,36.49969661466663,0 -4.793860935957772,36.49956174402694,0 -4.794126047128641,36.499462369810225,0 -4.7944085967192605,36.49940151131074,0 -4.7947,36.499381017591126,0 -4.794991403280739,36.49940151131074,0 -4.7952739528713595,36.499462369810225,0 -4.795539064042228,36.49956174402694,0 -4.795778681819026,36.49969661466663,0 -4.79598552569354,36.499862883926156,0 -4.796153310819336,36.500055499982324,0 -4.7962769389736195,36.50026861046675,0 -4.7963526534830505,36.500495740266246,0 -4.796378153403872,36.50072998824886,0 -4.796352663482762,36.50096423694014,0 -4.796276957766929,36.50119136878021,0 -4.7961533361394935,36.50140448239096,0 -4.795985554486561,36.50159710228213,0 -4.795778710612045,36.501763375622794,0 -4.795539089362386,36.5018982500975,0 -4.795273971664668,36.50199762744054,0 -4.79499141328045,36.5020584879806,0 -4.7947,36.50207898240888,0</coordinates>
          </LinearRing>
        </outerBoundaryIs>
      </Polygon>
    </Placemark>
    <Placemark>
      <styleUrl>#pink</styleUrl>
      <name />
      <description>
    &lt;![CDATA[
    &lt;h2&gt;🔥 Incendio activo&lt;/h2&gt;

    &lt;table border="0" cellpadding="4"&gt;

        &lt;tr&gt;
            &lt;td&gt;&lt;b&gt;Focos agrupados&lt;/b&gt;&lt;/td&gt;
            &lt;td&gt;1&lt;/td&gt;
        &lt;/tr&gt;

        &lt;tr&gt;
            &lt;td&gt;&lt;b&gt;FRP máximo&lt;/b&gt;&lt;/td&gt;
            &lt;td&gt;0.6 MW&lt;/td&gt;
        &lt;/tr&gt;

        &lt;tr&gt;
            &lt;td&gt;&lt;b&gt;Confianza&lt;/b&gt;&lt;/td&gt;
            &lt;td&gt;Baja&lt;/td&gt;
        &lt;/tr&gt;

        &lt;tr&gt;
            &lt;td&gt;&lt;b&gt;Fecha&lt;/b&gt;&lt;/td&gt;
            &lt;td&gt;2026-09-30&lt;/td&gt;
        &lt;/tr&gt;

        &lt;tr&gt;
            &lt;td&gt;&lt;b&gt;Hora&lt;/b&gt;&lt;/td&gt;
            &lt;td&gt;258 UTC&lt;/td&gt;
        &lt;/tr&gt;

        &lt;tr&gt;
            &lt;td&gt;&lt;b&gt;Satélite&lt;/b&gt;&lt;/td&gt;
            &lt;td&gt;N20&lt;/td&gt;
        &lt;/tr&gt;

        &lt;tr&gt;
            &lt;td&gt;&lt;b&gt;Instrumento&lt;/b&gt;&lt;/td&gt;
            &lt;td&gt;VIIRS&lt;/td&gt;
        &lt;/tr&gt;

        &lt;tr&gt;
            &lt;td&gt;&lt;b&gt;Población más cercana&lt;/b&gt;&lt;/td&gt;
            &lt;td&gt;Marbella&lt;/td&gt;
        &lt;/tr&gt;

        &lt;tr&gt;
            &lt;td&gt;&lt;b&gt;Distancia&lt;/b&gt;&lt;/td&gt;
            &lt;td&gt;8.2 km&lt;/td&gt;
        &lt;/tr&gt;

        &lt;tr&gt;
            &lt;td&gt;&lt;b&gt;Latitud&lt;/b&gt;&lt;/td&gt;
            &lt;td&gt;36.500730&lt;/td&gt;
        &lt;/tr&gt;

        &lt;tr&gt;
            &lt;td&gt;&lt;b&gt;Longitud&lt;/b&gt;&lt;/td&gt;
            &lt;td&gt;-4.794700&lt;/td&gt;
        &lt;/tr&gt;

    &lt;/table&gt;

    ]]&gt;
    </description>
      <Point>
        <coordinates>-4.7947,36.50073,0</coordinates>
      </Point>
    </Placemark>
    <Placemark>
      <styleUrl>#area_amarilla</styleUrl>
      <Polygon>
        <outerBoundaryIs>
          <LinearRing>
            <coordinates>-4.79827,36.50297898240887,0 -4.797978583332041,36.50295848798058,0 -4.797696021663263,36.50289762744049,0 -4.79743090088375,36.5027982500974,0 -4.797191276848712,36.50266337562263,0 -4.796984430569874,36.50249710228191,0 -4.796816646966731,36.502304482390656,0 -4.796693023902443,36.50209136877986,0 -4.7966173173067626,36.50186423693977,0 -4.796591827089525,36.50162998824846,0 -4.796617327306918,36.50139574026586,0 -4.796693042696588,36.50116861046641,0 -4.7968166722880135,36.500955499982034,0 -4.796984459364175,36.50076288392593,0 -4.797191305643013,36.50059661466646,0 -4.797430926205033,36.500461744026836,0 -4.797696040457408,36.500362369810176,0 -4.797978593332197,36.50030151131072,0 -4.79827,36.50028101759113,0 -4.798561406667802,36.50030151131072,0 -4.798843959542592,36.500362369810176,0 -4.799109073794966,36.500461744026836,0 -4.799348694356987,36.50059661466646,0 -4.799555540635824,36.50076288392593,0 -4.799723327711986,36.500955499982034,0 -4.799846957303411,36.50116861046641,0 -4.799922672693082,36.50139574026586,0 -4.799948172910474,36.50162998824846,0 -4.7999226826932375,36.50186423693977,0 -4.799846976097556,36.50209136877986,0 -4.7997233530332695,36.502304482390656,0 -4.799555569430125,36.50249710228191,0 -4.799348723151288,36.50266337562263,0 -4.79910909911625,36.5027982500974,0 -4.798843978336737,36.50289762744049,0 -4.798561416667958,36.50295848798058,0 -4.79827,36.50297898240887,0</coordinates>
          </LinearRing>
        </outerBoundaryIs>
      </Polygon>
    </Placemark>
    <Placemark>
      <styleUrl>#pink</styleUrl>
      <name />
      <description>
    &lt;![CDATA[
    &lt;h2&gt;🔥 Incendio activo&lt;/h2&gt;

    &lt;table border="0" cellpadding="4"&gt;

        &lt;tr&gt;
            &lt;td&gt;&lt;b&gt;Focos agrupados&lt;/b&gt;&lt;/td&gt;
            &lt;td&gt;1&lt;/td&gt;
        &lt;/tr&gt;

        &lt;tr&gt;
            &lt;td&gt;&lt;b&gt;FRP máximo&lt;/b&gt;&lt;/td&gt;
            &lt;td&gt;0.6 MW&lt;/td&gt;
        &lt;/tr&gt;

        &lt;tr&gt;
            &lt;td&gt;&lt;b&gt;Confianza&lt;/b&gt;&lt;/td&gt;
            &lt;td&gt;Baja&lt;/td&gt;
        &lt;/tr&gt;

        &lt;tr&gt;
            &lt;td&gt;&lt;b&gt;Fecha&lt;/b&gt;&lt;/td&gt;
            &lt;td&gt;2026-09-30&lt;/td&gt;
        &lt;/tr&gt;

        &lt;tr&gt;
            &lt;td&gt;&lt;b&gt;Hora&lt;/b&gt;&lt;/td&gt;
            &lt;td&gt;258 UTC&lt;/td&gt;
        &lt;/tr&gt;

        &lt;tr&gt;
            &lt;td&gt;&lt;b&gt;Satélite&lt;/b&gt;&lt;/td&gt;
            &lt;td&gt;N20&lt;/td&gt;
        &lt;/tr&gt;

        &lt;tr&gt;
            &lt;td&gt;&lt;b&gt;Instrumento&lt;/b&gt;&lt;/td&gt;
            &lt;td&gt;VIIRS&lt;/td&gt;
        &lt;/tr&gt;

        &lt;tr&gt;
            &lt;td&gt;&lt;b&gt;Población más cercana&lt;/b&gt;&lt;/td&gt;
            &lt;td&gt;Marbella&lt;/td&gt;
        &lt;/tr&gt;

        &lt;tr&gt;
            &lt;td&gt;&lt;b&gt;Distancia&lt;/b&gt;&lt;/td&gt;
            &lt;td&gt;7.8 km&lt;/td&gt;
        &lt;/tr&gt;

        &lt;tr&gt;
            &lt;td&gt;&lt;b&gt;Latitud&lt;/b&gt;&lt;/td&gt;
            &lt;td&gt;36.501630&lt;/td&gt;
        &lt;/tr&gt;

        &lt;tr&gt;
            &lt;td&gt;&lt;b&gt;Longitud&lt;/b&gt;&lt;/td&gt;
            &lt;td&gt;-4.798270&lt;/td&gt;
        &lt;/tr&gt;

    &lt;/table&gt;

    ]]&gt;
    </description>
      <Point>
        <coordinates>-4.79827,36.50163,0</coordinates>
      </Point>
    </Placemark>
    <Placemark>
      <styleUrl>#area_amarilla</styleUrl>
      <Polygon>
        <outerBoundaryIs>
          <LinearRing>
            <coordinates>-3.47152,40.246458982408875,0 -3.471213100044028,40.24643848792963,0 -3.4709155256314066,40.246377627242815,0 -3.4706363188880123,40.24627824967492,0 -3.47038396372418,40.246143374924415,0 -3.4701661280125933,40.24597710129024,0 -3.4699894305810903,40.24578448112326,0 -3.4698592401029393,40.245571367287674,0 -3.4697795119951897,40.24534423530087,0 -3.4697526682781215,40.245109986558624,0 -3.4697795240410345,40.244875738626995,0 -3.4698592627417226,40.24464860897426,0 -3.469989461082241,40.24443549871468,0 -3.4701661626972213,40.24424288293431,0 -3.4703839984088085,40.24407661396828,0 -3.4706363493891623,40.243941743604395,0 -3.4709155482701894,40.24384236961251,0 -3.4712131120898726,40.24378151125976,0 -3.47152,40.243761017591126,0 -3.4718268879101277,40.24378151125976,0 -3.4721244517298104,40.24384236961251,0 -3.472403650610838,40.243941743604395,0 -3.472656001591192,40.24407661396828,0 -3.4728738373027785,40.24424288293431,0 -3.473050538917759,40.24443549871468,0 -3.4731807372582773,40.24464860897426,0 -3.473260475958966,40.244875738626995,0 -3.4732873317218784,40.245109986558624,0 -3.4732604880048106,40.24534423530087,0 -3.473180759897061,40.245571367287674,0 -3.4730505694189096,40.24578448112326,0 -3.472873871987407,40.24597710129024,0 -3.47265603627582,40.246143374924415,0 -3.472403681111988,40.24627824967492,0 -3.4721244743685937,40.246377627242815,0 -3.4718268999559725,40.24643848792963,0 -3.47152,40.246458982408875,0</coordinates>
          </LinearRing>
        </outerBoundaryIs>
      </Polygon>
    </Placemark>
    <Placemark>
      <styleUrl>#pink</styleUrl>
      <name />
      <description>
    &lt;![CDATA[
    &lt;h2&gt;🔥 Incendio activo&lt;/h2&gt;

    &lt;table border="0" cellpadding="4"&gt;

        &lt;tr&gt;
            &lt;td&gt;&lt;b&gt;Focos agrupados&lt;/b&gt;&lt;/td&gt;
            &lt;td&gt;1&lt;/td&gt;
        &lt;/tr&gt;

        &lt;tr&gt;
            &lt;td&gt;&lt;b&gt;FRP máximo&lt;/b&gt;&lt;/td&gt;
            &lt;td&gt;1.3 MW&lt;/td&gt;
        &lt;/tr&gt;

        &lt;tr&gt;
            &lt;td&gt;&lt;b&gt;Confianza&lt;/b&gt;&lt;/td&gt;
            &lt;td&gt;Baja&lt;/td&gt;
        &lt;/tr&gt;

        &lt;tr&gt;
            &lt;td&gt;&lt;b&gt;Fecha&lt;/b&gt;&lt;/td&gt;
            &lt;td&gt;2026-09-30&lt;/td&gt;
        &lt;/tr&gt;

        &lt;tr&gt;
            &lt;td&gt;&lt;b&gt;Hora&lt;/b&gt;&lt;/td&gt;
            &lt;td&gt;200 UTC&lt;/td&gt;
        &lt;/tr&gt;

        &lt;tr&gt;
            &lt;td&gt;&lt;b&gt;Satélite&lt;/b&gt;&lt;/td&gt;
            &lt;td&gt;N21&lt;/td&gt;
        &lt;/tr&gt;

        &lt;tr&gt;
            &lt;td&gt;&lt;b&gt;Instrumento&lt;/b&gt;&lt;/td&gt;
            &lt;td&gt;VIIRS&lt;/td&gt;
        &lt;/tr&gt;

        &lt;tr&gt;
            &lt;td&gt;&lt;b&gt;Población más cercana&lt;/b&gt;&lt;/td&gt;
            &lt;td&gt;Morata de Tajuña&lt;/td&gt;
        &lt;/tr&gt;

        &lt;tr&gt;
            &lt;td&gt;&lt;b&gt;Distancia&lt;/b&gt;&lt;/td&gt;
            &lt;td&gt;3.4 km&lt;/td&gt;
        &lt;/tr&gt;

        &lt;tr&gt;
            &lt;td&gt;&lt;b&gt;Latitud&lt;/b&gt;&lt;/td&gt;
            &lt;td&gt;40.245110&lt;/td&gt;
        &lt;/tr&gt;

        &lt;tr&gt;
            &lt;td&gt;&lt;b&gt;Longitud&lt;/b&gt;&lt;/td&gt;
            &lt;td&gt;-3.471520&lt;/td&gt;
        &lt;/tr&gt;

    &lt;/table&gt;

    ]]&gt;
    </description>
      <Point>
        <coordinates>-3.47152,40.24511,0</coordinates>
      </Point>
    </Placemark>
    <Placemark>
      <styleUrl>#area_amarilla</styleUrl>
      <Polygon>
        <outerBoundaryIs>
          <LinearRing>
            <coordinates>-3.47622,40.24710898240888,0 -3.4759130970969006,40.24708848792962,0 -3.4756155198267162,40.24702762724278,0 -3.4753363104021653,40.24692824967484,0 -3.47508395281506,40.24679337492428,0 -3.474866115011718,40.24662710129005,0 -3.474689415883537,40.24643448112302,0 -3.47455922415533,40.246221367287404,0 -3.474479495282117,40.24599423530057,0 -3.474452651307422,40.24575998655831,0 -3.474479507328355,40.24552573862669,0 -3.4745592467948514,40.245298608973975,0 -3.4746894463856814,40.24508549871445,0 -3.4748661496974775,40.24489288293413,0 -3.475083987500819,40.244726613968155,0 -3.47533634090431,40.24459174360432,0 -3.475615542466238,40.24449236961247,0 -3.475913109143139,40.244431511259755,0 -3.47622,40.24441101759112,0 -3.476526890856862,40.244431511259755,0 -3.4768244575337626,40.24449236961247,0 -3.4771036590956905,40.24459174360432,0 -3.4773560124991816,40.244726613968155,0 -3.477573850302523,40.24489288293413,0 -3.4777505536143187,40.24508549871445,0 -3.4778807532051492,40.245298608973975,0 -3.4779604926716456,40.24552573862669,0 -3.4779873486925785,40.24575998655831,0 -3.4779605047178834,40.24599423530057,0 -3.4778807758446706,40.246221367287404,0 -3.4777505841164635,40.24643448112302,0 -3.4775738849882827,40.24662710129005,0 -3.4773560471849407,40.24679337492428,0 -3.4771036895978353,40.24692824967484,0 -3.4768244801732844,40.24702762724278,0 -3.4765269029031,40.24708848792962,0 -3.47622,40.24710898240888,0</coordinates>
          </LinearRing>
        </outerBoundaryIs>
      </Polygon>
    </Placemark>
    <Placemark>
      <styleUrl>#pink</styleUrl>
      <name />
      <description>
    &lt;![CDATA[
    &lt;h2&gt;🔥 Incendio activo&lt;/h2&gt;

    &lt;table border="0" cellpadding="4"&gt;

        &lt;tr&gt;
            &lt;td&gt;&lt;b&gt;Focos agrupados&lt;/b&gt;&lt;/td&gt;
            &lt;td&gt;1&lt;/td&gt;
        &lt;/tr&gt;

        &lt;tr&gt;
            &lt;td&gt;&lt;b&gt;FRP máximo&lt;/b&gt;&lt;/td&gt;
            &lt;td&gt;1.3 MW&lt;/td&gt;
        &lt;/tr&gt;

        &lt;tr&gt;
            &lt;td&gt;&lt;b&gt;Confianza&lt;/b&gt;&lt;/td&gt;
            &lt;td&gt;Baja&lt;/td&gt;
        &lt;/tr&gt;

        &lt;tr&gt;
            &lt;td&gt;&lt;b&gt;Fecha&lt;/b&gt;&lt;/td&gt;
            &lt;td&gt;2026-09-30&lt;/td&gt;
        &lt;/tr&gt;

        &lt;tr&gt;
            &lt;td&gt;&lt;b&gt;Hora&lt;/b&gt;&lt;/td&gt;
            &lt;td&gt;200 UTC&lt;/td&gt;
        &lt;/tr&gt;

        &lt;tr&gt;
            &lt;td&gt;&lt;b&gt;Satélite&lt;/b&gt;&lt;/td&gt;
            &lt;td&gt;N21&lt;/td&gt;
        &lt;/tr&gt;

        &lt;tr&gt;
            &lt;td&gt;&lt;b&gt;Instrumento&lt;/b&gt;&lt;/td&gt;
            &lt;td&gt;VIIRS&lt;/td&gt;
        &lt;/tr&gt;

        &lt;tr&gt;
            &lt;td&gt;&lt;b&gt;Población más cercana&lt;/b&gt;&lt;/td&gt;
            &lt;td&gt;Morata de Tajuña&lt;/td&gt;
        &lt;/tr&gt;

        &lt;tr&gt;
            &lt;td&gt;&lt;b&gt;Distancia&lt;/b&gt;&lt;/td&gt;
            &lt;td&gt;3.8 km&lt;/td&gt;
        &lt;/tr&gt;

        &lt;tr&gt;
            &lt;td&gt;&lt;b&gt;Latitud&lt;/b&gt;&lt;/td&gt;
            &lt;td&gt;40.245760&lt;/td&gt;
        &lt;/tr&gt;

        &lt;tr&gt;
            &lt;td&gt;&lt;b&gt;Longitud&lt;/b&gt;&lt;/td&gt;
            &lt;td&gt;-3.476220&lt;/td&gt;
        &lt;/tr&gt;

    &lt;/table&gt;

    ]]&gt;
    </description>
      <Point>
        <coordinates>-3.47622,40.24576,0</coordinates>
      </Point>
    </Placemark>
    <Placemark>
      <styleUrl>#area_amarilla</styleUrl>
      <Polygon>
        <outerBoundaryIs>
          <LinearRing>
            <coordinates>1.034,41.110848982408875,0 1.0343109054529422,41.11082848791706,0 1.0346123636333786,41.11076762719407,0 1.0348952143878691,41.110668249570764,0 1.0351508630688804,41.11053337475228,0 1.0353715417234874,41.110367101045775,0 1.0355505451424685,41.11017448081083,0 1.035682434594684,41.109961366919826,0 1.0357632030563857,41.109734234896855,0 1.035790396917907,41.10949998614205,0 1.035763190475142,41.10926573822298,0 1.0356824109496805,41.10903860860642,0 1.035550513285641,41.10882549840225,0 1.03537150549724,41.10863288268986,0 1.035150826842633,41.108466613796175,0 1.034895182531042,41.10833174350025,0 1.0346123399883749,41.10823236956377,0 1.0343108928716986,41.10817151124719,0 1.034,41.10815101759112,0 1.0336891071283014,41.10817151124719,0 1.0333876600116252,41.10823236956377,0 1.033104817468958,41.10833174350025,0 1.032849173157367,41.108466613796175,0 1.03262849450276,41.10863288268986,0 1.032449486714359,41.10882549840225,0 1.0323175890503196,41.10903860860642,0 1.032236809524858,41.10926573822298,0 1.032209603082093,41.10949998614205,0 1.0322367969436144,41.109734234896855,0 1.032317565405316,41.109961366919826,0 1.0324494548575318,41.11017448081083,0 1.0326284582765126,41.110367101045775,0 1.03284913693112,41.11053337475228,0 1.033104785612131,41.110668249570764,0 1.0333876363666215,41.11076762719407,0 1.0336890945470578,41.11082848791706,0 1.034,41.110848982408875,0</coordinates>
          </LinearRing>
        </outerBoundaryIs>
      </Polygon>
    </Placemark>
    <Placemark>
      <styleUrl>#pink</styleUrl>
      <name />
      <description>
    &lt;![CDATA[
    &lt;h2&gt;🔥 Incendio activo&lt;/h2&gt;

    &lt;table border="0" cellpadding="4"&gt;

        &lt;tr&gt;
            &lt;td&gt;&lt;b&gt;Focos agrupados&lt;/b&gt;&lt;/td&gt;
            &lt;td&gt;1&lt;/td&gt;
        &lt;/tr&gt;

        &lt;tr&gt;
            &lt;td&gt;&lt;b&gt;FRP máximo&lt;/b&gt;&lt;/td&gt;
            &lt;td&gt;1.4 MW&lt;/td&gt;
        &lt;/tr&gt;

        &lt;tr&gt;
            &lt;td&gt;&lt;b&gt;Confianza&lt;/b&gt;&lt;/td&gt;
            &lt;td&gt;Baja&lt;/td&gt;
        &lt;/tr&gt;

        &lt;tr&gt;
            &lt;td&gt;&lt;b&gt;Fecha&lt;/b&gt;&lt;/td&gt;
            &lt;td&gt;2026-09-30&lt;/td&gt;
        &lt;/tr&gt;

        &lt;tr&gt;
            &lt;td&gt;&lt;b&gt;Hora&lt;/b&gt;&lt;/td&gt;
            &lt;td&gt;200 UTC&lt;/td&gt;
        &lt;/tr&gt;

        &lt;tr&gt;
            &lt;td&gt;&lt;b&gt;Satélite&lt;/b&gt;&lt;/td&gt;
            &lt;td&gt;N21&lt;/td&gt;
        &lt;/tr&gt;

        &lt;tr&gt;
            &lt;td&gt;&lt;b&gt;Instrumento&lt;/b&gt;&lt;/td&gt;
            &lt;td&gt;VIIRS&lt;/td&gt;
        &lt;/tr&gt;

        &lt;tr&gt;
            &lt;td&gt;&lt;b&gt;Población más cercana&lt;/b&gt;&lt;/td&gt;
            &lt;td&gt;Vinyols i els Arcs&lt;/td&gt;
        &lt;/tr&gt;

        &lt;tr&gt;
            &lt;td&gt;&lt;b&gt;Distancia&lt;/b&gt;&lt;/td&gt;
            &lt;td&gt;645 m&lt;/td&gt;
        &lt;/tr&gt;

        &lt;tr&gt;
            &lt;td&gt;&lt;b&gt;Latitud&lt;/b&gt;&lt;/td&gt;
            &lt;td&gt;41.109500&lt;/td&gt;
        &lt;/tr&gt;

        &lt;tr&gt;
            &lt;td&gt;&lt;b&gt;Longitud&lt;/b&gt;&lt;/td&gt;
            &lt;td&gt;1.034000&lt;/td&gt;
        &lt;/tr&gt;

    &lt;/table&gt;

    ]]&gt;
    </description>
      <Point>
        <coordinates>1.034,41.1095,0</coordinates>
      </Point>
    </Placemark>
    <Placemark>
      <styleUrl>#area_amarilla</styleUrl>
      <Polygon>
        <outerBoundaryIs>
          <LinearRing>
            <coordinates>1.6623,41.31488898240889,0 1.66261187667628,41.31486848791405,0 1.662914276564045,41.3148076271824,0 1.6631980108913844,41.314708249545795,0 1.6634544581600135,41.314573374710996,0 1.6636758261502855,41.31440710098714,0 1.6638553887078629,41.314214480735885,0 1.6639876901145063,41.3140013668316,0 1.664068710833277,41.31377423479995,0 1.664095989594976,41.31353998604213,0 1.664068698121727,41.313305738126076,0 1.6639876662246067,41.31307860851818,0 1.6638553565210883,41.31286549832732,0 1.6636757895488357,41.31267288263123,0 1.6634544215585636,41.31250661375489,0 1.6631979787046098,41.31237174347528,0 1.6629142526741454,41.3122723695521,0 1.66261186396473,41.3122115112442,0 1.6623,41.312191017591125,0 1.6619881360352702,41.3122115112442,0 1.661685747325855,41.3122723695521,0 1.6614020212953904,41.31237174347528,0 1.6611455784414366,41.31250661375489,0 1.6609242104511646,41.31267288263123,0 1.660744643478912,41.31286549832732,0 1.6606123337753935,41.31307860851818,0 1.6605313018782732,41.313305738126076,0 1.6605040104050242,41.31353998604213,0 1.6605312891667232,41.31377423479995,0 1.660612309885494,41.3140013668316,0 1.6607446112921374,41.314214480735885,0 1.6609241738497147,41.31440710098714,0 1.6611455418399868,41.314573374710996,0 1.6614019891086158,41.314708249545795,0 1.6616857234359554,41.3148076271824,0 1.6619881233237201,41.31486848791405,0 1.6623,41.31488898240889,0</coordinates>
          </LinearRing>
        </outerBoundaryIs>
      </Polygon>
    </Placemark>
    <Placemark>
      <styleUrl>#pink</styleUrl>
      <name />
      <description>
    &lt;![CDATA[
    &lt;h2&gt;🔥 Incendio activo&lt;/h2&gt;

    &lt;table border="0" cellpadding="4"&gt;

        &lt;tr&gt;
            &lt;td&gt;&lt;b&gt;Focos agrupados&lt;/b&gt;&lt;/td&gt;
            &lt;td&gt;1&lt;/td&gt;
        &lt;/tr&gt;

        &lt;tr&gt;
            &lt;td&gt;&lt;b&gt;FRP máximo&lt;/b&gt;&lt;/td&gt;
            &lt;td&gt;1.5 MW&lt;/td&gt;
        &lt;/tr&gt;

        &lt;tr&gt;
            &lt;td&gt;&lt;b&gt;Confianza&lt;/b&gt;&lt;/td&gt;
            &lt;td&gt;Baja&lt;/td&gt;
        &lt;/tr&gt;

        &lt;tr&gt;
            &lt;td&gt;&lt;b&gt;Fecha&lt;/b&gt;&lt;/td&gt;
            &lt;td&gt;2026-09-30&lt;/td&gt;
        &lt;/tr&gt;

        &lt;tr&gt;
            &lt;td&gt;&lt;b&gt;Hora&lt;/b&gt;&lt;/td&gt;
            &lt;td&gt;200 UTC&lt;/td&gt;
        &lt;/tr&gt;

        &lt;tr&gt;
            &lt;td&gt;&lt;b&gt;Satélite&lt;/b&gt;&lt;/td&gt;
            &lt;td&gt;N21&lt;/td&gt;
        &lt;/tr&gt;

        &lt;tr&gt;
            &lt;td&gt;&lt;b&gt;Instrumento&lt;/b&gt;&lt;/td&gt;
            &lt;td&gt;VIIRS&lt;/td&gt;
        &lt;/tr&gt;

        &lt;tr&gt;
            &lt;td&gt;&lt;b&gt;Población más cercana&lt;/b&gt;&lt;/td&gt;
            &lt;td&gt;Santa Margarida i els Monjos&lt;/td&gt;
        &lt;/tr&gt;

        &lt;tr&gt;
            &lt;td&gt;&lt;b&gt;Distancia&lt;/b&gt;&lt;/td&gt;
            &lt;td&gt;842 m&lt;/td&gt;
        &lt;/tr&gt;

        &lt;tr&gt;
            &lt;td&gt;&lt;b&gt;Latitud&lt;/b&gt;&lt;/td&gt;
            &lt;td&gt;41.313540&lt;/td&gt;
        &lt;/tr&gt;

        &lt;tr&gt;
            &lt;td&gt;&lt;b&gt;Longitud&lt;/b&gt;&lt;/td&gt;
            &lt;td&gt;1.662300&lt;/td&gt;
        &lt;/tr&gt;

    &lt;/table&gt;

    ]]&gt;
    </description>
      <Point>
        <coordinates>1.6623,41.31354,0</coordinates>
      </Point>
    </Placemark>
    <Placemark>
      <styleUrl>#area_amarilla</styleUrl>
      <Polygon>
        <outerBoundaryIs>
          <LinearRing>
            <coordinates>1.98116,41.45660898240888,0 1.981472557175823,41.45658848791194,0 1.9817756168823715,41.456527627174225,0 1.9820599702958488,41.456428249528344,0 1.9823169771046583,41.456293374682176,0 1.9825388280863758,41.4561271009462,0 1.9827187824112136,41.455934480683545,0 1.9828513724587151,41.45572136676997,0 1.9829325699244276,41.45549423473227,0 1.9829599081724127,41.45525998597235,0 1.9829325571214582,41.4550257380584,0 1.9828513483970032,41.45479860845658,0 1.9827187499929568,41.45458549827498,0 1.9825387912216943,41.454392882590284,0 1.9823169402399767,41.454226613726064,0 1.982059937877592,41.45409174345784,0 1.9817755928206595,41.45399236954393,0 1.9814725443728534,41.4539315112421,0 1.98116,41.453911017591125,0 1.9808474556271465,41.4539315112421,0 1.9805444071793403,41.45399236954393,0 1.980260062122408,41.45409174345784,0 1.980003059760023,41.454226613726064,0 1.9797812087783055,41.454392882590284,0 1.9796012500070432,41.45458549827498,0 1.979468651602997,41.45479860845658,0 1.9793874428785418,41.4550257380584,0 1.9793600918275873,41.45525998597235,0 1.9793874300755723,41.45549423473227,0 1.979468627541285,41.45572136676997,0 1.9796012175887863,41.455934480683545,0 1.9797811719136242,41.4561271009462,0 1.9800030228953418,41.456293374682176,0 1.9802600297041513,41.456428249528344,0 1.9805443831176284,41.456527627174225,0 1.9808474428241771,41.45658848791194,0 1.98116,41.45660898240888,0</coordinates>
          </LinearRing>
        </outerBoundaryIs>
      </Polygon>
    </Placemark>
    <Placemark>
      <styleUrl>#pink</styleUrl>
      <name />
      <description>
    &lt;![CDATA[
    &lt;h2&gt;🔥 Incendio activo&lt;/h2&gt;

    &lt;table border="0" cellpadding="4"&gt;

        &lt;tr&gt;
            &lt;td&gt;&lt;b&gt;Focos agrupados&lt;/b&gt;&lt;/td&gt;
            &lt;td&gt;1&lt;/td&gt;
        &lt;/tr&gt;

        &lt;tr&gt;
            &lt;td&gt;&lt;b&gt;FRP máximo&lt;/b&gt;&lt;/td&gt;
            &lt;td&gt;1.1 MW&lt;/td&gt;
        &lt;/tr&gt;

        &lt;tr&gt;
            &lt;td&gt;&lt;b&gt;Confianza&lt;/b&gt;&lt;/td&gt;
            &lt;td&gt;Baja&lt;/td&gt;
        &lt;/tr&gt;

        &lt;tr&gt;
            &lt;td&gt;&lt;b&gt;Fecha&lt;/b&gt;&lt;/td&gt;
            &lt;td&gt;2026-09-30&lt;/td&gt;
        &lt;/tr&gt;

        &lt;tr&gt;
            &lt;td&gt;&lt;b&gt;Hora&lt;/b&gt;&lt;/td&gt;
            &lt;td&gt;200 UTC&lt;/td&gt;
        &lt;/tr&gt;

        &lt;tr&gt;
            &lt;td&gt;&lt;b&gt;Satélite&lt;/b&gt;&lt;/td&gt;
            &lt;td&gt;N21&lt;/td&gt;
        &lt;/tr&gt;

        &lt;tr&gt;
            &lt;td&gt;&lt;b&gt;Instrumento&lt;/b&gt;&lt;/td&gt;
            &lt;td&gt;VIIRS&lt;/td&gt;
        &lt;/tr&gt;

        &lt;tr&gt;
            &lt;td&gt;&lt;b&gt;Población más cercana&lt;/b&gt;&lt;/td&gt;
            &lt;td&gt;Sant Andreu de la Barca&lt;/td&gt;
        &lt;/tr&gt;

        &lt;tr&gt;
            &lt;td&gt;&lt;b&gt;Distancia&lt;/b&gt;&lt;/td&gt;
            &lt;td&gt;1.0 km&lt;/td&gt;
        &lt;/tr&gt;

        &lt;tr&gt;
            &lt;td&gt;&lt;b&gt;Latitud&lt;/b&gt;&lt;/td&gt;
            &lt;td&gt;41.455260&lt;/td&gt;
        &lt;/tr&gt;

        &lt;tr&gt;
            &lt;td&gt;&lt;b&gt;Longitud&lt;/b&gt;&lt;/td&gt;
            &lt;td&gt;1.981160&lt;/td&gt;
        &lt;/tr&gt;

    &lt;/table&gt;

    ]]&gt;
    </description>
      <Point>
        <coordinates>1.98116,41.45526,0</coordinates>
      </Point>
    </Placemark>
    <Placemark>
      <styleUrl>#area_amarilla</styleUrl>
      <Polygon>
        <outerBoundaryIs>
          <LinearRing>
            <coordinates>2.18507,41.47556898240888,0 2.185382648586898,41.47554848791166,0 2.1856857969264882,41.47548762717312,0 2.1859702335014157,41.475388249526006,0 2.186227315472903,41.4752533746783,0 2.1864492313345547,41.475087100940705,0 2.186629238285239,41.474894480676525,0 2.186761867105681,41.474681366761715,0 2.1868430883136942,41.47445423472319,0 2.1868704345524312,41.474219985962996,0 2.1868430754984374,41.47398573804933,0 2.1867618430208755,41.473758608448314,0 2.1866292058358683,41.47354549826797,0 2.186449194434492,41.47335288258479,0 2.1862272785728405,41.4731866137222,0 2.185970201052045,41.4730517434555,0 2.1856857728416825,41.472952369542845,0 2.185382635771641,41.47289151124181,0 2.18507,41.472871017591125,0 2.1847573642283593,41.47289151124181,0 2.1844542271583176,41.472952369542845,0 2.184169798947955,41.4730517434555,0 2.1839127214271596,41.4731866137222,0 2.183690805565508,41.47335288258479,0 2.183510794164132,41.47354549826797,0 2.1833781569791246,41.473758608448314,0 2.183296924501563,41.47398573804933,0 2.1832695654475693,41.474219985962996,0 2.183296911686306,41.47445423472319,0 2.1833781328943194,41.474681366761715,0 2.183510761714761,41.474894480676525,0 2.1836907686654454,41.475087100940705,0 2.183912684527097,41.4752533746783,0 2.184169766498585,41.475388249526006,0 2.184454203073512,41.47548762717312,0 2.184757351413102,41.47554848791166,0 2.18507,41.47556898240888,0</coordinates>
          </LinearRing>
        </outerBoundaryIs>
      </Polygon>
    </Placemark>
    <Placemark>
      <styleUrl>#pink</styleUrl>
      <name />
      <description>
    &lt;![CDATA[
    &lt;h2&gt;🔥 Incendio activo&lt;/h2&gt;

    &lt;table border="0" cellpadding="4"&gt;

        &lt;tr&gt;
            &lt;td&gt;&lt;b&gt;Focos agrupados&lt;/b&gt;&lt;/td&gt;
            &lt;td&gt;1&lt;/td&gt;
        &lt;/tr&gt;

        &lt;tr&gt;
            &lt;td&gt;&lt;b&gt;FRP máximo&lt;/b&gt;&lt;/td&gt;
            &lt;td&gt;0.6 MW&lt;/td&gt;
        &lt;/tr&gt;

        &lt;tr&gt;
            &lt;td&gt;&lt;b&gt;Confianza&lt;/b&gt;&lt;/td&gt;
            &lt;td&gt;Baja&lt;/td&gt;
        &lt;/tr&gt;

        &lt;tr&gt;
            &lt;td&gt;&lt;b&gt;Fecha&lt;/b&gt;&lt;/td&gt;
            &lt;td&gt;2026-09-30&lt;/td&gt;
        &lt;/tr&gt;

        &lt;tr&gt;
            &lt;td&gt;&lt;b&gt;Hora&lt;/b&gt;&lt;/td&gt;
            &lt;td&gt;200 UTC&lt;/td&gt;
        &lt;/tr&gt;

        &lt;tr&gt;
            &lt;td&gt;&lt;b&gt;Satélite&lt;/b&gt;&lt;/td&gt;
            &lt;td&gt;N21&lt;/td&gt;
        &lt;/tr&gt;

        &lt;tr&gt;
            &lt;td&gt;&lt;b&gt;Instrumento&lt;/b&gt;&lt;/td&gt;
            &lt;td&gt;VIIRS&lt;/td&gt;
        &lt;/tr&gt;

        &lt;tr&gt;
            &lt;td&gt;&lt;b&gt;Población más cercana&lt;/b&gt;&lt;/td&gt;
            &lt;td&gt;Montcada i Reixac&lt;/td&gt;
        &lt;/tr&gt;

        &lt;tr&gt;
            &lt;td&gt;&lt;b&gt;Distancia&lt;/b&gt;&lt;/td&gt;
            &lt;td&gt;670 m&lt;/td&gt;
        &lt;/tr&gt;

        &lt;tr&gt;
            &lt;td&gt;&lt;b&gt;Latitud&lt;/b&gt;&lt;/td&gt;
            &lt;td&gt;41.474220&lt;/td&gt;
        &lt;/tr&gt;

        &lt;tr&gt;
            &lt;td&gt;&lt;b&gt;Longitud&lt;/b&gt;&lt;/td&gt;
            &lt;td&gt;2.185070&lt;/td&gt;
        &lt;/tr&gt;

    &lt;/table&gt;

    ]]&gt;
    </description>
      <Point>
        <coordinates>2.18507,41.47422,0</coordinates>
      </Point>
    </Placemark>
    <Placemark>
      <styleUrl>#area_amarilla</styleUrl>
      <Polygon>
        <outerBoundaryIs>
          <LinearRing>
            <coordinates>1.77647,42.70661898240887,0 1.7767887761362444,42.70659848789297,0 1.7770978658053376,42.70653762710064,0 1.7773878769327829,42.70643824937109,0 1.7776499972754647,42.70630337442226,0 1.7778762622256556,42.70613710057705,0 1.7780597968373717,42.70594448021177,0 1.7781950247181202,42.70573136621453,0 1.7782778374389667,42.705504234122216,0 1.7783057193186012,42.70526998534333,0 1.7782778237957475,42.705035737448355,0 1.7781949990772556,42.70480860790115,0 1.7780597622915284,42.704595497803226,0 1.7778762229415719,42.704402882221174,0 1.7776499579913811,42.704236613466165,0 1.7773878423869396,42.70410174330058,0 1.777097840164473,42.70400236947035,0 1.7767887624930252,42.70394151122312,0 1.77647,42.70392101759113,0 1.7761512375069748,42.70394151122312,0 1.7758421598355272,42.70400236947035,0 1.7755521576130606,42.70410174330058,0 1.7752900420086188,42.704236613466165,0 1.775063777058428,42.704402882221174,0 1.7748802377084716,42.704595497803226,0 1.7747450009227443,42.70480860790115,0 1.7746621762042525,42.705035737448355,0 1.7746342806813988,42.70526998534333,0 1.7746621625610335,42.705504234122216,0 1.7747449752818798,42.70573136621453,0 1.7748802031626283,42.70594448021177,0 1.7750637377743446,42.70613710057705,0 1.7752900027245353,42.70630337442226,0 1.7755521230672173,42.70643824937109,0 1.7758421341946626,42.70653762710064,0 1.7761512238637558,42.70659848789297,0 1.77647,42.70661898240887,0</coordinates>
          </LinearRing>
        </outerBoundaryIs>
      </Polygon>
    </Placemark>
    <Placemark>
      <styleUrl>#pink</styleUrl>
      <name />
      <description>
    &lt;![CDATA[
    &lt;h2&gt;🔥 Incendio activo&lt;/h2&gt;

    &lt;table border="0" cellpadding="4"&gt;

        &lt;tr&gt;
            &lt;td&gt;&lt;b&gt;Focos agrupados&lt;/b&gt;&lt;/td&gt;
            &lt;td&gt;1&lt;/td&gt;
        &lt;/tr&gt;

        &lt;tr&gt;
            &lt;td&gt;&lt;b&gt;FRP máximo&lt;/b&gt;&lt;/td&gt;
            &lt;td&gt;1.0 MW&lt;/td&gt;
        &lt;/tr&gt;

        &lt;tr&gt;
            &lt;td&gt;&lt;b&gt;Confianza&lt;/b&gt;&lt;/td&gt;
            &lt;td&gt;Baja&lt;/td&gt;
        &lt;/tr&gt;

        &lt;tr&gt;
            &lt;td&gt;&lt;b&gt;Fecha&lt;/b&gt;&lt;/td&gt;
            &lt;td&gt;2026-09-30&lt;/td&gt;
        &lt;/tr&gt;

        &lt;tr&gt;
            &lt;td&gt;&lt;b&gt;Hora&lt;/b&gt;&lt;/td&gt;
            &lt;td&gt;200 UTC&lt;/td&gt;
        &lt;/tr&gt;

        &lt;tr&gt;
            &lt;td&gt;&lt;b&gt;Satélite&lt;/b&gt;&lt;/td&gt;
            &lt;td&gt;N21&lt;/td&gt;
        &lt;/tr&gt;

        &lt;tr&gt;
            &lt;td&gt;&lt;b&gt;Instrumento&lt;/b&gt;&lt;/td&gt;
            &lt;td&gt;VIIRS&lt;/td&gt;
        &lt;/tr&gt;

        &lt;tr&gt;
            &lt;td&gt;&lt;b&gt;Población más cercana&lt;/b&gt;&lt;/td&gt;
            &lt;td&gt;Meranges&lt;/td&gt;
        &lt;/tr&gt;

        &lt;tr&gt;
            &lt;td&gt;&lt;b&gt;Distancia&lt;/b&gt;&lt;/td&gt;
            &lt;td&gt;28.7 km&lt;/td&gt;
        &lt;/tr&gt;

        &lt;tr&gt;
            &lt;td&gt;&lt;b&gt;Latitud&lt;/b&gt;&lt;/td&gt;
            &lt;td&gt;42.705270&lt;/td&gt;
        &lt;/tr&gt;

        &lt;tr&gt;
            &lt;td&gt;&lt;b&gt;Longitud&lt;/b&gt;&lt;/td&gt;
            &lt;td&gt;1.776470&lt;/td&gt;
        &lt;/tr&gt;

    &lt;/table&gt;

    ]]&gt;
    </description>
      <Point>
        <coordinates>1.77647,42.70527,0</coordinates>
      </Point>
    </Placemark>
    <Placemark>
      <styleUrl>#area_amarilla</styleUrl>
      <Polygon>
        <outerBoundaryIs>
          <LinearRing>
            <coordinates>1.49035,42.89691898240887,0 1.4906697581399075,42.89689848789002,0 1.4909797999689556,42.89683762708918,0 1.4912707044764522,42.89673824934659,0 1.491533632270449,42.89660337438178,0 1.4917605942071277,42.896437100519556,0 1.4919446941629233,42.896244480138286,0 1.4920803385697408,42.896031366128014,0 1.4921634063466447,42.895804234027196,0 1.4921913740678727,42.89556998524535,0 1.4921633925699187,42.895335737353335,0 1.4920803126779651,42.89510860781463,0 1.491944659279028,42.89489549772974,0 1.4917605545386259,42.89470288216367,0 1.4915335926019473,42.894536613425686,0 1.491270669592557,42.894401743276084,0 1.4909797740771797,42.89430236945889,0 1.4906697443631813,42.894241511220166,0 1.49035,42.89422101759112,0 1.4900302556368188,42.894241511220166,0 1.4897202259228204,42.89430236945889,0 1.4894293304074433,42.894401743276084,0 1.489166407398053,42.894536613425686,0 1.4889394454613742,42.89470288216367,0 1.4887553407209722,42.89489549772974,0 1.488619687322035,42.89510860781463,0 1.4885366074300816,42.895335737353335,0 1.4885086259321276,42.89556998524535,0 1.4885365936533554,42.895804234027196,0 1.4886196614302594,42.896031366128014,0 1.488755305837077,42.896244480138286,0 1.4889394057928724,42.896437100519556,0 1.489166367729551,42.89660337438178,0 1.4894292955235482,42.89673824934659,0 1.4897202000310448,42.89683762708918,0 1.4900302418600928,42.89689848789002,0 1.49035,42.89691898240887,0</coordinates>
          </LinearRing>
        </outerBoundaryIs>
      </Polygon>
    </Placemark>
    <Placemark>
      <styleUrl>#pink</styleUrl>
      <name />
      <description>
    &lt;![CDATA[
    &lt;h2&gt;🔥 Incendio activo&lt;/h2&gt;

    &lt;table border="0" cellpadding="4"&gt;

        &lt;tr&gt;
            &lt;td&gt;&lt;b&gt;Focos agrupados&lt;/b&gt;&lt;/td&gt;
            &lt;td&gt;1&lt;/td&gt;
        &lt;/tr&gt;

        &lt;tr&gt;
            &lt;td&gt;&lt;b&gt;FRP máximo&lt;/b&gt;&lt;/td&gt;
            &lt;td&gt;1.3 MW&lt;/td&gt;
        &lt;/tr&gt;

        &lt;tr&gt;
            &lt;td&gt;&lt;b&gt;Confianza&lt;/b&gt;&lt;/td&gt;
            &lt;td&gt;Baja&lt;/td&gt;
        &lt;/tr&gt;

        &lt;tr&gt;
            &lt;td&gt;&lt;b&gt;Fecha&lt;/b&gt;&lt;/td&gt;
            &lt;td&gt;2026-09-30&lt;/td&gt;
        &lt;/tr&gt;

        &lt;tr&gt;
            &lt;td&gt;&lt;b&gt;Hora&lt;/b&gt;&lt;/td&gt;
            &lt;td&gt;200 UTC&lt;/td&gt;
        &lt;/tr&gt;

        &lt;tr&gt;
            &lt;td&gt;&lt;b&gt;Satélite&lt;/b&gt;&lt;/td&gt;
            &lt;td&gt;N21&lt;/td&gt;
        &lt;/tr&gt;

        &lt;tr&gt;
            &lt;td&gt;&lt;b&gt;Instrumento&lt;/b&gt;&lt;/td&gt;
            &lt;td&gt;VIIRS&lt;/td&gt;
        &lt;/tr&gt;

        &lt;tr&gt;
            &lt;td&gt;&lt;b&gt;Población más cercana&lt;/b&gt;&lt;/td&gt;
            &lt;td&gt;Lladorre&lt;/td&gt;
        &lt;/tr&gt;

        &lt;tr&gt;
            &lt;td&gt;&lt;b&gt;Distancia&lt;/b&gt;&lt;/td&gt;
            &lt;td&gt;36.3 km&lt;/td&gt;
        &lt;/tr&gt;

        &lt;tr&gt;
            &lt;td&gt;&lt;b&gt;Latitud&lt;/b&gt;&lt;/td&gt;
            &lt;td&gt;42.895570&lt;/td&gt;
        &lt;/tr&gt;

        &lt;tr&gt;
            &lt;td&gt;&lt;b&gt;Longitud&lt;/b&gt;&lt;/td&gt;
            &lt;td&gt;1.490350&lt;/td&gt;
        &lt;/tr&gt;

    &lt;/table&gt;

    ]]&gt;
    </description>
      <Point>
        <coordinates>1.49035,42.89557,0</coordinates>
      </Point>
    </Placemark>
    <Placemark>
      <styleUrl>#area_amarilla</styleUrl>
      <Polygon>
        <outerBoundaryIs>
          <LinearRing>
            <coordinates>1.48555,42.89774898240888,0 1.4858697624439359,42.89772848789001,0 1.4861798084462106,42.89766762708912,0 1.4864707168693068,42.897568249346484,0 1.4867336482022862,42.897433374381606,0 1.48696061319379,42.897267100519315,0 1.4871447156274344,42.897074480137974,0 1.487280361859846,42.89686136612764,0 1.4873634307546362,42.896634234026784,0 1.4873913988520993,42.896399985244926,0 1.4873634169773242,42.896165737352916,0 1.4872803359669697,42.89593860781426,0 1.4871446807420565,42.89572549772943,0 1.4869605735236018,42.89553288216342,0 1.486733608532098,42.895366613425516,0 1.4864706819839288,42.89523174327598,0 1.486179782553334,42.89513236945885,0 1.4858697486666241,42.89507151122015,0 1.48555,42.89505101759113,0 1.4852302513333757,42.89507151122015,0 1.4849202174466656,42.89513236945885,0 1.484629318016071,42.89523174327598,0 1.484366391467902,42.895366613425516,0 1.484139426476398,42.89553288216342,0 1.483955319257943,42.89572549772943,0 1.4838196640330301,42.89593860781426,0 1.4837365830226754,42.896165737352916,0 1.4837086011479004,42.896399985244926,0 1.4837365692453637,42.896634234026784,0 1.4838196381401536,42.89686136612764,0 1.4839552843725652,42.897074480137974,0 1.4841393868062098,42.897267100519315,0 1.4843663517977137,42.897433374381606,0 1.4846292831306929,42.897568249346484,0 1.4849201915537893,42.89766762708912,0 1.4852302375560638,42.89772848789001,0 1.48555,42.89774898240888,0</coordinates>
          </LinearRing>
        </outerBoundaryIs>
      </Polygon>
    </Placemark>
    <Placemark>
      <styleUrl>#pink</styleUrl>
      <name />
      <description>
    &lt;![CDATA[
    &lt;h2&gt;🔥 Incendio activo&lt;/h2&gt;

    &lt;table border="0" cellpadding="4"&gt;

        &lt;tr&gt;
            &lt;td&gt;&lt;b&gt;Focos agrupados&lt;/b&gt;&lt;/td&gt;
            &lt;td&gt;1&lt;/td&gt;
        &lt;/tr&gt;

        &lt;tr&gt;
            &lt;td&gt;&lt;b&gt;FRP máximo&lt;/b&gt;&lt;/td&gt;
            &lt;td&gt;1.2 MW&lt;/td&gt;
        &lt;/tr&gt;

        &lt;tr&gt;
            &lt;td&gt;&lt;b&gt;Confianza&lt;/b&gt;&lt;/td&gt;
            &lt;td&gt;Baja&lt;/td&gt;
        &lt;/tr&gt;

        &lt;tr&gt;
            &lt;td&gt;&lt;b&gt;Fecha&lt;/b&gt;&lt;/td&gt;
            &lt;td&gt;2026-09-30&lt;/td&gt;
        &lt;/tr&gt;

        &lt;tr&gt;
            &lt;td&gt;&lt;b&gt;Hora&lt;/b&gt;&lt;/td&gt;
            &lt;td&gt;200 UTC&lt;/td&gt;
        &lt;/tr&gt;

        &lt;tr&gt;
            &lt;td&gt;&lt;b&gt;Satélite&lt;/b&gt;&lt;/td&gt;
            &lt;td&gt;N21&lt;/td&gt;
        &lt;/tr&gt;

        &lt;tr&gt;
            &lt;td&gt;&lt;b&gt;Instrumento&lt;/b&gt;&lt;/td&gt;
            &lt;td&gt;VIIRS&lt;/td&gt;
        &lt;/tr&gt;

        &lt;tr&gt;
            &lt;td&gt;&lt;b&gt;Población más cercana&lt;/b&gt;&lt;/td&gt;
            &lt;td&gt;Lladorre&lt;/td&gt;
        &lt;/tr&gt;

        &lt;tr&gt;
            &lt;td&gt;&lt;b&gt;Distancia&lt;/b&gt;&lt;/td&gt;
            &lt;td&gt;36.2 km&lt;/td&gt;
        &lt;/tr&gt;

        &lt;tr&gt;
            &lt;td&gt;&lt;b&gt;Latitud&lt;/b&gt;&lt;/td&gt;
            &lt;td&gt;42.896400&lt;/td&gt;
        &lt;/tr&gt;

        &lt;tr&gt;
            &lt;td&gt;&lt;b&gt;Longitud&lt;/b&gt;&lt;/td&gt;
            &lt;td&gt;1.485550&lt;/td&gt;
        &lt;/tr&gt;

    &lt;/table&gt;

    ]]&gt;
    </description>
      <Point>
        <coordinates>1.48555,42.8964,0</coordinates>
      </Point>
    </Placemark>
    <Placemark>
      <styleUrl>#area_amarilla</styleUrl>
      <Polygon>
        <outerBoundaryIs>
          <LinearRing>
            <coordinates>4.89448,43.43431898240888,0 4.8948025835811535,43.43429848788157,0 4.895115364984452,43.43423762705642,0 4.895408839943336,43.43413824927659,0 4.895674090952638,43.4340033742661,0 4.895903058272781,43.43383710035526,0 4.896088784847638,43.433644479928304,0 4.89622562769116,43.43343136588078,0 4.896309429319871,43.43320423375566,0 4.896337644025584,43.43296998496538,0 4.8963094151576865,43.43273573708179,0 4.896225601074962,43.432508607567414,0 4.896088748987731,43.43229549751977,0 4.8959030174943985,43.432102881999384,0 4.8956740501742555,43.431936613310015,0 4.895408804083429,43.431801743206094,0 4.895115338368254,43.43170236942614,0 4.894802569418969,43.43164151121173,0 4.89448,43.43162101759111,0 4.894157430581029,43.43164151121173,0 4.893844661631745,43.43170236942614,0 4.8935511959165705,43.431801743206094,0 4.893285949825743,43.431936613310015,0 4.8930569825056,43.432102881999384,0 4.892871251012267,43.43229549751977,0 4.892734398925037,43.432508607567414,0 4.892650584842312,43.43273573708179,0 4.892622355974415,43.43296998496538,0 4.892650570680128,43.43320423375566,0 4.892734372308839,43.43343136588078,0 4.89287121515236,43.433644479928304,0 4.893056941727218,43.43383710035526,0 4.893285909047361,43.4340033742661,0 4.8935511600566635,43.43413824927659,0 4.8938446350155465,43.43423762705642,0 4.894157416418846,43.43429848788157,0 4.89448,43.43431898240888,0</coordinates>
          </LinearRing>
        </outerBoundaryIs>
      </Polygon>
    </Placemark>
    <Placemark>
      <styleUrl>#pink</styleUrl>
      <name />
      <description>
    &lt;![CDATA[
    &lt;h2&gt;🔥 Incendio activo&lt;/h2&gt;

    &lt;table border="0" cellpadding="4"&gt;

        &lt;tr&gt;
            &lt;td&gt;&lt;b&gt;Focos agrupados&lt;/b&gt;&lt;/td&gt;
            &lt;td&gt;1&lt;/td&gt;
        &lt;/tr&gt;

        &lt;tr&gt;
            &lt;td&gt;&lt;b&gt;FRP máximo&lt;/b&gt;&lt;/td&gt;
            &lt;td&gt;2.1 MW&lt;/td&gt;
        &lt;/tr&gt;

        &lt;tr&gt;
            &lt;td&gt;&lt;b&gt;Confianza&lt;/b&gt;&lt;/td&gt;
            &lt;td&gt;Baja&lt;/td&gt;
        &lt;/tr&gt;

        &lt;tr&gt;
            &lt;td&gt;&lt;b&gt;Fecha&lt;/b&gt;&lt;/td&gt;
            &lt;td&gt;2026-09-30&lt;/td&gt;
        &lt;/tr&gt;

        &lt;tr&gt;
            &lt;td&gt;&lt;b&gt;Hora&lt;/b&gt;&lt;/td&gt;
            &lt;td&gt;200 UTC&lt;/td&gt;
        &lt;/tr&gt;

        &lt;tr&gt;
            &lt;td&gt;&lt;b&gt;Satélite&lt;/b&gt;&lt;/td&gt;
            &lt;td&gt;N21&lt;/td&gt;
        &lt;/tr&gt;

        &lt;tr&gt;
            &lt;td&gt;&lt;b&gt;Instrumento&lt;/b&gt;&lt;/td&gt;
            &lt;td&gt;VIIRS&lt;/td&gt;
        &lt;/tr&gt;

        &lt;tr&gt;
            &lt;td&gt;&lt;b&gt;Población más cercana&lt;/b&gt;&lt;/td&gt;
            &lt;td&gt;Portbou&lt;/td&gt;
        &lt;/tr&gt;

        &lt;tr&gt;
            &lt;td&gt;&lt;b&gt;Distancia&lt;/b&gt;&lt;/td&gt;
            &lt;td&gt;180.0 km&lt;/td&gt;
        &lt;/tr&gt;

        &lt;tr&gt;
            &lt;td&gt;&lt;b&gt;Latitud&lt;/b&gt;&lt;/td&gt;
            &lt;td&gt;43.432970&lt;/td&gt;
        &lt;/tr&gt;

        &lt;tr&gt;
            &lt;td&gt;&lt;b&gt;Longitud&lt;/b&gt;&lt;/td&gt;
            &lt;td&gt;4.894480&lt;/td&gt;
        &lt;/tr&gt;

    &lt;/table&gt;

    ]]&gt;
    </description>
      <Point>
        <coordinates>4.89448,43.43297,0</coordinates>
      </Point>
    </Placemark>
    <Placemark>
      <styleUrl>#area_amarilla</styleUrl>
      <Polygon>
        <outerBoundaryIs>
          <LinearRing>
            <coordinates>4.8854,43.44394898240889,0 4.885722634927096,43.44392848788143,0 4.886035466115901,43.443867627055845,0 4.886328987786865,43.44376824927534,0 4.886594281015297,43.44363337426402,0 4.886823284778698,43.443467100352294,0 4.887009040913633,43.44327447992451,0 4.887145905535997,43.44306136587633,0 4.887229720500777,43.442834233750766,0 4.88725793969486,43.44259998496033,0 4.88722970633157,43.4423657370769,0 4.8871458789065985,43.442138607562946,0 4.887009005035943,43.44192549751599,0 4.886823243980093,43.44173288199642,0 4.8865942402166915,43.44156661330794,0 4.886328951909175,43.441431743204845,0 4.886035439486503,43.44133236942555,0 4.885722620757889,43.44127151121158,0 4.8854,43.44125101759113,0 4.8850773792421105,43.44127151121158,0 4.8847645605134975,43.44133236942555,0 4.884471048090825,43.441431743204845,0 4.884205759783309,43.44156661330794,0 4.883976756019907,43.44173288199642,0 4.883790994964056,43.44192549751599,0 4.883654121093401,43.442138607562946,0 4.88357029366843,43.4423657370769,0 4.883542060305141,43.44259998496033,0 4.8835702794992235,43.442834233750766,0 4.883654094464004,43.44306136587633,0 4.883790959086366,43.44327447992451,0 4.883976715221302,43.443467100352294,0 4.884205718984703,43.44363337426402,0 4.884471012213135,43.44376824927534,0 4.884764533884098,43.443867627055845,0 4.885077365072904,43.44392848788143,0 4.8854,43.44394898240889,0</coordinates>
          </LinearRing>
        </outerBoundaryIs>
      </Polygon>
    </Placemark>
    <Placemark>
      <styleUrl>#pink</styleUrl>
      <name />
      <description>
    &lt;![CDATA[
    &lt;h2&gt;🔥 Incendio activo&lt;/h2&gt;

    &lt;table border="0" cellpadding="4"&gt;

        &lt;tr&gt;
            &lt;td&gt;&lt;b&gt;Focos agrupados&lt;/b&gt;&lt;/td&gt;
            &lt;td&gt;1&lt;/td&gt;
        &lt;/tr&gt;

        &lt;tr&gt;
            &lt;td&gt;&lt;b&gt;FRP máximo&lt;/b&gt;&lt;/td&gt;
            &lt;td&gt;1.3 MW&lt;/td&gt;
        &lt;/tr&gt;

        &lt;tr&gt;
            &lt;td&gt;&lt;b&gt;Confianza&lt;/b&gt;&lt;/td&gt;
            &lt;td&gt;Baja&lt;/td&gt;
        &lt;/tr&gt;

        &lt;tr&gt;
            &lt;td&gt;&lt;b&gt;Fecha&lt;/b&gt;&lt;/td&gt;
            &lt;td&gt;2026-09-30&lt;/td&gt;
        &lt;/tr&gt;

        &lt;tr&gt;
            &lt;td&gt;&lt;b&gt;Hora&lt;/b&gt;&lt;/td&gt;
            &lt;td&gt;200 UTC&lt;/td&gt;
        &lt;/tr&gt;

        &lt;tr&gt;
            &lt;td&gt;&lt;b&gt;Satélite&lt;/b&gt;&lt;/td&gt;
            &lt;td&gt;N21&lt;/td&gt;
        &lt;/tr&gt;

        &lt;tr&gt;
            &lt;td&gt;&lt;b&gt;Instrumento&lt;/b&gt;&lt;/td&gt;
            &lt;td&gt;VIIRS&lt;/td&gt;
        &lt;/tr&gt;

        &lt;tr&gt;
            &lt;td&gt;&lt;b&gt;Población más cercana&lt;/b&gt;&lt;/td&gt;
            &lt;td&gt;Portbou&lt;/td&gt;
        &lt;/tr&gt;

        &lt;tr&gt;
            &lt;td&gt;&lt;b&gt;Distancia&lt;/b&gt;&lt;/td&gt;
            &lt;td&gt;180.1 km&lt;/td&gt;
        &lt;/tr&gt;

        &lt;tr&gt;
            &lt;td&gt;&lt;b&gt;Latitud&lt;/b&gt;&lt;/td&gt;
            &lt;td&gt;43.442600&lt;/td&gt;
        &lt;/tr&gt;

        &lt;tr&gt;
            &lt;td&gt;&lt;b&gt;Longitud&lt;/b&gt;&lt;/td&gt;
            &lt;td&gt;4.885400&lt;/td&gt;
        &lt;/tr&gt;

    &lt;/table&gt;

    ]]&gt;
    </description>
      <Point>
        <coordinates>4.8854,43.4426,0</coordinates>
      </Point>
    </Placemark>
    <Placemark>
      <styleUrl>#area_amarilla</styleUrl>
      <Polygon>
        <outerBoundaryIs>
          <LinearRing>
            <coordinates>-1.34462,35.31218898240888,0 -1.3443329361823675,35.31216848799574,0 -1.344054595078993,35.31210762749934,0 -1.3437934343175593,35.312008250223165,0 -1.343557389413311,35.3118733758305,0 -1.3433536326189504,35.311707102577145,0 -1.3431883549815478,35.311514482768004,0 -1.3430665782307165,35.311301369224125,0 -1.3429920022137254,35.31107423742771,0 -1.3429668925110092,35.310839988751574,0 -1.3429920116427791,35.31060574075381,0 -1.3430665959515409,35.310378610910654,0 -1.34318837885675,35.31016550035936,0 -1.3433536597688287,35.30997288422116,0 -1.3435574165631894,35.30980661487433,0 -1.3437934581927613,35.30967174415262,0 -1.3440546127998174,35.309572369869024,0 -1.3443329456114215,35.30951151132589,0 -1.34462,35.30949101759112,0 -1.3449070543885784,35.30951151132589,0 -1.3451853872001824,35.309572369869024,0 -1.3454465418072385,35.30967174415262,0 -1.3456825834368105,35.30980661487433,0 -1.3458863402311712,35.30997288422116,0 -1.3460516211432498,35.31016550035936,0 -1.346173404048459,35.310378610910654,0 -1.3462479883572207,35.31060574075381,0 -1.3462731074889907,35.310839988751574,0 -1.3462479977862745,35.31107423742771,0 -1.3461734217692833,35.311301369224125,0 -1.346051645018452,35.311514482768004,0 -1.3458863673810495,35.311707102577145,0 -1.3456826105866888,35.3118733758305,0 -1.3454465656824406,35.312008250223165,0 -1.3451854049210068,35.31210762749934,0 -1.3449070638176324,35.31216848799574,0 -1.34462,35.31218898240888,0</coordinates>
          </LinearRing>
        </outerBoundaryIs>
      </Polygon>
    </Placemark>
    <Placemark>
      <styleUrl>#pink</styleUrl>
      <name />
      <description>
    &lt;![CDATA[
    &lt;h2&gt;🔥 Incendio activo&lt;/h2&gt;

    &lt;table border="0" cellpadding="4"&gt;

        &lt;tr&gt;
            &lt;td&gt;&lt;b&gt;Focos agrupados&lt;/b&gt;&lt;/td&gt;
            &lt;td&gt;1&lt;/td&gt;
        &lt;/tr&gt;

        &lt;tr&gt;
            &lt;td&gt;&lt;b&gt;FRP máximo&lt;/b&gt;&lt;/td&gt;
            &lt;td&gt;0.9 MW&lt;/td&gt;
        &lt;/tr&gt;

        &lt;tr&gt;
            &lt;td&gt;&lt;b&gt;Confianza&lt;/b&gt;&lt;/td&gt;
            &lt;td&gt;Baja&lt;/td&gt;
        &lt;/tr&gt;

        &lt;tr&gt;
            &lt;td&gt;&lt;b&gt;Fecha&lt;/b&gt;&lt;/td&gt;
            &lt;td&gt;2026-09-30&lt;/td&gt;
        &lt;/tr&gt;

        &lt;tr&gt;
            &lt;td&gt;&lt;b&gt;Hora&lt;/b&gt;&lt;/td&gt;
            &lt;td&gt;202 UTC&lt;/td&gt;
        &lt;/tr&gt;

        &lt;tr&gt;
            &lt;td&gt;&lt;b&gt;Satélite&lt;/b&gt;&lt;/td&gt;
            &lt;td&gt;N21&lt;/td&gt;
        &lt;/tr&gt;

        &lt;tr&gt;
            &lt;td&gt;&lt;b&gt;Instrumento&lt;/b&gt;&lt;/td&gt;
            &lt;td&gt;VIIRS&lt;/td&gt;
        &lt;/tr&gt;

        &lt;tr&gt;
            &lt;td&gt;&lt;b&gt;Población más cercana&lt;/b&gt;&lt;/td&gt;
            &lt;td&gt;Melilla&lt;/td&gt;
        &lt;/tr&gt;

        &lt;tr&gt;
            &lt;td&gt;&lt;b&gt;Distancia&lt;/b&gt;&lt;/td&gt;
            &lt;td&gt;144.5 km&lt;/td&gt;
        &lt;/tr&gt;

        &lt;tr&gt;
            &lt;td&gt;&lt;b&gt;Latitud&lt;/b&gt;&lt;/td&gt;
            &lt;td&gt;35.310840&lt;/td&gt;
        &lt;/tr&gt;

        &lt;tr&gt;
            &lt;td&gt;&lt;b&gt;Longitud&lt;/b&gt;&lt;/td&gt;
            &lt;td&gt;-1.344620&lt;/td&gt;
        &lt;/tr&gt;

    &lt;/table&gt;

    ]]&gt;
    </description>
      <Point>
        <coordinates>-1.34462,35.31084,0</coordinates>
      </Point>
    </Placemark>
    <Placemark>
      <styleUrl>#area_amarilla</styleUrl>
      <Polygon>
        <outerBoundaryIs>
          <LinearRing>
            <coordinates>-0.27664,35.530038982408875,0 -0.27635215885530096,35.53001848799301,0 -0.27607306404814913,35.529957627488706,0 -0.27581119611118043,35.52985825020045,0 -0.2755745120498132,35.52972337579295,0 -0.2753702035388116,35.529557102523796,0 -0.27520447838887707,35.52936448269982,0 -0.2750823719254669,35.52915136914385,0 -0.27500759401099767,35.52892423733953,0 -0.2749824163564116,35.528689988660666,0 -0.27500760354200293,35.52845574066563,0 -0.27508238983789757,35.52822861083038,0 -0.2752045025222296,35.528015500291175,0 -0.2753702309822475,35.52782288416781,0 -0.2755745394932491,35.52765661483678,0 -0.275811220244533,35.527521744129885,0 -0.2760730819605798,35.5274223698584,0 -0.2763521683863062,35.52736151132315,0 -0.27664,35.52734101759113,0 -0.2769278316136938,35.52736151132315,0 -0.2772069180394202,35.5274223698584,0 -0.277468779755467,35.527521744129885,0 -0.27770546050675093,35.52765661483678,0 -0.2779097690177525,35.52782288416781,0 -0.27807549747777044,35.528015500291175,0 -0.2781976101621024,35.52822861083038,0 -0.27827239645799706,35.52845574066563,0 -0.2782975836435884,35.528689988660666,0 -0.2782724059890023,35.52892423733953,0 -0.2781976280745331,35.52915136914385,0 -0.2780755216111229,35.52936448269982,0 -0.2779097964611884,35.529557102523796,0 -0.2777054879501868,35.52972337579295,0 -0.27746880388881956,35.52985825020045,0 -0.27720693595185086,35.529957627488706,0 -0.2769278411446991,35.53001848799301,0 -0.27664,35.530038982408875,0</coordinates>
          </LinearRing>
        </outerBoundaryIs>
      </Polygon>
    </Placemark>
    <Placemark>
      <styleUrl>#pink</styleUrl>
      <name />
      <description>
    &lt;![CDATA[
    &lt;h2&gt;🔥 Incendio activo&lt;/h2&gt;

    &lt;table border="0" cellpadding="4"&gt;

        &lt;tr&gt;
            &lt;td&gt;&lt;b&gt;Focos agrupados&lt;/b&gt;&lt;/td&gt;
            &lt;td&gt;1&lt;/td&gt;
        &lt;/tr&gt;

        &lt;tr&gt;
            &lt;td&gt;&lt;b&gt;FRP máximo&lt;/b&gt;&lt;/td&gt;
            &lt;td&gt;0.7 MW&lt;/td&gt;
        &lt;/tr&gt;

        &lt;tr&gt;
            &lt;td&gt;&lt;b&gt;Confianza&lt;/b&gt;&lt;/td&gt;
            &lt;td&gt;Baja&lt;/td&gt;
        &lt;/tr&gt;

        &lt;tr&gt;
            &lt;td&gt;&lt;b&gt;Fecha&lt;/b&gt;&lt;/td&gt;
            &lt;td&gt;2026-09-30&lt;/td&gt;
        &lt;/tr&gt;

        &lt;tr&gt;
            &lt;td&gt;&lt;b&gt;Hora&lt;/b&gt;&lt;/td&gt;
            &lt;td&gt;202 UTC&lt;/td&gt;
        &lt;/tr&gt;

        &lt;tr&gt;
            &lt;td&gt;&lt;b&gt;Satélite&lt;/b&gt;&lt;/td&gt;
            &lt;td&gt;N21&lt;/td&gt;
        &lt;/tr&gt;

        &lt;tr&gt;
            &lt;td&gt;&lt;b&gt;Instrumento&lt;/b&gt;&lt;/td&gt;
            &lt;td&gt;VIIRS&lt;/td&gt;
        &lt;/tr&gt;

        &lt;tr&gt;
            &lt;td&gt;&lt;b&gt;Población más cercana&lt;/b&gt;&lt;/td&gt;
            &lt;td&gt;Carboneras&lt;/td&gt;
        &lt;/tr&gt;

        &lt;tr&gt;
            &lt;td&gt;&lt;b&gt;Distancia&lt;/b&gt;&lt;/td&gt;
            &lt;td&gt;218.4 km&lt;/td&gt;
        &lt;/tr&gt;

        &lt;tr&gt;
            &lt;td&gt;&lt;b&gt;Latitud&lt;/b&gt;&lt;/td&gt;
            &lt;td&gt;35.528690&lt;/td&gt;
        &lt;/tr&gt;

        &lt;tr&gt;
            &lt;td&gt;&lt;b&gt;Longitud&lt;/b&gt;&lt;/td&gt;
            &lt;td&gt;-0.276640&lt;/td&gt;
        &lt;/tr&gt;

    &lt;/table&gt;

    ]]&gt;
    </description>
      <Point>
        <coordinates>-0.27664,35.52869,0</coordinates>
      </Point>
    </Placemark>
    <Placemark>
      <styleUrl>#area_amarilla</styleUrl>
      <Polygon>
        <outerBoundaryIs>
          <LinearRing>
            <coordinates>-0.27122,35.81289898240888,0 -0.27093113700582305,35.81287848798942,0 -0.27065105140362017,35.81281762747481,0 -0.2703882538361515,35.81271825017074,0 -0.2701507295591348,35.812583375743856,0 -0.26994569577896144,35.81241710245408,0 -0.26977938234326937,35.812224482610716,0 -0.2696568424501804,35.81201136903894,0 -0.269581799127705,35.81178423722433,0 -0.26955653214575553,35.81154998854186,0 -0.26958180879274557,35.81131574055041,0 -0.26965686061451505,35.81108861072547,0 -0.2697794068160113,35.81087550020208,0 -0.26994572360833674,35.8106828840981,0 -0.2701507573885101,35.81051661478769,0 -0.27038827830889345,35.810381744100184,0 -0.27065106956795487,35.810282369844494,0 -0.2709311466708637,35.81022151131956,0 -0.27122,35.81020101759112,0 -0.2715088533291363,35.81022151131956,0 -0.27178893043204516,35.810282369844494,0 -0.27205172169110664,35.810381744100184,0 -0.27228924261148996,35.81051661478769,0 -0.2724942763916633,35.8106828840981,0 -0.2726605931839888,35.81087550020208,0 -0.272783139385485,35.81108861072547,0 -0.27285819120725446,35.81131574055041,0 -0.27288346785424455,35.81154998854186,0 -0.27285820087229506,35.81178423722433,0 -0.27278315754981963,35.81201136903894,0 -0.27266061765673066,35.812224482610716,0 -0.2724943042210386,35.81241710245408,0 -0.2722892704408653,35.812583375743856,0 -0.27205174616384853,35.81271825017074,0 -0.27178894859637986,35.81281762747481,0 -0.271508862994177,35.81287848798942,0 -0.27122,35.81289898240888,0</coordinates>
          </LinearRing>
        </outerBoundaryIs>
      </Polygon>
    </Placemark>
    <Placemark>
      <styleUrl>#pink</styleUrl>
      <name />
      <description>
    &lt;![CDATA[
    &lt;h2&gt;🔥 Incendio activo&lt;/h2&gt;

    &lt;table border="0" cellpadding="4"&gt;

        &lt;tr&gt;
            &lt;td&gt;&lt;b&gt;Focos agrupados&lt;/b&gt;&lt;/td&gt;
            &lt;td&gt;1&lt;/td&gt;
        &lt;/tr&gt;

        &lt;tr&gt;
            &lt;td&gt;&lt;b&gt;FRP máximo&lt;/b&gt;&lt;/td&gt;
            &lt;td&gt;0.7 MW&lt;/td&gt;
        &lt;/tr&gt;

        &lt;tr&gt;
            &lt;td&gt;&lt;b&gt;Confianza&lt;/b&gt;&lt;/td&gt;
            &lt;td&gt;Baja&lt;/td&gt;
        &lt;/tr&gt;

        &lt;tr&gt;
            &lt;td&gt;&lt;b&gt;Fecha&lt;/b&gt;&lt;/td&gt;
            &lt;td&gt;2026-09-30&lt;/td&gt;
        &lt;/tr&gt;

        &lt;tr&gt;
            &lt;td&gt;&lt;b&gt;Hora&lt;/b&gt;&lt;/td&gt;
            &lt;td&gt;202 UTC&lt;/td&gt;
        &lt;/tr&gt;

        &lt;tr&gt;
            &lt;td&gt;&lt;b&gt;Satélite&lt;/b&gt;&lt;/td&gt;
            &lt;td&gt;N21&lt;/td&gt;
        &lt;/tr&gt;

        &lt;tr&gt;
            &lt;td&gt;&lt;b&gt;Instrumento&lt;/b&gt;&lt;/td&gt;
            &lt;td&gt;VIIRS&lt;/td&gt;
        &lt;/tr&gt;

        &lt;tr&gt;
            &lt;td&gt;&lt;b&gt;Población más cercana&lt;/b&gt;&lt;/td&gt;
            &lt;td&gt;Carboneras&lt;/td&gt;
        &lt;/tr&gt;

        &lt;tr&gt;
            &lt;td&gt;&lt;b&gt;Distancia&lt;/b&gt;&lt;/td&gt;
            &lt;td&gt;196.2 km&lt;/td&gt;
        &lt;/tr&gt;

        &lt;tr&gt;
            &lt;td&gt;&lt;b&gt;Latitud&lt;/b&gt;&lt;/td&gt;
            &lt;td&gt;35.811550&lt;/td&gt;
        &lt;/tr&gt;

        &lt;tr&gt;
            &lt;td&gt;&lt;b&gt;Longitud&lt;/b&gt;&lt;/td&gt;
            &lt;td&gt;-0.271220&lt;/td&gt;
        &lt;/tr&gt;

    &lt;/table&gt;

    ]]&gt;
    </description>
      <Point>
        <coordinates>-0.27122,35.81155,0</coordinates>
      </Point>
    </Placemark>
    <Placemark>
      <styleUrl>#area_amarilla</styleUrl>
      <Polygon>
        <outerBoundaryIs>
          <LinearRing>
            <coordinates>0.12575,36.018018982408876,0 0.12603961298104854,36.01799848798682,0 0.1263204257777121,36.01793762746467,0 0.12658390564789093,36.017838250149076,0 0.1268220466015474,36.01770337570805,0 0.12702761269334073,36.01753710240323,0 0.12719435790161412,36.01734448254572,0 0.1273172159105965,36.01713136896241,0 0.12739245402938446,36.01690423714027,0 0.12741778657318223,36.0166699884552,0 0.1273924442659516,36.01643574046636,0 0.12731719756134482,36.01620861064895,0 0.12719433317973422,36.01599550013708,0 0.12702758458065613,36.01580288404724,0 0.1268220184888628,36.015636614751884,0 0.12658388092601103,36.01550174407853,0 0.1263204074284604,36.01540236983436,0 0.12603960321761565,36.01534151131695,0 0.12575,36.01532101759113,0 0.12546039678238435,36.01534151131695,0 0.12517959257153963,36.01540236983436,0 0.12491611907398899,36.01550174407853,0 0.12467798151113721,36.015636614751884,0 0.12447241541934388,36.01580288404724,0 0.1243056668202658,36.01599550013708,0 0.12418280243865519,36.01620861064895,0 0.12410755573404844,36.01643574046636,0 0.1240822134268178,36.0166699884552,0 0.12410754597061556,36.01690423714027,0 0.12418278408940353,36.01713136896241,0 0.12430564209838589,36.01734448254572,0 0.1244723873066593,36.01753710240323,0 0.12467795339845263,36.01770337570805,0 0.12491609435210907,36.017838250149076,0 0.12517957422228793,36.01793762746467,0 0.12546038701895149,36.01799848798682,0 0.12575,36.018018982408876,0</coordinates>
          </LinearRing>
        </outerBoundaryIs>
      </Polygon>
    </Placemark>
    <Placemark>
      <styleUrl>#pink</styleUrl>
      <name />
      <description>
    &lt;![CDATA[
    &lt;h2&gt;🔥 Incendio activo&lt;/h2&gt;

    &lt;table border="0" cellpadding="4"&gt;

        &lt;tr&gt;
            &lt;td&gt;&lt;b&gt;Focos agrupados&lt;/b&gt;&lt;/td&gt;
            &lt;td&gt;1&lt;/td&gt;
        &lt;/tr&gt;

        &lt;tr&gt;
            &lt;td&gt;&lt;b&gt;FRP máximo&lt;/b&gt;&lt;/td&gt;
            &lt;td&gt;2.5 MW&lt;/td&gt;
        &lt;/tr&gt;

        &lt;tr&gt;
            &lt;td&gt;&lt;b&gt;Confianza&lt;/b&gt;&lt;/td&gt;
            &lt;td&gt;Baja&lt;/td&gt;
        &lt;/tr&gt;

        &lt;tr&gt;
            &lt;td&gt;&lt;b&gt;Fecha&lt;/b&gt;&lt;/td&gt;
            &lt;td&gt;2026-09-30&lt;/td&gt;
        &lt;/tr&gt;

        &lt;tr&gt;
            &lt;td&gt;&lt;b&gt;Hora&lt;/b&gt;&lt;/td&gt;
            &lt;td&gt;202 UTC&lt;/td&gt;
        &lt;/tr&gt;

        &lt;tr&gt;
            &lt;td&gt;&lt;b&gt;Satélite&lt;/b&gt;&lt;/td&gt;
            &lt;td&gt;N21&lt;/td&gt;
        &lt;/tr&gt;

        &lt;tr&gt;
            &lt;td&gt;&lt;b&gt;Instrumento&lt;/b&gt;&lt;/td&gt;
            &lt;td&gt;VIIRS&lt;/td&gt;
        &lt;/tr&gt;

        &lt;tr&gt;
            &lt;td&gt;&lt;b&gt;Población más cercana&lt;/b&gt;&lt;/td&gt;
            &lt;td&gt;La Unión&lt;/td&gt;
        &lt;/tr&gt;

        &lt;tr&gt;
            &lt;td&gt;&lt;b&gt;Distancia&lt;/b&gt;&lt;/td&gt;
            &lt;td&gt;199.1 km&lt;/td&gt;
        &lt;/tr&gt;

        &lt;tr&gt;
            &lt;td&gt;&lt;b&gt;Latitud&lt;/b&gt;&lt;/td&gt;
            &lt;td&gt;36.016670&lt;/td&gt;
        &lt;/tr&gt;

        &lt;tr&gt;
            &lt;td&gt;&lt;b&gt;Longitud&lt;/b&gt;&lt;/td&gt;
            &lt;td&gt;0.125750&lt;/td&gt;
        &lt;/tr&gt;

    &lt;/table&gt;

    ]]&gt;
    </description>
      <Point>
        <coordinates>0.12575,36.01667,0</coordinates>
      </Point>
    </Placemark>
    <Placemark>
      <styleUrl>#area_amarilla</styleUrl>
      <Polygon>
        <outerBoundaryIs>
          <LinearRing>
            <coordinates>2.87703,36.59622898240889,0 2.877321768469259,36.596208487979375,0 2.8776046712479495,36.59614762743581,0 2.877870112079701,36.59604825008738,0 2.8781100253833185,36.59591337560609,0 2.8783171213570737,36.59574710225841,0 2.8784851074946194,36.59555448236063,0 2.878608879779612,36.595341368744506,0 2.878684677749665,36.59511423690093,0 2.878710198720411,36.59487998820842,0 2.878684667703318,36.59464574022703,0 2.8786088608986553,36.59441861043104,0 2.8784850820563754,36.594205499952004,0 2.8783170924297696,36.59401288390243,0 2.8781099964560153,36.59384661464993,0 2.877870086641457,36.59371174401683,0 2.877604652366993,36.5936123698055,0 2.877321758422912,36.593551511309514,0 2.87703,36.593531017591125,0 2.8767382415770886,36.593551511309514,0 2.8764553476330073,36.5936123698055,0 2.8761899133585436,36.59371174401683,0 2.875950003543985,36.59384661464993,0 2.8757429075702308,36.59401288390243,0 2.875574917943625,36.594205499952004,0 2.875451139101345,36.59441861043104,0 2.875375332296682,36.59464574022703,0 2.8753498012795893,36.59487998820842,0 2.8753753222503353,36.59511423690093,0 2.8754511202203883,36.595341368744506,0 2.875574892505381,36.59555448236063,0 2.8757428786429267,36.59574710225841,0 2.875949974616682,36.59591337560609,0 2.8761898879202996,36.59604825008738,0 2.876455328752051,36.59614762743581,0 2.8767382315307413,36.596208487979375,0 2.87703,36.59622898240889,0</coordinates>
          </LinearRing>
        </outerBoundaryIs>
      </Polygon>
    </Placemark>
    <Placemark>
      <styleUrl>#pink</styleUrl>
      <name />
      <description>
    &lt;![CDATA[
    &lt;h2&gt;🔥 Incendio activo&lt;/h2&gt;

    &lt;table border="0" cellpadding="4"&gt;

        &lt;tr&gt;
            &lt;td&gt;&lt;b&gt;Focos agrupados&lt;/b&gt;&lt;/td&gt;
            &lt;td&gt;1&lt;/td&gt;
        &lt;/tr&gt;

        &lt;tr&gt;
            &lt;td&gt;&lt;b&gt;FRP máximo&lt;/b&gt;&lt;/td&gt;
            &lt;td&gt;1.5 MW&lt;/td&gt;
        &lt;/tr&gt;

        &lt;tr&gt;
            &lt;td&gt;&lt;b&gt;Confianza&lt;/b&gt;&lt;/td&gt;
            &lt;td&gt;Baja&lt;/td&gt;
        &lt;/tr&gt;

        &lt;tr&gt;
            &lt;td&gt;&lt;b&gt;Fecha&lt;/b&gt;&lt;/td&gt;
            &lt;td&gt;2026-09-30&lt;/td&gt;
        &lt;/tr&gt;

        &lt;tr&gt;
            &lt;td&gt;&lt;b&gt;Hora&lt;/b&gt;&lt;/td&gt;
            &lt;td&gt;202 UTC&lt;/td&gt;
        &lt;/tr&gt;

        &lt;tr&gt;
            &lt;td&gt;&lt;b&gt;Satélite&lt;/b&gt;&lt;/td&gt;
            &lt;td&gt;N21&lt;/td&gt;
        &lt;/tr&gt;

        &lt;tr&gt;
            &lt;td&gt;&lt;b&gt;Instrumento&lt;/b&gt;&lt;/td&gt;
            &lt;td&gt;VIIRS&lt;/td&gt;
        &lt;/tr&gt;

        &lt;tr&gt;
            &lt;td&gt;&lt;b&gt;Población más cercana&lt;/b&gt;&lt;/td&gt;
            &lt;td&gt;Formentera&lt;/td&gt;
        &lt;/tr&gt;

        &lt;tr&gt;
            &lt;td&gt;&lt;b&gt;Distancia&lt;/b&gt;&lt;/td&gt;
            &lt;td&gt;267.1 km&lt;/td&gt;
        &lt;/tr&gt;

        &lt;tr&gt;
            &lt;td&gt;&lt;b&gt;Latitud&lt;/b&gt;&lt;/td&gt;
            &lt;td&gt;36.594880&lt;/td&gt;
        &lt;/tr&gt;

        &lt;tr&gt;
            &lt;td&gt;&lt;b&gt;Longitud&lt;/b&gt;&lt;/td&gt;
            &lt;td&gt;2.877030&lt;/td&gt;
        &lt;/tr&gt;

    &lt;/table&gt;

    ]]&gt;
    </description>
      <Point>
        <coordinates>2.87703,36.59488,0</coordinates>
      </Point>
    </Placemark>
    <Placemark>
      <styleUrl>#area_amarilla</styleUrl>
      <Polygon>
        <outerBoundaryIs>
          <LinearRing>
            <coordinates>-4.05261,38.66818898240888,0 -4.052309980734465,38.66816848795176,0 -4.05201907790479,38.66810762732867,0 -4.051746130887952,38.66800824985841,0 -4.051499433368777,38.667873375227664,0 -4.0512864813009735,38.66770710172093,0 -4.051113745125337,38.667514481673706,0 -4.050986473168692,38.66730136793574,0 -4.050908532197175,38.66707423601266,0 -4.050882289966063,38.66683998729253,0 -4.050908543330001,38.66660573933877,0 -4.050986494091561,38.66637860962231,0 -4.051113773314644,38.6661654992651,0 -4.05128651335667,38.66597288336499,0 -4.051499465424474,38.66580661427152,0 -4.0517461590772585,38.66567174378787,0 -4.052019098827659,38.66557236969836,0 -4.052309991867292,38.665511511281906,0 -4.05261,38.66549101759114,0 -4.0529100081327085,38.665511511281906,0 -4.053200901172341,38.66557236969836,0 -4.0534738409227415,38.66567174378787,0 -4.053720534575526,38.66580661427152,0 -4.05393348664333,38.66597288336499,0 -4.054106226685355,38.6661654992651,0 -4.054233505908439,38.66637860962231,0 -4.054311456669999,38.66660573933877,0 -4.054337710033937,38.66683998729253,0 -4.054311467802825,38.66707423601266,0 -4.054233526831308,38.66730136793574,0 -4.054106254874663,38.667514481673706,0 -4.053933518699027,38.66770710172093,0 -4.053720566631223,38.667873375227664,0 -4.053473869112048,38.66800824985841,0 -4.05320092209521,38.66810762732867,0 -4.052910019265535,38.66816848795176,0 -4.05261,38.66818898240888,0</coordinates>
          </LinearRing>
        </outerBoundaryIs>
      </Polygon>
    </Placemark>
    <Placemark>
      <styleUrl>#pink</styleUrl>
      <name />
      <description>
    &lt;![CDATA[
    &lt;h2&gt;🔥 Incendio activo&lt;/h2&gt;

    &lt;table border="0" cellpadding="4"&gt;

        &lt;tr&gt;
            &lt;td&gt;&lt;b&gt;Focos agrupados&lt;/b&gt;&lt;/td&gt;
            &lt;td&gt;1&lt;/td&gt;
        &lt;/tr&gt;

        &lt;tr&gt;
            &lt;td&gt;&lt;b&gt;FRP máximo&lt;/b&gt;&lt;/td&gt;
            &lt;td&gt;1.2 MW&lt;/td&gt;
        &lt;/tr&gt;

        &lt;tr&gt;
            &lt;td&gt;&lt;b&gt;Confianza&lt;/b&gt;&lt;/td&gt;
            &lt;td&gt;Baja&lt;/td&gt;
        &lt;/tr&gt;

        &lt;tr&gt;
            &lt;td&gt;&lt;b&gt;Fecha&lt;/b&gt;&lt;/td&gt;
            &lt;td&gt;2026-09-30&lt;/td&gt;
        &lt;/tr&gt;

        &lt;tr&gt;
            &lt;td&gt;&lt;b&gt;Hora&lt;/b&gt;&lt;/td&gt;
            &lt;td&gt;202 UTC&lt;/td&gt;
        &lt;/tr&gt;

        &lt;tr&gt;
            &lt;td&gt;&lt;b&gt;Satélite&lt;/b&gt;&lt;/td&gt;
            &lt;td&gt;N21&lt;/td&gt;
        &lt;/tr&gt;

        &lt;tr&gt;
            &lt;td&gt;&lt;b&gt;Instrumento&lt;/b&gt;&lt;/td&gt;
            &lt;td&gt;VIIRS&lt;/td&gt;
        &lt;/tr&gt;

        &lt;tr&gt;
            &lt;td&gt;&lt;b&gt;Población más cercana&lt;/b&gt;&lt;/td&gt;
            &lt;td&gt;Puertollano&lt;/td&gt;
        &lt;/tr&gt;

        &lt;tr&gt;
            &lt;td&gt;&lt;b&gt;Distancia&lt;/b&gt;&lt;/td&gt;
            &lt;td&gt;5.5 km&lt;/td&gt;
        &lt;/tr&gt;

        &lt;tr&gt;
            &lt;td&gt;&lt;b&gt;Latitud&lt;/b&gt;&lt;/td&gt;
            &lt;td&gt;38.666840&lt;/td&gt;
        &lt;/tr&gt;

        &lt;tr&gt;
            &lt;td&gt;&lt;b&gt;Longitud&lt;/b&gt;&lt;/td&gt;
            &lt;td&gt;-4.052610&lt;/td&gt;
        &lt;/tr&gt;

    &lt;/table&gt;

    ]]&gt;
    </description>
      <Point>
        <coordinates>-4.05261,38.66684,0</coordinates>
      </Point>
    </Placemark>
    <Folder>
      <name>Gasoductos</name>
      <Placemark>
        <name>Tramo (Pr)</name>
        <Style>
          <LineStyle>
            <color>ff0000ff</color>
            <width>4</width>
          </LineStyle>
        </Style>
        <LineString>
          <tessellate>1</tessellate>
          <altitudeMode>clampToGround</altitudeMode>
          <coordinates>-3.490900102,43.40626438
-3.49110561,43.40649168
-3.491290657,43.40669635
-3.492352926,43.40707816
-3.495426522,43.40593151
-3.495426621,43.40593148
-3.496618800999999,43.40463434
-3.500116649,43.4025604
-3.498033414,43.3987382
-3.497329154,43.39674706
-3.502229204,43.39200891
-3.500096854,43.38882097
-3.50063393,43.38772638
-3.500266114,43.38682538
-3.500977062000001,43.38482454
-3.499861715,43.38239228
-3.501515421,43.37926984
-3.503872967,43.3776682
-3.504578814,43.37583807
-3.506494908,43.37416863
-3.509484697,43.3734465
-3.510108975,43.37270345
-3.511402342,43.37203017
-3.513881382,43.3716648
-3.515887815,43.371072
-3.517032302,43.37108969
-3.519619896,43.36910786
-3.522344025,43.36690482
-3.520205154,43.36470444
-3.520067915,43.3611554
-3.518868536,43.36025131
-3.518980385,43.35870869
-3.518871297000001,43.35710378
-3.52012148,43.35665444
-3.521528180999999,43.35501803
-3.522519517,43.35416438
-3.521981913,43.35346439
-3.521479281,43.35216455
-3.521372098,43.35153643
-3.521308046,43.3504985
-3.521305794,43.35044454</coordinates>
        </LineString>
      </Placemark>
      <Placemark>
        <name>Tramo (Pr)</name>
        <Style>
          <LineStyle>
            <color>ff0000ff</color>
            <width>4</width>
          </LineStyle>
        </Style>
        <LineString>
          <tessellate>1</tessellate>
          <altitudeMode>clampToGround</altitudeMode>
          <coordinates>-3.085669119,43.34805088
-3.085560683000001,43.34792509
-3.085262021,43.34757863
-3.085310546,43.34620495
-3.08602232,43.34498015
-3.088436045,43.3440918
-3.091981366,43.34308417
-3.093646248999999,43.34240251
-3.094471019,43.34233295
-3.096296572,43.34201697
-3.096464201,43.34168537
-3.099053809,43.34131945
-3.099053969,43.34131942
-3.099746726,43.34090734
-3.101071611,43.34120557
-3.104250706,43.34059345
-3.107531261,43.33893472
-3.108192459,43.33890708
-3.109112185,43.34008526
-3.109830756,43.34114323
-3.110114999,43.34134394
-3.110756576,43.34177265
-3.111375937000001,43.34198978
-3.113635331,43.33939252
-3.121446806,43.33419359
-3.125167837,43.33327623
-3.126135666,43.33273398
-3.128464292,43.33270617
-3.129602679,43.33250939
-3.130226494,43.33263114
-3.131043638,43.33282343
-3.132708392,43.33246718
-3.135307746000001,43.33292785
-3.136653859,43.3327376
-3.138586764999999,43.33195699
-3.141231349,43.33117188
-3.143554199,43.33206727
-3.144191034,43.33210383
-3.146162039,43.33146659
-3.146884544999999,43.33153166
-3.148621891,43.33231019
-3.15087113,43.33295943
-3.152710954,43.33069918
-3.152966912,43.32942964
-3.153240767,43.32758244
-3.154096768,43.32728854
-3.155212477,43.32678484
-3.155833804,43.32642039
-3.156913077000001,43.32609952
-3.157524055,43.32579378
-3.158097966,43.32570213
-3.160208052,43.32503657
-3.160208163,43.32503653
-3.162296381,43.32488635
-3.164189832,43.32468842
-3.165435818,43.32447086
-3.16611008,43.32432671
-3.167878512,43.32388356
-3.167878623,43.32388352
-3.172644303999999,43.32222055
-3.172827264,43.3220237
-3.17648143,43.32136671
-3.177732017,43.32145328
-3.178908368,43.32170924
-3.180118838,43.32216763
-3.180119122,43.32216774
-3.180790049,43.32233191
-3.182151591,43.32239475
-3.184777966,43.32121534
-3.188937068,43.32082123
-3.191015397,43.32045768
-3.191683735,43.31999327
-3.193890753,43.32043481
-3.1956563,43.32038479
-3.203276558000001,43.32071075
-3.206639579,43.3218156
-3.207677523,43.32235092
-3.215842679,43.32210587
-3.21683452,43.32117192
-3.217210096,43.31907612
-3.217082619,43.3186391
-3.217243625,43.31793283
-3.217587625,43.31729186
-3.217696655,43.31591782
-3.218057083,43.31446325
-3.220628246,43.31177719
-3.223524985,43.30946728
-3.224907113,43.30946096
-3.226505238,43.31000752
-3.228024891,43.31125712
-3.229214499999999,43.31263856
-3.23039328,43.31450005
-3.231304854,43.31563755
-3.232922361,43.31645413
-3.23408127,43.31653316
-3.236637988,43.31789946
-3.240900899,43.32115712
-3.241903379,43.32222258
-3.242456112999999,43.32255152
-3.244097471,43.3230511
-3.245689596,43.32326379
-3.249898657,43.32587453
-3.255978079,43.32698049
-3.259755304000001,43.32911153
-3.262109554999999,43.3290088
-3.266160906,43.33022584
-3.267689758,43.33037994
-3.269143132,43.33125914
-3.270348707000001,43.33177252
-3.272023289,43.331844
-3.27513168,43.33359514
-3.276808694000001,43.33494708
-3.277516661,43.33527366
-3.278874083,43.33628976
-3.283324267,43.33799236
-3.291403045,43.33971142
-3.292631745,43.34034183
-3.294884302,43.34147556
-3.299807946,43.34367478
-3.304850967,43.34025663
-3.309373556,43.3394535
-3.311205377,43.33878921
-3.314922443,43.33812825
-3.315913817,43.33865273
-3.316192404,43.33863152
-3.324963987,43.3379635
-3.328096716,43.33755213
-3.33224775,43.33749897
-3.333944783,43.33716895
-3.340753328,43.33239146
-3.345180076,43.32594935
-3.345334275,43.32460631
-3.348712154999999,43.32082313
-3.349831237,43.31912549
-3.35332611,43.31792144
-3.357482621,43.3180243
-3.358779246,43.31873412
-3.363080391,43.31933841
-3.37053623,43.3190906
-3.373142965,43.31969055
-3.375221743,43.32016467
-3.385135349,43.32025268
-3.386886322,43.32080721
-3.388072886,43.32082722
-3.390576746,43.32017549
-3.399265205,43.31997849
-3.401122999,43.32031154
-3.405877804999999,43.32023387
-3.406576252,43.3203868
-3.409808184,43.31979536
-3.410952389,43.32063092
-3.412264865,43.32086769
-3.41699888,43.31875892
-3.420976904,43.31912241
-3.431104159,43.32004714
-3.438789244,43.32006271
-3.439307804999999,43.32034832
-3.439885666,43.32146663
-3.4421138,43.32130071
-3.448594065,43.32101035
-3.449948999,43.3212974
-3.453326621,43.32100967
-3.454896299,43.32063694
-3.461635087,43.32118043
-3.467389066,43.31896082
-3.470935337,43.31963339
-3.472022013,43.32273997
-3.474993076000001,43.32325496
-3.479775886,43.32663545
-3.482526022,43.32778473
-3.484039004,43.33025629
-3.484967545,43.33399851
-3.488715947,43.33626707
-3.491087766,43.33688776
-3.495471705,43.33879705
-3.497288672,43.34026446
-3.503001608,43.34203377
-3.50649886,43.34438993
-3.508994855,43.34559201
-3.512830925,43.34644757
-3.517618827999999,43.34803625
-3.520834638,43.35045996
-3.521305794,43.35044454
-3.521435379,43.35044029</coordinates>
        </LineString>
      </Placemark>
      <Placemark>
        <name>Tramo (Pr)</name>
        <Style>
          <LineStyle>
            <color>ff0000ff</color>
            <width>4</width>
          </LineStyle>
        </Style>
        <LineString>
          <tessellate>1</tessellate>
          <altitudeMode>clampToGround</altitudeMode>
          <coordinates>-3.523285292,43.35024535
-3.52296708,43.35038998
-3.521435379,43.35044029</coordinates>
        </LineString>
      </Placemark>
    </Folder>
  </Document>
</kml>