<?xml version='1.0' encoding='utf-8'?>
<kml xmlns="http://www.opengis.net/kml/2.2">
  <Document>
    <name>Incendios activos España</name>
    <Style id="pink">
      <IconStyle>
        <scale>1.0</scale>
        <Icon>
          <href>https://andreasolanorosique-lab.github.io/Incendios-Espana-v2/icons/fire_pink.png</href>
        </Icon>
      </IconStyle>
      <LabelStyle>
        <scale>0</scale>
      </LabelStyle>
    </Style>
    <Style id="green">
      <IconStyle>
        <scale>1.0</scale>
        <Icon>
          <href>https://andreasolanorosique-lab.github.io/Incendios-Espana-v2/icons/fire_green.png</href>
        </Icon>
      </IconStyle>
      <LabelStyle>
        <scale>0</scale>
      </LabelStyle>
    </Style>
    <Style id="yellow">
      <IconStyle>
        <scale>1.0</scale>
        <Icon>
          <href>https://andreasolanorosique-lab.github.io/Incendios-Espana-v2/icons/fire_yellow.png</href>
        </Icon>
      </IconStyle>
      <LabelStyle>
        <scale>0</scale>
      </LabelStyle>
    </Style>
    <Style id="orange">
      <IconStyle>
        <scale>1.0</scale>
        <Icon>
          <href>https://andreasolanorosique-lab.github.io/Incendios-Espana-v2/icons/fire_orange.png</href>
        </Icon>
      </IconStyle>
      <LabelStyle>
        <scale>0</scale>
      </LabelStyle>
    </Style>
    <Style id="red">
      <IconStyle>
        <scale>1.0</scale>
        <Icon>
          <href>https://andreasolanorosique-lab.github.io/Incendios-Espana-v2/icons/fire_red.png</href>
        </Icon>
      </IconStyle>
      <LabelStyle>
        <scale>0</scale>
      </LabelStyle>
    </Style>
    <Style id="area_amarilla">
      <LineStyle>
        <color>ff00ffff</color>
        <width>2</width>
      </LineStyle>
      <PolyStyle>
        <color>5500ffff</color>
      </PolyStyle>
    </Style>
    <Placemark>
      <styleUrl>#area_amarilla</styleUrl>
      <Polygon>
        <outerBoundaryIs>
          <LinearRing>
            <coordinates>4.890323333333334,43.43486803692897,0 4.8909047545765,43.43483109747864,0 4.891468507553596,43.43472140164709,0 4.891997461090292,43.434542282869295,0 4.892475541846253,43.43429918416499,0 4.892888222858882,43.43399949268445,0 4.893222965024631,43.43365231516695,0 4.893469598093286,43.433268201144806,0 4.893620629598838,43.432858822314394,0 4.893671472350816,43.43243661782686,0 4.893620583593534,43.43201441628473,0 4.893469511631594,43.43160504593525,0 4.893222848535109,43.431220944906656,0 4.892888090391883,43.430873783328124,0 4.892475409379256,43.430574108809466,0 4.891997344600768,43.43033102604412,0 4.891468421091904,43.43015192025989,0 4.890904708571194,43.43004223290926,0 4.890323333333334,43.43000529640434,0 4.889741958095474,43.43004223290926,0 4.889178245574764,43.43015192025989,0 4.888649322065899,43.43033102604412,0 4.888171257287412,43.430574108809466,0 4.887758576274785,43.430873783328124,0 4.887423818131559,43.431220944906656,0 4.887177155035074,43.43160504593525,0 4.887026083073134,43.43201441628473,0 4.886975194315852,43.43243661782686,0 4.887026037067829,43.432858822314394,0 4.887177068573382,43.433268201144806,0 4.887423701642037,43.43365231516695,0 4.887758443807787,43.43399949268445,0 4.888171124820414,43.43429918416499,0 4.8886492055763755,43.434542282869295,0 4.889178159113071,43.43472140164709,0 4.889741912090168,43.43483109747864,0 4.890323333333334,43.43486803692897,0</coordinates>
          </LinearRing>
        </outerBoundaryIs>
      </Polygon>
    </Placemark>
    <Placemark>
      <styleUrl>#pink</styleUrl>
      <name />
      <description>
    &lt;![CDATA[
    &lt;h2&gt;🔥 Incendio activo&lt;/h2&gt;

    &lt;table border="0" cellpadding="4"&gt;

        &lt;tr&gt;
            &lt;td&gt;&lt;b&gt;Focos agrupados&lt;/b&gt;&lt;/td&gt;
            &lt;td&gt;3&lt;/td&gt;
        &lt;/tr&gt;

        &lt;tr&gt;
            &lt;td&gt;&lt;b&gt;FRP máximo&lt;/b&gt;&lt;/td&gt;
            &lt;td&gt;4.2 MW&lt;/td&gt;
        &lt;/tr&gt;

        &lt;tr&gt;
            &lt;td&gt;&lt;b&gt;Confianza&lt;/b&gt;&lt;/td&gt;
            &lt;td&gt;Baja&lt;/td&gt;
        &lt;/tr&gt;

        &lt;tr&gt;
            &lt;td&gt;&lt;b&gt;Fecha&lt;/b&gt;&lt;/td&gt;
            &lt;td&gt;2026-07-28&lt;/td&gt;
        &lt;/tr&gt;

        &lt;tr&gt;
            &lt;td&gt;&lt;b&gt;Hora&lt;/b&gt;&lt;/td&gt;
            &lt;td&gt;234 UTC&lt;/td&gt;
        &lt;/tr&gt;

        &lt;tr&gt;
            &lt;td&gt;&lt;b&gt;Satélite&lt;/b&gt;&lt;/td&gt;
            &lt;td&gt;N&lt;/td&gt;
        &lt;/tr&gt;

        &lt;tr&gt;
            &lt;td&gt;&lt;b&gt;Instrumento&lt;/b&gt;&lt;/td&gt;
            &lt;td&gt;VIIRS&lt;/td&gt;
        &lt;/tr&gt;

        &lt;tr&gt;
            &lt;td&gt;&lt;b&gt;Población más cercana&lt;/b&gt;&lt;/td&gt;
            &lt;td&gt;Portbou&lt;/td&gt;
        &lt;/tr&gt;

        &lt;tr&gt;
            &lt;td&gt;&lt;b&gt;Distancia&lt;/b&gt;&lt;/td&gt;
            &lt;td&gt;179.7 km&lt;/td&gt;
        &lt;/tr&gt;

        &lt;tr&gt;
            &lt;td&gt;&lt;b&gt;Latitud&lt;/b&gt;&lt;/td&gt;
            &lt;td&gt;43.432437&lt;/td&gt;
        &lt;/tr&gt;

        &lt;tr&gt;
            &lt;td&gt;&lt;b&gt;Longitud&lt;/b&gt;&lt;/td&gt;
            &lt;td&gt;4.890323&lt;/td&gt;
        &lt;/tr&gt;

    &lt;/table&gt;

    ]]&gt;
    </description>
      <Point>
        <coordinates>4.890323333333334,43.43243666666666,0</coordinates>
      </Point>
    </Placemark>
    <Placemark>
      <styleUrl>#area_amarilla</styleUrl>
      <Polygon>
        <outerBoundaryIs>
          <LinearRing>
            <coordinates>4.889193333333333,43.43947798604583,0 4.889722173431791,43.43944438991719,0 4.890234943273986,43.43934462244262,0 4.890716061097442,43.43918171532291,0 4.89115090725963,43.438960618893525,0 4.891526268583604,43.43868805165256,0 4.89183073990563,43.438372296050844,0 4.892055070615266,43.43802294675749,0 4.89219244565849,43.43765061905896,0 4.892238692474424,43.437266626260474,0 4.892192407594295,43.436882635898776,0 4.8920549990779785,43.4365103152167,0 4.891830643523703,43.43616097667319,0 4.891526158982121,43.43584523425811,0 4.891150797658147,43.43557268105007,0 4.890715964715516,43.43535159780732,0 4.890234871736698,43.435188701437454,0 4.889722135367595,43.43508894097934,0 4.889193333333333,43.435055347287495,0 4.888664531299071,43.43508894097934,0 4.888151794929968,43.435188701437454,0 4.88767070195115,43.43535159780732,0 4.887235869008519,43.43557268105007,0 4.886860507684545,43.43584523425811,0 4.886556023142962,43.43616097667319,0 4.886331667588688,43.4365103152167,0 4.886194259072371,43.436882635898776,0 4.886147974192241,43.437266626260474,0 4.886194221008176,43.43765061905896,0 4.8863315960514,43.43802294675749,0 4.886555926761036,43.438372296050844,0 4.886860398083062,43.43868805165256,0 4.887235759407036,43.438960618893525,0 4.887670605569223,43.43918171532291,0 4.888151723392681,43.43934462244262,0 4.8886644932348755,43.43944438991719,0 4.889193333333333,43.43947798604583,0</coordinates>
          </LinearRing>
        </outerBoundaryIs>
      </Polygon>
    </Placemark>
    <Placemark>
      <styleUrl>#pink</styleUrl>
      <name />
      <description>
    &lt;![CDATA[
    &lt;h2&gt;🔥 Incendio activo&lt;/h2&gt;

    &lt;table border="0" cellpadding="4"&gt;

        &lt;tr&gt;
            &lt;td&gt;&lt;b&gt;Focos agrupados&lt;/b&gt;&lt;/td&gt;
            &lt;td&gt;3&lt;/td&gt;
        &lt;/tr&gt;

        &lt;tr&gt;
            &lt;td&gt;&lt;b&gt;FRP máximo&lt;/b&gt;&lt;/td&gt;
            &lt;td&gt;11.7 MW&lt;/td&gt;
        &lt;/tr&gt;

        &lt;tr&gt;
            &lt;td&gt;&lt;b&gt;Confianza&lt;/b&gt;&lt;/td&gt;
            &lt;td&gt;Baja&lt;/td&gt;
        &lt;/tr&gt;

        &lt;tr&gt;
            &lt;td&gt;&lt;b&gt;Fecha&lt;/b&gt;&lt;/td&gt;
            &lt;td&gt;2026-07-28&lt;/td&gt;
        &lt;/tr&gt;

        &lt;tr&gt;
            &lt;td&gt;&lt;b&gt;Hora&lt;/b&gt;&lt;/td&gt;
            &lt;td&gt;1217 UTC&lt;/td&gt;
        &lt;/tr&gt;

        &lt;tr&gt;
            &lt;td&gt;&lt;b&gt;Satélite&lt;/b&gt;&lt;/td&gt;
            &lt;td&gt;N&lt;/td&gt;
        &lt;/tr&gt;

        &lt;tr&gt;
            &lt;td&gt;&lt;b&gt;Instrumento&lt;/b&gt;&lt;/td&gt;
            &lt;td&gt;VIIRS&lt;/td&gt;
        &lt;/tr&gt;

        &lt;tr&gt;
            &lt;td&gt;&lt;b&gt;Población más cercana&lt;/b&gt;&lt;/td&gt;
            &lt;td&gt;Portbou&lt;/td&gt;
        &lt;/tr&gt;

        &lt;tr&gt;
            &lt;td&gt;&lt;b&gt;Distancia&lt;/b&gt;&lt;/td&gt;
            &lt;td&gt;180.0 km&lt;/td&gt;
        &lt;/tr&gt;

        &lt;tr&gt;
            &lt;td&gt;&lt;b&gt;Latitud&lt;/b&gt;&lt;/td&gt;
            &lt;td&gt;43.437267&lt;/td&gt;
        &lt;/tr&gt;

        &lt;tr&gt;
            &lt;td&gt;&lt;b&gt;Longitud&lt;/b&gt;&lt;/td&gt;
            &lt;td&gt;4.889193&lt;/td&gt;
        &lt;/tr&gt;

    &lt;/table&gt;

    ]]&gt;
    </description>
      <Point>
        <coordinates>4.889193333333333,43.437266666666666,0</coordinates>
      </Point>
    </Placemark>
    <Placemark>
      <styleUrl>#area_amarilla</styleUrl>
      <Polygon>
        <outerBoundaryIs>
          <LinearRing>
            <coordinates>4.9003733333333335,43.447580080632065,0 4.901000810389249,43.447540223363774,0 4.901609219454078,43.4474218627566,0 4.90218007219972,43.44722859558345,0 4.902696021976091,43.44696629485241,0 4.903141391070675,43.44664293127612,0 4.903502647169154,43.44626833098459,0 4.903768814527858,43.445853876855644,0 4.903931807364807,43.445412162551044,0 4.903986675351663,43.444956609781975,0 4.9039317537704195,43.444501060443464,0 4.903768713803356,43.44405935601679,0 4.9035025114634,43.44364491702171,0 4.903141236751785,43.44327033529459,0 4.902695867657201,43.44294699147415,0 4.902179936493966,43.442684709307535,0 4.901609118729576,43.44249145726823,0 4.90100075679486,43.44237310653899,0 4.9003733333333335,43.44233325270126,0 4.899745909871807,43.44237310653899,0 4.899137547937092,43.44249145726823,0 4.898566730172702,43.442684709307535,0 4.898050799009466,43.44294699147415,0 4.897605429914882,43.44327033529459,0 4.897244155203267,43.44364491702171,0 4.8969779528633115,43.44405935601679,0 4.8968149128962475,43.444501060443464,0 4.896759991315004,43.444956609781975,0 4.89681485930186,43.445412162551044,0 4.89697785213881,43.445853876855644,0 4.8972440194975135,43.44626833098459,0 4.897605275595992,43.44664293127612,0 4.898050644690576,43.44696629485241,0 4.8985665944669465,43.44722859558345,0 4.89913744721259,43.4474218627566,0 4.899745856277418,43.447540223363774,0 4.9003733333333335,43.447580080632065,0</coordinates>
          </LinearRing>
        </outerBoundaryIs>
      </Polygon>
    </Placemark>
    <Placemark>
      <styleUrl>#pink</styleUrl>
      <name />
      <description>
    &lt;![CDATA[
    &lt;h2&gt;🔥 Incendio activo&lt;/h2&gt;

    &lt;table border="0" cellpadding="4"&gt;

        &lt;tr&gt;
            &lt;td&gt;&lt;b&gt;Focos agrupados&lt;/b&gt;&lt;/td&gt;
            &lt;td&gt;3&lt;/td&gt;
        &lt;/tr&gt;

        &lt;tr&gt;
            &lt;td&gt;&lt;b&gt;FRP máximo&lt;/b&gt;&lt;/td&gt;
            &lt;td&gt;14.8 MW&lt;/td&gt;
        &lt;/tr&gt;

        &lt;tr&gt;
            &lt;td&gt;&lt;b&gt;Confianza&lt;/b&gt;&lt;/td&gt;
            &lt;td&gt;Baja&lt;/td&gt;
        &lt;/tr&gt;

        &lt;tr&gt;
            &lt;td&gt;&lt;b&gt;Fecha&lt;/b&gt;&lt;/td&gt;
            &lt;td&gt;2026-07-28&lt;/td&gt;
        &lt;/tr&gt;

        &lt;tr&gt;
            &lt;td&gt;&lt;b&gt;Hora&lt;/b&gt;&lt;/td&gt;
            &lt;td&gt;1217 UTC&lt;/td&gt;
        &lt;/tr&gt;

        &lt;tr&gt;
            &lt;td&gt;&lt;b&gt;Satélite&lt;/b&gt;&lt;/td&gt;
            &lt;td&gt;N&lt;/td&gt;
        &lt;/tr&gt;

        &lt;tr&gt;
            &lt;td&gt;&lt;b&gt;Instrumento&lt;/b&gt;&lt;/td&gt;
            &lt;td&gt;VIIRS&lt;/td&gt;
        &lt;/tr&gt;

        &lt;tr&gt;
            &lt;td&gt;&lt;b&gt;Población más cercana&lt;/b&gt;&lt;/td&gt;
            &lt;td&gt;Portbou&lt;/td&gt;
        &lt;/tr&gt;

        &lt;tr&gt;
            &lt;td&gt;&lt;b&gt;Distancia&lt;/b&gt;&lt;/td&gt;
            &lt;td&gt;181.2 km&lt;/td&gt;
        &lt;/tr&gt;

        &lt;tr&gt;
            &lt;td&gt;&lt;b&gt;Latitud&lt;/b&gt;&lt;/td&gt;
            &lt;td&gt;43.444957&lt;/td&gt;
        &lt;/tr&gt;

        &lt;tr&gt;
            &lt;td&gt;&lt;b&gt;Longitud&lt;/b&gt;&lt;/td&gt;
            &lt;td&gt;4.900373&lt;/td&gt;
        &lt;/tr&gt;

    &lt;/table&gt;

    ]]&gt;
    </description>
      <Point>
        <coordinates>4.9003733333333335,43.44495666666666,0</coordinates>
      </Point>
    </Placemark>
    <Placemark>
      <styleUrl>#area_amarilla</styleUrl>
      <Polygon>
        <outerBoundaryIs>
          <LinearRing>
            <coordinates>4.8938,43.44421463022302,0 4.894183779648817,43.444190251642645,0 4.8945558974426335,43.44411785669027,0 4.894905045975131,43.44399964521659,0 4.895220615954439,43.44383920927289,0 4.895493018632317,43.44364142393745,0 4.895713977191298,43.443412299151056,0 4.895876778231583,43.443158797067724,0 4.895976475716389,43.44288862047539,0 4.896010041183545,43.44260997871979,0 4.895976455667832,43.442331338247534,0 4.8958767405526205,43.442061165350474,0 4.895713926426569,43.441807668928625,0 4.8954929609047975,43.44157855108707,0 4.895220558226919,43.44138077314217,0 4.894904995210402,43.44122034414331,0 4.894555859763671,43.44110213833112,0 4.894183759600259,43.441029747074,0 4.8938,43.44100536977699,0 4.893416240399741,43.441029747074,0 4.893044140236329,43.44110213833112,0 4.892695004789598,43.44122034414331,0 4.89237944177308,43.44138077314217,0 4.892107039095203,43.44157855108707,0 4.89188607357343,43.441807668928625,0 4.89172325944738,43.442061165350474,0 4.891623544332169,43.442331338247534,0 4.891589958816455,43.44260997871979,0 4.891623524283611,43.44288862047539,0 4.891723221768417,43.443158797067724,0 4.891886022808701,43.443412299151056,0 4.892106981367682,43.44364142393745,0 4.892379384045561,43.44383920927289,0 4.8926949540248685,43.44399964521659,0 4.893044102557366,43.44411785669027,0 4.893416220351183,43.444190251642645,0 4.8938,43.44421463022302,0</coordinates>
          </LinearRing>
        </outerBoundaryIs>
      </Polygon>
    </Placemark>
    <Placemark>
      <styleUrl>#pink</styleUrl>
      <name />
      <description>
    &lt;![CDATA[
    &lt;h2&gt;🔥 Incendio activo&lt;/h2&gt;

    &lt;table border="0" cellpadding="4"&gt;

        &lt;tr&gt;
            &lt;td&gt;&lt;b&gt;Focos agrupados&lt;/b&gt;&lt;/td&gt;
            &lt;td&gt;3&lt;/td&gt;
        &lt;/tr&gt;

        &lt;tr&gt;
            &lt;td&gt;&lt;b&gt;FRP máximo&lt;/b&gt;&lt;/td&gt;
            &lt;td&gt;4.5 MW&lt;/td&gt;
        &lt;/tr&gt;

        &lt;tr&gt;
            &lt;td&gt;&lt;b&gt;Confianza&lt;/b&gt;&lt;/td&gt;
            &lt;td&gt;Baja&lt;/td&gt;
        &lt;/tr&gt;

        &lt;tr&gt;
            &lt;td&gt;&lt;b&gt;Fecha&lt;/b&gt;&lt;/td&gt;
            &lt;td&gt;2026-07-28&lt;/td&gt;
        &lt;/tr&gt;

        &lt;tr&gt;
            &lt;td&gt;&lt;b&gt;Hora&lt;/b&gt;&lt;/td&gt;
            &lt;td&gt;234 UTC&lt;/td&gt;
        &lt;/tr&gt;

        &lt;tr&gt;
            &lt;td&gt;&lt;b&gt;Satélite&lt;/b&gt;&lt;/td&gt;
            &lt;td&gt;N&lt;/td&gt;
        &lt;/tr&gt;

        &lt;tr&gt;
            &lt;td&gt;&lt;b&gt;Instrumento&lt;/b&gt;&lt;/td&gt;
            &lt;td&gt;VIIRS&lt;/td&gt;
        &lt;/tr&gt;

        &lt;tr&gt;
            &lt;td&gt;&lt;b&gt;Población más cercana&lt;/b&gt;&lt;/td&gt;
            &lt;td&gt;Portbou&lt;/td&gt;
        &lt;/tr&gt;

        &lt;tr&gt;
            &lt;td&gt;&lt;b&gt;Distancia&lt;/b&gt;&lt;/td&gt;
            &lt;td&gt;180.6 km&lt;/td&gt;
        &lt;/tr&gt;

        &lt;tr&gt;
            &lt;td&gt;&lt;b&gt;Latitud&lt;/b&gt;&lt;/td&gt;
            &lt;td&gt;43.442610&lt;/td&gt;
        &lt;/tr&gt;

        &lt;tr&gt;
            &lt;td&gt;&lt;b&gt;Longitud&lt;/b&gt;&lt;/td&gt;
            &lt;td&gt;4.893800&lt;/td&gt;
        &lt;/tr&gt;

    &lt;/table&gt;

    ]]&gt;
    </description>
      <Point>
        <coordinates>4.8938,43.44261,0</coordinates>
      </Point>
    </Placemark>
    <Placemark>
      <styleUrl>#area_amarilla</styleUrl>
      <Polygon>
        <outerBoundaryIs>
          <LinearRing>
            <coordinates>4.878446666666666,43.44705424159565,0 4.878836749546266,43.44702946377156,0 4.879214979020382,43.44695588322076,0 4.879569861955995,43.4468357358233,0 4.8798906148047125,43.44667267246096,0 4.880167491329012,43.44647164805521,0 4.88039207877587,43.44623877097539,0 4.880557553493988,43.445981117397416,0 4.880658888227823,43.44570651625875,0 4.880693004794608,43.44542331134827,0 4.880658867514244,43.44514010776365,0 4.880557514565192,43.44486551044265,0 4.880392026327244,43.44460786271368,0 4.880167431686636,43.44437499280873,0 4.879890555162336,43.44417397603831,0 4.879569809507369,43.44401091985085,0 4.879214940091585,43.44389077830239,0 4.878836728832686,43.44381720156926,0 4.878446666666666,43.443792425071024,0 4.878056604500646,43.44381720156926,0 4.877678393241747,43.44389077830239,0 4.8773235238259645,43.44401091985085,0 4.877002778170996,43.44417397603831,0 4.876725901646696,43.44437499280873,0 4.876501307006089,43.44460786271368,0 4.876335818768141,43.44486551044265,0 4.876234465819089,43.44514010776365,0 4.876200328538724,43.44542331134827,0 4.876234445105509,43.44570651625875,0 4.876335779839344,43.445981117397416,0 4.876501254557463,43.44623877097539,0 4.876725842004321,43.44647164805521,0 4.877002718528621,43.44667267246096,0 4.877323471377339,43.4468357358233,0 4.877678354312951,43.44695588322076,0 4.878056583787067,43.44702946377156,0 4.878446666666666,43.44705424159565,0</coordinates>
          </LinearRing>
        </outerBoundaryIs>
      </Polygon>
    </Placemark>
    <Placemark>
      <styleUrl>#pink</styleUrl>
      <name />
      <description>
    &lt;![CDATA[
    &lt;h2&gt;🔥 Incendio activo&lt;/h2&gt;

    &lt;table border="0" cellpadding="4"&gt;

        &lt;tr&gt;
            &lt;td&gt;&lt;b&gt;Focos agrupados&lt;/b&gt;&lt;/td&gt;
            &lt;td&gt;3&lt;/td&gt;
        &lt;/tr&gt;

        &lt;tr&gt;
            &lt;td&gt;&lt;b&gt;FRP máximo&lt;/b&gt;&lt;/td&gt;
            &lt;td&gt;4.0 MW&lt;/td&gt;
        &lt;/tr&gt;

        &lt;tr&gt;
            &lt;td&gt;&lt;b&gt;Confianza&lt;/b&gt;&lt;/td&gt;
            &lt;td&gt;Baja&lt;/td&gt;
        &lt;/tr&gt;

        &lt;tr&gt;
            &lt;td&gt;&lt;b&gt;Fecha&lt;/b&gt;&lt;/td&gt;
            &lt;td&gt;2026-07-28&lt;/td&gt;
        &lt;/tr&gt;

        &lt;tr&gt;
            &lt;td&gt;&lt;b&gt;Hora&lt;/b&gt;&lt;/td&gt;
            &lt;td&gt;234 UTC&lt;/td&gt;
        &lt;/tr&gt;

        &lt;tr&gt;
            &lt;td&gt;&lt;b&gt;Satélite&lt;/b&gt;&lt;/td&gt;
            &lt;td&gt;N&lt;/td&gt;
        &lt;/tr&gt;

        &lt;tr&gt;
            &lt;td&gt;&lt;b&gt;Instrumento&lt;/b&gt;&lt;/td&gt;
            &lt;td&gt;VIIRS&lt;/td&gt;
        &lt;/tr&gt;

        &lt;tr&gt;
            &lt;td&gt;&lt;b&gt;Población más cercana&lt;/b&gt;&lt;/td&gt;
            &lt;td&gt;Portbou&lt;/td&gt;
        &lt;/tr&gt;

        &lt;tr&gt;
            &lt;td&gt;&lt;b&gt;Distancia&lt;/b&gt;&lt;/td&gt;
            &lt;td&gt;179.9 km&lt;/td&gt;
        &lt;/tr&gt;

        &lt;tr&gt;
            &lt;td&gt;&lt;b&gt;Latitud&lt;/b&gt;&lt;/td&gt;
            &lt;td&gt;43.445423&lt;/td&gt;
        &lt;/tr&gt;

        &lt;tr&gt;
            &lt;td&gt;&lt;b&gt;Longitud&lt;/b&gt;&lt;/td&gt;
            &lt;td&gt;4.878447&lt;/td&gt;
        &lt;/tr&gt;

    &lt;/table&gt;

    ]]&gt;
    </description>
      <Point>
        <coordinates>4.878446666666666,43.44542333333334,0</coordinates>
      </Point>
    </Placemark>
    <Placemark>
      <styleUrl>#area_amarilla</styleUrl>
      <Polygon>
        <outerBoundaryIs>
          <LinearRing>
            <coordinates>4.895855,43.45174087417221,0 4.896306100899792,43.45171222261941,0 4.896743494077076,43.45162713860396,0 4.897153888462339,43.451488207590955,0 4.897524813614065,43.45129965128187,0 4.897844998725198,43.45106719929766,0 4.89810471513325,43.45079791503491,0 4.898296071920768,43.45049998099259,0 4.898413255624476,43.450182450098694,0 4.898452706775987,43.44985497059904,0 4.8984132279218695,43.449527492872484,0 4.898296019856899,43.44920996708401,0 4.89810464498779,43.448912040863654,0 4.8978449189587225,43.44864276619596,0 4.8975247338475905,43.448410324422596,0 4.897153818316878,43.44822177770857,0 4.896743442013207,43.44808285451753,0 4.896306073197185,43.4479977756075,0 4.895855,43.4479691258278,0 4.895403926802815,43.4479977756075,0 4.894966557986793,43.44808285451753,0 4.894556181683122,43.44822177770857,0 4.894185266152409,43.448410324422596,0 4.893865081041277,43.44864276619596,0 4.89360535501221,43.448912040863654,0 4.8934139801431,43.44920996708401,0 4.89329677207813,43.449527492872484,0 4.893257293224012,43.44985497059904,0 4.893296744375524,43.450182450098694,0 4.893413928079231,43.45049998099259,0 4.893605284866749,43.45079791503491,0 4.893865001274802,43.45106719929766,0 4.8941851863859345,43.45129965128187,0 4.8945561115376615,43.451488207590955,0 4.894966505922924,43.45162713860396,0 4.8954038991002085,43.45171222261941,0 4.895855,43.45174087417221,0</coordinates>
          </LinearRing>
        </outerBoundaryIs>
      </Polygon>
    </Placemark>
    <Placemark>
      <styleUrl>#pink</styleUrl>
      <name />
      <description>
    &lt;![CDATA[
    &lt;h2&gt;🔥 Incendio activo&lt;/h2&gt;

    &lt;table border="0" cellpadding="4"&gt;

        &lt;tr&gt;
            &lt;td&gt;&lt;b&gt;Focos agrupados&lt;/b&gt;&lt;/td&gt;
            &lt;td&gt;2&lt;/td&gt;
        &lt;/tr&gt;

        &lt;tr&gt;
            &lt;td&gt;&lt;b&gt;FRP máximo&lt;/b&gt;&lt;/td&gt;
            &lt;td&gt;6.0 MW&lt;/td&gt;
        &lt;/tr&gt;

        &lt;tr&gt;
            &lt;td&gt;&lt;b&gt;Confianza&lt;/b&gt;&lt;/td&gt;
            &lt;td&gt;Baja&lt;/td&gt;
        &lt;/tr&gt;

        &lt;tr&gt;
            &lt;td&gt;&lt;b&gt;Fecha&lt;/b&gt;&lt;/td&gt;
            &lt;td&gt;2026-07-28&lt;/td&gt;
        &lt;/tr&gt;

        &lt;tr&gt;
            &lt;td&gt;&lt;b&gt;Hora&lt;/b&gt;&lt;/td&gt;
            &lt;td&gt;1217 UTC&lt;/td&gt;
        &lt;/tr&gt;

        &lt;tr&gt;
            &lt;td&gt;&lt;b&gt;Satélite&lt;/b&gt;&lt;/td&gt;
            &lt;td&gt;N&lt;/td&gt;
        &lt;/tr&gt;

        &lt;tr&gt;
            &lt;td&gt;&lt;b&gt;Instrumento&lt;/b&gt;&lt;/td&gt;
            &lt;td&gt;VIIRS&lt;/td&gt;
        &lt;/tr&gt;

        &lt;tr&gt;
            &lt;td&gt;&lt;b&gt;Población más cercana&lt;/b&gt;&lt;/td&gt;
            &lt;td&gt;Portbou&lt;/td&gt;
        &lt;/tr&gt;

        &lt;tr&gt;
            &lt;td&gt;&lt;b&gt;Distancia&lt;/b&gt;&lt;/td&gt;
            &lt;td&gt;181.3 km&lt;/td&gt;
        &lt;/tr&gt;

        &lt;tr&gt;
            &lt;td&gt;&lt;b&gt;Latitud&lt;/b&gt;&lt;/td&gt;
            &lt;td&gt;43.449855&lt;/td&gt;
        &lt;/tr&gt;

        &lt;tr&gt;
            &lt;td&gt;&lt;b&gt;Longitud&lt;/b&gt;&lt;/td&gt;
            &lt;td&gt;4.895855&lt;/td&gt;
        &lt;/tr&gt;

    &lt;/table&gt;

    ]]&gt;
    </description>
      <Point>
        <coordinates>4.895855,43.449855,0</coordinates>
      </Point>
    </Placemark>
    <Placemark>
      <styleUrl>#area_amarilla</styleUrl>
      <Polygon>
        <outerBoundaryIs>
          <LinearRing>
            <coordinates>-0.25466200000000005,35.8097946192036,0 -0.2542991386273666,35.80976887358492,0 -0.253947303301972,35.809692419045675,0 -0.2536171849671923,35.809567578759996,0 -0.2533188145506519,35.80939814615383,0 -0.25306125812539687,35.80918926961738,0 -0.25285234141303803,35.80894729604181,0 -0.2526984120031704,35.80867957793796,0 -0.25260414651390983,35.80839425000194,0 -0.2525724085493958,35.808099981920336,0 -0.25260416176361256,35.80780571492907,0 -0.2526984406632366,35.80752039013255,0 -0.2528523800266408,35.807252676838694,0 -0.25306130203516586,35.80701070916345,0 -0.2533188584604209,35.806801838906004,0 -0.25361722358079514,35.806632412200166,0 -0.2539473319620383,35.806507576724485,0 -0.25429915387706936,35.80643112532476,0 -0.25466200000000005,35.8064053807964,0 -0.25502484612293075,35.80643112532476,0 -0.25537666803796183,35.806507576724485,0 -0.255706776419205,35.806632412200166,0 -0.25600514153957926,35.806801838906004,0 -0.2562626979648343,35.80701070916345,0 -0.2564716199733593,35.807252676838694,0 -0.25662555933676356,35.80752039013255,0 -0.2567198382363876,35.80780571492907,0 -0.2567515914506044,35.808099981920336,0 -0.2567198534860903,35.80839425000194,0 -0.2566255879968298,35.80867957793796,0 -0.2564716585869621,35.80894729604181,0 -0.25626274187460324,35.80918926961738,0 -0.2560051854493482,35.80939814615383,0 -0.2557068150328078,35.809567578759996,0 -0.2553766966980281,35.809692419045675,0 -0.2550248613726335,35.80976887358492,0 -0.25466200000000005,35.8097946192036,0</coordinates>
          </LinearRing>
        </outerBoundaryIs>
      </Polygon>
    </Placemark>
    <Placemark>
      <styleUrl>#pink</styleUrl>
      <name />
      <description>
    &lt;![CDATA[
    &lt;h2&gt;🔥 Incendio activo&lt;/h2&gt;

    &lt;table border="0" cellpadding="4"&gt;

        &lt;tr&gt;
            &lt;td&gt;&lt;b&gt;Focos agrupados&lt;/b&gt;&lt;/td&gt;
            &lt;td&gt;5&lt;/td&gt;
        &lt;/tr&gt;

        &lt;tr&gt;
            &lt;td&gt;&lt;b&gt;FRP máximo&lt;/b&gt;&lt;/td&gt;
            &lt;td&gt;6.8 MW&lt;/td&gt;
        &lt;/tr&gt;

        &lt;tr&gt;
            &lt;td&gt;&lt;b&gt;Confianza&lt;/b&gt;&lt;/td&gt;
            &lt;td&gt;Baja&lt;/td&gt;
        &lt;/tr&gt;

        &lt;tr&gt;
            &lt;td&gt;&lt;b&gt;Fecha&lt;/b&gt;&lt;/td&gt;
            &lt;td&gt;2026-07-28&lt;/td&gt;
        &lt;/tr&gt;

        &lt;tr&gt;
            &lt;td&gt;&lt;b&gt;Hora&lt;/b&gt;&lt;/td&gt;
            &lt;td&gt;1217 UTC&lt;/td&gt;
        &lt;/tr&gt;

        &lt;tr&gt;
            &lt;td&gt;&lt;b&gt;Satélite&lt;/b&gt;&lt;/td&gt;
            &lt;td&gt;N&lt;/td&gt;
        &lt;/tr&gt;

        &lt;tr&gt;
            &lt;td&gt;&lt;b&gt;Instrumento&lt;/b&gt;&lt;/td&gt;
            &lt;td&gt;VIIRS&lt;/td&gt;
        &lt;/tr&gt;

        &lt;tr&gt;
            &lt;td&gt;&lt;b&gt;Población más cercana&lt;/b&gt;&lt;/td&gt;
            &lt;td&gt;Carboneras&lt;/td&gt;
        &lt;/tr&gt;

        &lt;tr&gt;
            &lt;td&gt;&lt;b&gt;Distancia&lt;/b&gt;&lt;/td&gt;
            &lt;td&gt;197.5 km&lt;/td&gt;
        &lt;/tr&gt;

        &lt;tr&gt;
            &lt;td&gt;&lt;b&gt;Latitud&lt;/b&gt;&lt;/td&gt;
            &lt;td&gt;35.808100&lt;/td&gt;
        &lt;/tr&gt;

        &lt;tr&gt;
            &lt;td&gt;&lt;b&gt;Longitud&lt;/b&gt;&lt;/td&gt;
            &lt;td&gt;-0.254662&lt;/td&gt;
        &lt;/tr&gt;

    &lt;/table&gt;

    ]]&gt;
    </description>
      <Point>
        <coordinates>-0.25466200000000005,35.808099999999996,0</coordinates>
      </Point>
    </Placemark>
    <Placemark>
      <styleUrl>#area_amarilla</styleUrl>
      <Polygon>
        <outerBoundaryIs>
          <LinearRing>
            <coordinates>-0.25626499999999997,35.812749830636555,0 -0.25595025989036296,35.8127275001963,0 -0.2556450835173845,35.81266118741169,0 -0.2553587439659776,35.8125529072697,0 -0.2550999418564033,35.81240594997093,0 -0.25487654093957135,35.81222478093885,0 -0.2546953291392669,35.812014905115944,0 -0.2545618123045278,35.81178269967319,0 -0.25448004693890164,35.811535220218715,0 -0.2544525169864012,35.811279986397096,0 -0.2544800584130355,35.81102475339583,0 -0.25456183386884557,35.81077727630348,0 -0.2546953581927937,35.8105450744797,0 -0.254876573978023,35.81033520309612,0 -0.25509997489485486,35.81015403878828,0 -0.2553587730195044,35.81000708592885,0 -0.25564510508170235,35.80989880940584,0 -0.25595027136449683,35.80983249898334,0 -0.25626499999999997,35.809810169363445,0 -0.25657972863550316,35.80983249898334,0 -0.2568848949182976,35.80989880940584,0 -0.25717122698049555,35.81000708592885,0 -0.25743002510514507,35.81015403878828,0 -0.257653426021977,35.81033520309612,0 -0.2578346418072063,35.8105450744797,0 -0.2579681661311544,35.81077727630348,0 -0.2580499415869645,35.81102475339583,0 -0.2580774830135988,35.811279986397096,0 -0.25804995306109835,35.811535220218715,0 -0.2579681876954722,35.81178269967319,0 -0.2578346708607331,35.812014905115944,0 -0.2576534590604286,35.81222478093885,0 -0.2574300581435967,35.81240594997093,0 -0.25717125603402236,35.8125529072697,0 -0.2568849164826154,35.81266118741169,0 -0.256579740109637,35.8127275001963,0 -0.25626499999999997,35.812749830636555,0</coordinates>
          </LinearRing>
        </outerBoundaryIs>
      </Polygon>
    </Placemark>
    <Placemark>
      <styleUrl>#pink</styleUrl>
      <name />
      <description>
    &lt;![CDATA[
    &lt;h2&gt;🔥 Incendio activo&lt;/h2&gt;

    &lt;table border="0" cellpadding="4"&gt;

        &lt;tr&gt;
            &lt;td&gt;&lt;b&gt;Focos agrupados&lt;/b&gt;&lt;/td&gt;
            &lt;td&gt;2&lt;/td&gt;
        &lt;/tr&gt;

        &lt;tr&gt;
            &lt;td&gt;&lt;b&gt;FRP máximo&lt;/b&gt;&lt;/td&gt;
            &lt;td&gt;3.9 MW&lt;/td&gt;
        &lt;/tr&gt;

        &lt;tr&gt;
            &lt;td&gt;&lt;b&gt;Confianza&lt;/b&gt;&lt;/td&gt;
            &lt;td&gt;Baja&lt;/td&gt;
        &lt;/tr&gt;

        &lt;tr&gt;
            &lt;td&gt;&lt;b&gt;Fecha&lt;/b&gt;&lt;/td&gt;
            &lt;td&gt;2026-07-28&lt;/td&gt;
        &lt;/tr&gt;

        &lt;tr&gt;
            &lt;td&gt;&lt;b&gt;Hora&lt;/b&gt;&lt;/td&gt;
            &lt;td&gt;56 UTC&lt;/td&gt;
        &lt;/tr&gt;

        &lt;tr&gt;
            &lt;td&gt;&lt;b&gt;Satélite&lt;/b&gt;&lt;/td&gt;
            &lt;td&gt;N&lt;/td&gt;
        &lt;/tr&gt;

        &lt;tr&gt;
            &lt;td&gt;&lt;b&gt;Instrumento&lt;/b&gt;&lt;/td&gt;
            &lt;td&gt;VIIRS&lt;/td&gt;
        &lt;/tr&gt;

        &lt;tr&gt;
            &lt;td&gt;&lt;b&gt;Población más cercana&lt;/b&gt;&lt;/td&gt;
            &lt;td&gt;Carboneras&lt;/td&gt;
        &lt;/tr&gt;

        &lt;tr&gt;
            &lt;td&gt;&lt;b&gt;Distancia&lt;/b&gt;&lt;/td&gt;
            &lt;td&gt;197.2 km&lt;/td&gt;
        &lt;/tr&gt;

        &lt;tr&gt;
            &lt;td&gt;&lt;b&gt;Latitud&lt;/b&gt;&lt;/td&gt;
            &lt;td&gt;35.811280&lt;/td&gt;
        &lt;/tr&gt;

        &lt;tr&gt;
            &lt;td&gt;&lt;b&gt;Longitud&lt;/b&gt;&lt;/td&gt;
            &lt;td&gt;-0.256265&lt;/td&gt;
        &lt;/tr&gt;

    &lt;/table&gt;

    ]]&gt;
    </description>
      <Point>
        <coordinates>-0.25626499999999997,35.81128,0</coordinates>
      </Point>
    </Placemark>
    <Placemark>
      <styleUrl>#area_amarilla</styleUrl>
      <Polygon>
        <outerBoundaryIs>
          <LinearRing>
            <coordinates>-0.273195,35.81279398240888,0 -0.272906137387796,35.81277348798943,0 -0.2726260521559578,35.81271262747481,0 -0.27236325493599006,35.812613250170756,0 -0.27212573097305054,35.81247837574388,0 -0.27192069746398684,35.812312102454115,0 -0.2717543842481992,35.81211948261076,0 -0.27163184451712863,35.81190636903899,0 -0.2715568012938642,35.81167923722437,0 -0.27153153434530575,35.811444988541915,0 -0.2715568109588547,35.81121074055046,0 -0.27163186268136913,35.81098361072552,0 -0.27175440872081424,35.81077050020211,0 -0.27192072529321787,35.81057788409812,0 -0.27212575880228157,35.810411614787704,0 -0.2723632794086051,35.8102767441002,0 -0.2726260703201983,35.8101773698445,0 -0.27290614705278654,35.81011651131956,0 -0.273195,35.81009601759112,0 -0.2734838529472135,35.81011651131956,0 -0.27376392967980173,35.8101773698445,0 -0.27402672059139493,35.8102767441002,0 -0.27426424119771853,35.810411614787704,0 -0.27446927470678223,35.81057788409812,0 -0.2746355912791858,35.81077050020211,0 -0.27475813731863097,35.81098361072552,0 -0.27483318904114534,35.81121074055046,0 -0.27485846565469435,35.811444988541915,0 -0.2748331987061359,35.81167923722437,0 -0.2747581554828714,35.81190636903899,0 -0.27463561575180084,35.81211948261076,0 -0.2744693025360132,35.812312102454115,0 -0.2742642690269495,35.81247837574388,0 -0.27402674506401,35.812613250170756,0 -0.2737639478440423,35.81271262747481,0 -0.27348386261220403,35.81277348798943,0 -0.273195,35.81279398240888,0</coordinates>
          </LinearRing>
        </outerBoundaryIs>
      </Polygon>
    </Placemark>
    <Placemark>
      <styleUrl>#pink</styleUrl>
      <name />
      <description>
    &lt;![CDATA[
    &lt;h2&gt;🔥 Incendio activo&lt;/h2&gt;

    &lt;table border="0" cellpadding="4"&gt;

        &lt;tr&gt;
            &lt;td&gt;&lt;b&gt;Focos agrupados&lt;/b&gt;&lt;/td&gt;
            &lt;td&gt;2&lt;/td&gt;
        &lt;/tr&gt;

        &lt;tr&gt;
            &lt;td&gt;&lt;b&gt;FRP máximo&lt;/b&gt;&lt;/td&gt;
            &lt;td&gt;3.3 MW&lt;/td&gt;
        &lt;/tr&gt;

        &lt;tr&gt;
            &lt;td&gt;&lt;b&gt;Confianza&lt;/b&gt;&lt;/td&gt;
            &lt;td&gt;Baja&lt;/td&gt;
        &lt;/tr&gt;

        &lt;tr&gt;
            &lt;td&gt;&lt;b&gt;Fecha&lt;/b&gt;&lt;/td&gt;
            &lt;td&gt;2026-07-28&lt;/td&gt;
        &lt;/tr&gt;

        &lt;tr&gt;
            &lt;td&gt;&lt;b&gt;Hora&lt;/b&gt;&lt;/td&gt;
            &lt;td&gt;56 UTC&lt;/td&gt;
        &lt;/tr&gt;

        &lt;tr&gt;
            &lt;td&gt;&lt;b&gt;Satélite&lt;/b&gt;&lt;/td&gt;
            &lt;td&gt;N&lt;/td&gt;
        &lt;/tr&gt;

        &lt;tr&gt;
            &lt;td&gt;&lt;b&gt;Instrumento&lt;/b&gt;&lt;/td&gt;
            &lt;td&gt;VIIRS&lt;/td&gt;
        &lt;/tr&gt;

        &lt;tr&gt;
            &lt;td&gt;&lt;b&gt;Población más cercana&lt;/b&gt;&lt;/td&gt;
            &lt;td&gt;Carboneras&lt;/td&gt;
        &lt;/tr&gt;

        &lt;tr&gt;
            &lt;td&gt;&lt;b&gt;Distancia&lt;/b&gt;&lt;/td&gt;
            &lt;td&gt;196.1 km&lt;/td&gt;
        &lt;/tr&gt;

        &lt;tr&gt;
            &lt;td&gt;&lt;b&gt;Latitud&lt;/b&gt;&lt;/td&gt;
            &lt;td&gt;35.811445&lt;/td&gt;
        &lt;/tr&gt;

        &lt;tr&gt;
            &lt;td&gt;&lt;b&gt;Longitud&lt;/b&gt;&lt;/td&gt;
            &lt;td&gt;-0.273195&lt;/td&gt;
        &lt;/tr&gt;

    &lt;/table&gt;

    ]]&gt;
    </description>
      <Point>
        <coordinates>-0.273195,35.811445,0</coordinates>
      </Point>
    </Placemark>
    <Placemark>
      <styleUrl>#area_amarilla</styleUrl>
      <Polygon>
        <outerBoundaryIs>
          <LinearRing>
            <coordinates>4.446490000000001,35.87847398240888,0 4.446779101932609,35.87845348798859,0 4.447059419211806,35.87839262747157,0 4.4473224341541995,35.87829325016383,0 4.447560154898322,35.878158375732426,0 4.447765358267735,35.87799210243785,0 4.447931809261921,35.87779948258997,0 4.4480544505036015,35.87758636901452,0 4.448129555886266,35.877359237197496,0 4.448154843755575,35.877124988514204,0 4.44812954618988,35.87689074052359,0 4.448054432280358,35.87666361070105,0 4.4479317847098105,35.876450500181335,0 4.447765330348106,35.876257884081866,0 4.447560126978693,35.876091614776264,0 4.44732240960209,35.87595674409327,0 4.447059400988563,35.875857369841256,0 4.446779092236224,35.87579651131873,0 4.446490000000001,35.875776017591114,0 4.446200907763777,35.87579651131873,0 4.445920599011438,35.875857369841256,0 4.445657590397911,35.87595674409327,0 4.445419873021309,35.876091614776264,0 4.445214669651895,35.876257884081866,0 4.44504821529019,35.876450500181335,0 4.444925567719642,35.87666361070105,0 4.444850453810121,35.87689074052359,0 4.444825156244426,35.877124988514204,0 4.444850444113736,35.877359237197496,0 4.444925549496399,35.87758636901452,0 4.445048190738079,35.87779948258997,0 4.4452146417322655,35.87799210243785,0 4.4454198451016795,35.878158375732426,0 4.445657565845801,35.87829325016383,0 4.445920580788195,35.87839262747157,0 4.446200898067392,35.87845348798859,0 4.446490000000001,35.87847398240888,0</coordinates>
          </LinearRing>
        </outerBoundaryIs>
      </Polygon>
    </Placemark>
    <Placemark>
      <styleUrl>#pink</styleUrl>
      <name />
      <description>
    &lt;![CDATA[
    &lt;h2&gt;🔥 Incendio activo&lt;/h2&gt;

    &lt;table border="0" cellpadding="4"&gt;

        &lt;tr&gt;
            &lt;td&gt;&lt;b&gt;Focos agrupados&lt;/b&gt;&lt;/td&gt;
            &lt;td&gt;2&lt;/td&gt;
        &lt;/tr&gt;

        &lt;tr&gt;
            &lt;td&gt;&lt;b&gt;FRP máximo&lt;/b&gt;&lt;/td&gt;
            &lt;td&gt;1.4 MW&lt;/td&gt;
        &lt;/tr&gt;

        &lt;tr&gt;
            &lt;td&gt;&lt;b&gt;Confianza&lt;/b&gt;&lt;/td&gt;
            &lt;td&gt;Baja&lt;/td&gt;
        &lt;/tr&gt;

        &lt;tr&gt;
            &lt;td&gt;&lt;b&gt;Fecha&lt;/b&gt;&lt;/td&gt;
            &lt;td&gt;2026-07-28&lt;/td&gt;
        &lt;/tr&gt;

        &lt;tr&gt;
            &lt;td&gt;&lt;b&gt;Hora&lt;/b&gt;&lt;/td&gt;
            &lt;td&gt;56 UTC&lt;/td&gt;
        &lt;/tr&gt;

        &lt;tr&gt;
            &lt;td&gt;&lt;b&gt;Satélite&lt;/b&gt;&lt;/td&gt;
            &lt;td&gt;N&lt;/td&gt;
        &lt;/tr&gt;

        &lt;tr&gt;
            &lt;td&gt;&lt;b&gt;Instrumento&lt;/b&gt;&lt;/td&gt;
            &lt;td&gt;VIIRS&lt;/td&gt;
        &lt;/tr&gt;

        &lt;tr&gt;
            &lt;td&gt;&lt;b&gt;Población más cercana&lt;/b&gt;&lt;/td&gt;
            &lt;td&gt;Santanyí&lt;/td&gt;
        &lt;/tr&gt;

        &lt;tr&gt;
            &lt;td&gt;&lt;b&gt;Distancia&lt;/b&gt;&lt;/td&gt;
            &lt;td&gt;403.7 km&lt;/td&gt;
        &lt;/tr&gt;

        &lt;tr&gt;
            &lt;td&gt;&lt;b&gt;Latitud&lt;/b&gt;&lt;/td&gt;
            &lt;td&gt;35.877125&lt;/td&gt;
        &lt;/tr&gt;

        &lt;tr&gt;
            &lt;td&gt;&lt;b&gt;Longitud&lt;/b&gt;&lt;/td&gt;
            &lt;td&gt;4.446490&lt;/td&gt;
        &lt;/tr&gt;

    &lt;/table&gt;

    ]]&gt;
    </description>
      <Point>
        <coordinates>4.446490000000001,35.877125,0</coordinates>
      </Point>
    </Placemark>
    <Placemark>
      <styleUrl>#area_amarilla</styleUrl>
      <Polygon>
        <outerBoundaryIs>
          <LinearRing>
            <coordinates>3.74818,36.18151094158388,0 3.748652428529536,36.18147757936894,0 3.7491105013805024,36.18137850650185,0 3.749540299206309,36.18121673350269,0 3.74992876204948,36.1809971761316,0 3.7502640862544885,36.180726505981376,0 3.7505360831651373,36.180412947709776,0 3.750736488701701,36.18006602907937,0 3.7508592144114803,36.17969629140655,0 3.750900532370693,36.179314969224485,0 3.750859188330726,36.178933648898415,0 3.7507364396859164,36.17856391656971,0 3.7505360171263495,36.17821700612695,0 3.7502640111579484,36.177903457899006,0 3.7499286869529405,36.177632798436996,0 3.7495402331675205,36.177413251109556,0 3.7491104523647167,36.17725148629805,0 3.7486524024487817,36.17715241877507,0 3.74818,36.17711905841612,0 3.7477075975512184,36.17715241877507,0 3.747249547635284,36.17725148629805,0 3.74681976683248,36.177413251109556,0 3.7464313130470597,36.177632798436996,0 3.746095988842052,36.177903457899006,0 3.745823982873651,36.17821700612695,0 3.745623560314084,36.17856391656971,0 3.7455008116692743,36.178933648898415,0 3.7454594676293076,36.179314969224485,0 3.7455007855885203,36.17969629140655,0 3.745623511298299,36.18006602907937,0 3.745823916834863,36.180412947709776,0 3.746095913745512,36.180726505981376,0 3.7464312379505205,36.1809971761316,0 3.746819700793691,36.18121673350269,0 3.7472494986194977,36.18137850650185,0 3.7477075714704644,36.18147757936894,0 3.74818,36.18151094158388,0</coordinates>
          </LinearRing>
        </outerBoundaryIs>
      </Polygon>
    </Placemark>
    <Placemark>
      <styleUrl>#pink</styleUrl>
      <name />
      <description>
    &lt;![CDATA[
    &lt;h2&gt;🔥 Incendio activo&lt;/h2&gt;

    &lt;table border="0" cellpadding="4"&gt;

        &lt;tr&gt;
            &lt;td&gt;&lt;b&gt;Focos agrupados&lt;/b&gt;&lt;/td&gt;
            &lt;td&gt;2&lt;/td&gt;
        &lt;/tr&gt;

        &lt;tr&gt;
            &lt;td&gt;&lt;b&gt;FRP máximo&lt;/b&gt;&lt;/td&gt;
            &lt;td&gt;1.2 MW&lt;/td&gt;
        &lt;/tr&gt;

        &lt;tr&gt;
            &lt;td&gt;&lt;b&gt;Confianza&lt;/b&gt;&lt;/td&gt;
            &lt;td&gt;Baja&lt;/td&gt;
        &lt;/tr&gt;

        &lt;tr&gt;
            &lt;td&gt;&lt;b&gt;Fecha&lt;/b&gt;&lt;/td&gt;
            &lt;td&gt;2026-07-28&lt;/td&gt;
        &lt;/tr&gt;

        &lt;tr&gt;
            &lt;td&gt;&lt;b&gt;Hora&lt;/b&gt;&lt;/td&gt;
            &lt;td&gt;56 UTC&lt;/td&gt;
        &lt;/tr&gt;

        &lt;tr&gt;
            &lt;td&gt;&lt;b&gt;Satélite&lt;/b&gt;&lt;/td&gt;
            &lt;td&gt;N&lt;/td&gt;
        &lt;/tr&gt;

        &lt;tr&gt;
            &lt;td&gt;&lt;b&gt;Instrumento&lt;/b&gt;&lt;/td&gt;
            &lt;td&gt;VIIRS&lt;/td&gt;
        &lt;/tr&gt;

        &lt;tr&gt;
            &lt;td&gt;&lt;b&gt;Población más cercana&lt;/b&gt;&lt;/td&gt;
            &lt;td&gt;Formentera&lt;/td&gt;
        &lt;/tr&gt;

        &lt;tr&gt;
            &lt;td&gt;&lt;b&gt;Distancia&lt;/b&gt;&lt;/td&gt;
            &lt;td&gt;347.6 km&lt;/td&gt;
        &lt;/tr&gt;

        &lt;tr&gt;
            &lt;td&gt;&lt;b&gt;Latitud&lt;/b&gt;&lt;/td&gt;
            &lt;td&gt;36.179315&lt;/td&gt;
        &lt;/tr&gt;

        &lt;tr&gt;
            &lt;td&gt;&lt;b&gt;Longitud&lt;/b&gt;&lt;/td&gt;
            &lt;td&gt;3.748180&lt;/td&gt;
        &lt;/tr&gt;

    &lt;/table&gt;

    ]]&gt;
    </description>
      <Point>
        <coordinates>3.74818,36.179315,0</coordinates>
      </Point>
    </Placemark>
    <Placemark>
      <styleUrl>#area_amarilla</styleUrl>
      <Polygon>
        <outerBoundaryIs>
          <LinearRing>
            <coordinates>2.87662,36.59940616913916,0 2.87697930543122,36.599380931708055,0 2.8773276928612783,36.59930598628999,0 2.8776545761098786,36.59918361020369,0 2.877950022546243,36.599017521999244,0 2.8782050549411897,36.59881276844602,0 2.8784119242644914,36.59857557115733,0 2.8785643451352265,36.59831313751607,0 2.878657686771087,36.59803344165025,0 2.8786891136382264,36.59774498211732,0 2.8786576715346013,36.59745652366284,0 2.8785643165,36.59717683090232,0 2.8784118856843555,36.59691440201865,0 2.8782050110694772,36.596677210566014,0 2.87794997867453,36.59647246322338,0 2.8776545375297418,36.596306380854976,0 2.8773276642260512,36.59618400952626,0 2.876979290194734,36.5961090672135,0 2.87662,36.59608383086085,0 2.876260709805266,36.5961090672135,0 2.8759123357739482,36.59618400952626,0 2.875585462470258,36.596306380854976,0 2.87529002132547,36.59647246322338,0 2.8750349889305227,36.596677210566014,0 2.8748281143156444,36.59691440201865,0 2.8746756835,36.59717683090232,0 2.8745823284653986,36.59745652366284,0 2.874550886361773,36.59774498211732,0 2.8745823132289128,36.59803344165025,0 2.8746756548647734,36.59831313751607,0 2.874828075735508,36.59857557115733,0 2.8750349450588097,36.59881276844602,0 2.875289977453757,36.599017521999244,0 2.8755854238901213,36.59918361020369,0 2.8759123071387216,36.59930598628999,0 2.87626069456878,36.599380931708055,0 2.87662,36.59940616913916,0</coordinates>
          </LinearRing>
        </outerBoundaryIs>
      </Polygon>
    </Placemark>
    <Placemark>
      <styleUrl>#pink</styleUrl>
      <name />
      <description>
    &lt;![CDATA[
    &lt;h2&gt;🔥 Incendio activo&lt;/h2&gt;

    &lt;table border="0" cellpadding="4"&gt;

        &lt;tr&gt;
            &lt;td&gt;&lt;b&gt;Focos agrupados&lt;/b&gt;&lt;/td&gt;
            &lt;td&gt;2&lt;/td&gt;
        &lt;/tr&gt;

        &lt;tr&gt;
            &lt;td&gt;&lt;b&gt;FRP máximo&lt;/b&gt;&lt;/td&gt;
            &lt;td&gt;0.8 MW&lt;/td&gt;
        &lt;/tr&gt;

        &lt;tr&gt;
            &lt;td&gt;&lt;b&gt;Confianza&lt;/b&gt;&lt;/td&gt;
            &lt;td&gt;Baja&lt;/td&gt;
        &lt;/tr&gt;

        &lt;tr&gt;
            &lt;td&gt;&lt;b&gt;Fecha&lt;/b&gt;&lt;/td&gt;
            &lt;td&gt;2026-07-28&lt;/td&gt;
        &lt;/tr&gt;

        &lt;tr&gt;
            &lt;td&gt;&lt;b&gt;Hora&lt;/b&gt;&lt;/td&gt;
            &lt;td&gt;236 UTC&lt;/td&gt;
        &lt;/tr&gt;

        &lt;tr&gt;
            &lt;td&gt;&lt;b&gt;Satélite&lt;/b&gt;&lt;/td&gt;
            &lt;td&gt;N&lt;/td&gt;
        &lt;/tr&gt;

        &lt;tr&gt;
            &lt;td&gt;&lt;b&gt;Instrumento&lt;/b&gt;&lt;/td&gt;
            &lt;td&gt;VIIRS&lt;/td&gt;
        &lt;/tr&gt;

        &lt;tr&gt;
            &lt;td&gt;&lt;b&gt;Población más cercana&lt;/b&gt;&lt;/td&gt;
            &lt;td&gt;Formentera&lt;/td&gt;
        &lt;/tr&gt;

        &lt;tr&gt;
            &lt;td&gt;&lt;b&gt;Distancia&lt;/b&gt;&lt;/td&gt;
            &lt;td&gt;266.8 km&lt;/td&gt;
        &lt;/tr&gt;

        &lt;tr&gt;
            &lt;td&gt;&lt;b&gt;Latitud&lt;/b&gt;&lt;/td&gt;
            &lt;td&gt;36.597745&lt;/td&gt;
        &lt;/tr&gt;

        &lt;tr&gt;
            &lt;td&gt;&lt;b&gt;Longitud&lt;/b&gt;&lt;/td&gt;
            &lt;td&gt;2.876620&lt;/td&gt;
        &lt;/tr&gt;

    &lt;/table&gt;

    ]]&gt;
    </description>
      <Point>
        <coordinates>2.87662,36.597745,0</coordinates>
      </Point>
    </Placemark>
    <Placemark>
      <styleUrl>#area_amarilla</styleUrl>
      <Polygon>
        <outerBoundaryIs>
          <LinearRing>
            <coordinates>3.804345,36.6705717024408,0 3.804658206152081,36.670549723369945,0 3.8049618951704822,36.67048445401732,0 3.8052468391579284,36.670377877665715,0 3.8055043798940456,36.67023323274689,0 3.8057266919521897,36.67005491442372,0 3.805907020492998,36.669848341021314,0 3.8060398865067517,36.669619789368184,0 3.806121253268388,36.66937620405387,0 3.8061486489501535,36.66912498640142,0 3.806121241671331,36.66887376956907,0 3.806039864711414,36.66863018661612,0 3.8059069911282193,36.66840163858082,0 3.805726658559795,36.668195069616324,0 3.80550434650165,36.668016756015895,0 3.8052468097931498,36.66787211553498,0 3.8049618733751442,36.66776554280121,0 3.804658194555024,36.667700275809956,0 3.804345,36.66767829755919,0 3.804031805444976,36.667700275809956,0 3.803728126624856,36.66776554280121,0 3.8034431902068504,36.66787211553498,0 3.8031856534983506,36.668016756015895,0 3.8029633414402055,36.668195069616324,0 3.802783008871781,36.66840163858082,0 3.8026501352885864,36.66863018661612,0 3.802568758328669,36.66887376956907,0 3.802541351049847,36.66912498640142,0 3.802568746731612,36.66937620405387,0 3.8026501134932484,36.669619789368184,0 3.8027829795070023,36.669848341021314,0 3.8029633080478105,36.67005491442372,0 3.803185620105955,36.67023323274689,0 3.803443160842072,36.670377877665715,0 3.8037281048295184,36.67048445401732,0 3.804031793847919,36.670549723369945,0 3.804345,36.6705717024408,0</coordinates>
          </LinearRing>
        </outerBoundaryIs>
      </Polygon>
    </Placemark>
    <Placemark>
      <styleUrl>#pink</styleUrl>
      <name />
      <description>
    &lt;![CDATA[
    &lt;h2&gt;🔥 Incendio activo&lt;/h2&gt;

    &lt;table border="0" cellpadding="4"&gt;

        &lt;tr&gt;
            &lt;td&gt;&lt;b&gt;Focos agrupados&lt;/b&gt;&lt;/td&gt;
            &lt;td&gt;2&lt;/td&gt;
        &lt;/tr&gt;

        &lt;tr&gt;
            &lt;td&gt;&lt;b&gt;FRP máximo&lt;/b&gt;&lt;/td&gt;
            &lt;td&gt;0.8 MW&lt;/td&gt;
        &lt;/tr&gt;

        &lt;tr&gt;
            &lt;td&gt;&lt;b&gt;Confianza&lt;/b&gt;&lt;/td&gt;
            &lt;td&gt;Baja&lt;/td&gt;
        &lt;/tr&gt;

        &lt;tr&gt;
            &lt;td&gt;&lt;b&gt;Fecha&lt;/b&gt;&lt;/td&gt;
            &lt;td&gt;2026-07-28&lt;/td&gt;
        &lt;/tr&gt;

        &lt;tr&gt;
            &lt;td&gt;&lt;b&gt;Hora&lt;/b&gt;&lt;/td&gt;
            &lt;td&gt;56 UTC&lt;/td&gt;
        &lt;/tr&gt;

        &lt;tr&gt;
            &lt;td&gt;&lt;b&gt;Satélite&lt;/b&gt;&lt;/td&gt;
            &lt;td&gt;N&lt;/td&gt;
        &lt;/tr&gt;

        &lt;tr&gt;
            &lt;td&gt;&lt;b&gt;Instrumento&lt;/b&gt;&lt;/td&gt;
            &lt;td&gt;VIIRS&lt;/td&gt;
        &lt;/tr&gt;

        &lt;tr&gt;
            &lt;td&gt;&lt;b&gt;Población más cercana&lt;/b&gt;&lt;/td&gt;
            &lt;td&gt;ses Salines&lt;/td&gt;
        &lt;/tr&gt;

        &lt;tr&gt;
            &lt;td&gt;&lt;b&gt;Distancia&lt;/b&gt;&lt;/td&gt;
            &lt;td&gt;304.1 km&lt;/td&gt;
        &lt;/tr&gt;

        &lt;tr&gt;
            &lt;td&gt;&lt;b&gt;Latitud&lt;/b&gt;&lt;/td&gt;
            &lt;td&gt;36.669125&lt;/td&gt;
        &lt;/tr&gt;

        &lt;tr&gt;
            &lt;td&gt;&lt;b&gt;Longitud&lt;/b&gt;&lt;/td&gt;
            &lt;td&gt;3.804345&lt;/td&gt;
        &lt;/tr&gt;

    &lt;/table&gt;

    ]]&gt;
    </description>
      <Point>
        <coordinates>3.804345,36.669124999999994,0</coordinates>
      </Point>
    </Placemark>
    <Placemark>
      <styleUrl>#area_amarilla</styleUrl>
      <Polygon>
        <outerBoundaryIs>
          <LinearRing>
            <coordinates>3.12167,36.68131154913978,0 3.122071631768681,36.681283368632755,0 3.1224610592986988,36.681199683422996,0 3.122826449274819,36.681063036418465,0 3.1231566989458215,36.68087757983768,0 3.1234417735437288,36.6806489490143,0 3.1236730112211952,36.6803840911306,0 3.123843386237339,36.680091054088635,0 3.1239477223952568,36.67977874193903,0 3.123982850250381,36.6794566443036,0 3.123947703321161,36.67913454801683,0 3.1238433503897647,36.67882223975054,0 3.1236729629238895,36.67852920865814,0 3.1234417186220593,36.67826435807266,0 3.1231566440241516,36.67803573501589,0 3.122826400977513,36.67785028573333,0 3.1224610234511245,36.67771364467836,0 3.1220716126945853,36.677629963351905,0 3.12167,36.67760178419354,0 3.1212683873054146,36.677629963351905,0 3.1208789765488754,36.67771364467836,0 3.120513599022487,36.67785028573333,0 3.1201833559758483,36.67803573501589,0 3.1198982813779406,36.67826435807266,0 3.1196670370761104,36.67852920865814,0 3.119496649610235,36.67882223975054,0 3.1193922966788388,36.67913454801683,0 3.119357149749619,36.6794566443036,0 3.119392277604743,36.67977874193903,0 3.119496613762661,36.680091054088635,0 3.1196669887788047,36.6803840911306,0 3.119898226456271,36.6806489490143,0 3.1201833010541784,36.68087757983768,0 3.120513550725181,36.681063036418465,0 3.120878940701301,36.681199683422996,0 3.1212683682313185,36.681283368632755,0 3.12167,36.68131154913978,0</coordinates>
          </LinearRing>
        </outerBoundaryIs>
      </Polygon>
    </Placemark>
    <Placemark>
      <styleUrl>#pink</styleUrl>
      <name />
      <description>
    &lt;![CDATA[
    &lt;h2&gt;🔥 Incendio activo&lt;/h2&gt;

    &lt;table border="0" cellpadding="4"&gt;

        &lt;tr&gt;
            &lt;td&gt;&lt;b&gt;Focos agrupados&lt;/b&gt;&lt;/td&gt;
            &lt;td&gt;3&lt;/td&gt;
        &lt;/tr&gt;

        &lt;tr&gt;
            &lt;td&gt;&lt;b&gt;FRP máximo&lt;/b&gt;&lt;/td&gt;
            &lt;td&gt;5.1 MW&lt;/td&gt;
        &lt;/tr&gt;

        &lt;tr&gt;
            &lt;td&gt;&lt;b&gt;Confianza&lt;/b&gt;&lt;/td&gt;
            &lt;td&gt;Baja&lt;/td&gt;
        &lt;/tr&gt;

        &lt;tr&gt;
            &lt;td&gt;&lt;b&gt;Fecha&lt;/b&gt;&lt;/td&gt;
            &lt;td&gt;2026-07-28&lt;/td&gt;
        &lt;/tr&gt;

        &lt;tr&gt;
            &lt;td&gt;&lt;b&gt;Hora&lt;/b&gt;&lt;/td&gt;
            &lt;td&gt;1217 UTC&lt;/td&gt;
        &lt;/tr&gt;

        &lt;tr&gt;
            &lt;td&gt;&lt;b&gt;Satélite&lt;/b&gt;&lt;/td&gt;
            &lt;td&gt;N&lt;/td&gt;
        &lt;/tr&gt;

        &lt;tr&gt;
            &lt;td&gt;&lt;b&gt;Instrumento&lt;/b&gt;&lt;/td&gt;
            &lt;td&gt;VIIRS&lt;/td&gt;
        &lt;/tr&gt;

        &lt;tr&gt;
            &lt;td&gt;&lt;b&gt;Población más cercana&lt;/b&gt;&lt;/td&gt;
            &lt;td&gt;Formentera&lt;/td&gt;
        &lt;/tr&gt;

        &lt;tr&gt;
            &lt;td&gt;&lt;b&gt;Distancia&lt;/b&gt;&lt;/td&gt;
            &lt;td&gt;270.1 km&lt;/td&gt;
        &lt;/tr&gt;

        &lt;tr&gt;
            &lt;td&gt;&lt;b&gt;Latitud&lt;/b&gt;&lt;/td&gt;
            &lt;td&gt;36.679457&lt;/td&gt;
        &lt;/tr&gt;

        &lt;tr&gt;
            &lt;td&gt;&lt;b&gt;Longitud&lt;/b&gt;&lt;/td&gt;
            &lt;td&gt;3.121670&lt;/td&gt;
        &lt;/tr&gt;

    &lt;/table&gt;

    ]]&gt;
    </description>
      <Point>
        <coordinates>3.12167,36.67945666666666,0</coordinates>
      </Point>
    </Placemark>
    <Placemark>
      <styleUrl>#area_amarilla</styleUrl>
      <Polygon>
        <outerBoundaryIs>
          <LinearRing>
            <coordinates>-0.317595,39.905798982408875,0 -0.31728963147187317,39.905778487934484,0 -0.3169935419462372,39.905717627261666,0 -0.3167157284233395,39.905618249715225,0 -0.3164646324752104,39.90548337499103,0 -0.31624788371070667,39.90531710138487,0 -0.31607206793133075,39.9051244812442,0 -0.31594252702499187,39.90491136743006,0 -0.31586319667783386,39.90468423545725,0 -0.3158364868324729,39.904449986719875,0 -0.3158632085197833,39.90421573878338,0 -0.3159425492805767,39.903988609116645,0 -0.3160720979161991,39.90377549883561,0 -0.31624791780824085,39.90358288302893,0 -0.31646466657274464,39.90341661403491,0 -0.3167157584082079,39.90328174364471,0 -0.3169935642018221,39.90318236963137,0 -0.31728964331382253,39.90312151126463,0 -0.317595,39.90310101759112,0 -0.3179003566861775,39.90312151126463,0 -0.3181964357981779,39.90318236963137,0 -0.3184742415917921,39.90328174364471,0 -0.3187253334272554,39.90341661403491,0 -0.3189420821917592,39.90358288302893,0 -0.3191179020838009,39.90377549883561,0 -0.3192474507194233,39.903988609116645,0 -0.31932679148021675,39.90421573878338,0 -0.31935351316752714,39.904449986719875,0 -0.3193268033221661,39.90468423545725,0 -0.31924747297500816,39.90491136743006,0 -0.3191179320686693,39.9051244812442,0 -0.31894211628929336,39.90531710138487,0 -0.31872536752478964,39.90548337499103,0 -0.3184742715766605,39.905618249715225,0 -0.3181964580537628,39.905717627261666,0 -0.31790036852812686,39.905778487934484,0 -0.317595,39.905798982408875,0</coordinates>
          </LinearRing>
        </outerBoundaryIs>
      </Polygon>
    </Placemark>
    <Placemark>
      <styleUrl>#pink</styleUrl>
      <name />
      <description>
    &lt;![CDATA[
    &lt;h2&gt;🔥 Incendio activo&lt;/h2&gt;

    &lt;table border="0" cellpadding="4"&gt;

        &lt;tr&gt;
            &lt;td&gt;&lt;b&gt;Focos agrupados&lt;/b&gt;&lt;/td&gt;
            &lt;td&gt;2&lt;/td&gt;
        &lt;/tr&gt;

        &lt;tr&gt;
            &lt;td&gt;&lt;b&gt;FRP máximo&lt;/b&gt;&lt;/td&gt;
            &lt;td&gt;5.5 MW&lt;/td&gt;
        &lt;/tr&gt;

        &lt;tr&gt;
            &lt;td&gt;&lt;b&gt;Confianza&lt;/b&gt;&lt;/td&gt;
            &lt;td&gt;Baja&lt;/td&gt;
        &lt;/tr&gt;

        &lt;tr&gt;
            &lt;td&gt;&lt;b&gt;Fecha&lt;/b&gt;&lt;/td&gt;
            &lt;td&gt;2026-07-28&lt;/td&gt;
        &lt;/tr&gt;

        &lt;tr&gt;
            &lt;td&gt;&lt;b&gt;Hora&lt;/b&gt;&lt;/td&gt;
            &lt;td&gt;236 UTC&lt;/td&gt;
        &lt;/tr&gt;

        &lt;tr&gt;
            &lt;td&gt;&lt;b&gt;Satélite&lt;/b&gt;&lt;/td&gt;
            &lt;td&gt;N&lt;/td&gt;
        &lt;/tr&gt;

        &lt;tr&gt;
            &lt;td&gt;&lt;b&gt;Instrumento&lt;/b&gt;&lt;/td&gt;
            &lt;td&gt;VIIRS&lt;/td&gt;
        &lt;/tr&gt;

        &lt;tr&gt;
            &lt;td&gt;&lt;b&gt;Población más cercana&lt;/b&gt;&lt;/td&gt;
            &lt;td&gt;Aín&lt;/td&gt;
        &lt;/tr&gt;

        &lt;tr&gt;
            &lt;td&gt;&lt;b&gt;Distancia&lt;/b&gt;&lt;/td&gt;
            &lt;td&gt;2.0 km&lt;/td&gt;
        &lt;/tr&gt;

        &lt;tr&gt;
            &lt;td&gt;&lt;b&gt;Latitud&lt;/b&gt;&lt;/td&gt;
            &lt;td&gt;39.904450&lt;/td&gt;
        &lt;/tr&gt;

        &lt;tr&gt;
            &lt;td&gt;&lt;b&gt;Longitud&lt;/b&gt;&lt;/td&gt;
            &lt;td&gt;-0.317595&lt;/td&gt;
        &lt;/tr&gt;

    &lt;/table&gt;

    ]]&gt;
    </description>
      <Point>
        <coordinates>-0.317595,39.90445,0</coordinates>
      </Point>
    </Placemark>
    <Placemark>
      <styleUrl>#area_amarilla</styleUrl>
      <Polygon>
        <outerBoundaryIs>
          <LinearRing>
            <coordinates>-0.2822325,39.9528119618196,0 -0.28163516223440127,39.952771898911614,0 -0.2810559763209547,39.95265292761712,0 -0.28051254233010237,39.952458663217,0 -0.2800213735642604,39.95219500894688,0 -0.27959739464837785,39.95186997655678,0 -0.27925348796706934,39.95149344278785,0 -0.2790001022399305,39.95107684917652,0 -0.2788449351282652,39.95063285431889,0 -0.27879269950669894,39.95017494917219,0 -0.27884498048194956,39.949717047090765,0 -0.27900018747697564,39.949273061059294,0 -0.2792536028066297,39.94885648097043,0 -0.27959752523910764,39.948479963789254,0 -0.2800215041549903,39.94815494905147,0 -0.28051265716966306,39.9478913113691,0 -0.2810560615580002,39.94769706049143,0 -0.28163520758808586,39.9475780980231,0 -0.2822325,39.947538038180404,0 -0.28282979241191414,39.9475780980231,0 -0.28340893844199977,39.94769706049143,0 -0.28395234283033693,39.9478913113691,0 -0.2844434958450097,39.94815494905147,0 -0.28486747476089236,39.948479963789254,0 -0.2852113971933703,39.94885648097043,0 -0.28546481252302436,39.949273061059294,0 -0.28562001951805044,39.949717047090765,0 -0.28567230049330106,39.95017494917219,0 -0.28562006487173486,39.95063285431889,0 -0.28546489776006956,39.95107684917652,0 -0.2852115120329307,39.95149344278785,0 -0.2848676053516222,39.95186997655678,0 -0.28444362643573967,39.95219500894688,0 -0.28395245766989763,39.952458663217,0 -0.2834090236790453,39.95265292761712,0 -0.2828298377655988,39.952771898911614,0 -0.2822325,39.9528119618196,0</coordinates>
          </LinearRing>
        </outerBoundaryIs>
      </Polygon>
    </Placemark>
    <Placemark>
      <styleUrl>#pink</styleUrl>
      <name />
      <description>
    &lt;![CDATA[
    &lt;h2&gt;🔥 Incendio activo&lt;/h2&gt;

    &lt;table border="0" cellpadding="4"&gt;

        &lt;tr&gt;
            &lt;td&gt;&lt;b&gt;Focos agrupados&lt;/b&gt;&lt;/td&gt;
            &lt;td&gt;4&lt;/td&gt;
        &lt;/tr&gt;

        &lt;tr&gt;
            &lt;td&gt;&lt;b&gt;FRP máximo&lt;/b&gt;&lt;/td&gt;
            &lt;td&gt;6.3 MW&lt;/td&gt;
        &lt;/tr&gt;

        &lt;tr&gt;
            &lt;td&gt;&lt;b&gt;Confianza&lt;/b&gt;&lt;/td&gt;
            &lt;td&gt;Baja&lt;/td&gt;
        &lt;/tr&gt;

        &lt;tr&gt;
            &lt;td&gt;&lt;b&gt;Fecha&lt;/b&gt;&lt;/td&gt;
            &lt;td&gt;2026-07-28&lt;/td&gt;
        &lt;/tr&gt;

        &lt;tr&gt;
            &lt;td&gt;&lt;b&gt;Hora&lt;/b&gt;&lt;/td&gt;
            &lt;td&gt;1357 UTC&lt;/td&gt;
        &lt;/tr&gt;

        &lt;tr&gt;
            &lt;td&gt;&lt;b&gt;Satélite&lt;/b&gt;&lt;/td&gt;
            &lt;td&gt;N&lt;/td&gt;
        &lt;/tr&gt;

        &lt;tr&gt;
            &lt;td&gt;&lt;b&gt;Instrumento&lt;/b&gt;&lt;/td&gt;
            &lt;td&gt;VIIRS&lt;/td&gt;
        &lt;/tr&gt;

        &lt;tr&gt;
            &lt;td&gt;&lt;b&gt;Población más cercana&lt;/b&gt;&lt;/td&gt;
            &lt;td&gt;Onda&lt;/td&gt;
        &lt;/tr&gt;

        &lt;tr&gt;
            &lt;td&gt;&lt;b&gt;Distancia&lt;/b&gt;&lt;/td&gt;
            &lt;td&gt;2.1 km&lt;/td&gt;
        &lt;/tr&gt;

        &lt;tr&gt;
            &lt;td&gt;&lt;b&gt;Latitud&lt;/b&gt;&lt;/td&gt;
            &lt;td&gt;39.950175&lt;/td&gt;
        &lt;/tr&gt;

        &lt;tr&gt;
            &lt;td&gt;&lt;b&gt;Longitud&lt;/b&gt;&lt;/td&gt;
            &lt;td&gt;-0.282232&lt;/td&gt;
        &lt;/tr&gt;

    &lt;/table&gt;

    ]]&gt;
    </description>
      <Point>
        <coordinates>-0.2822325,39.950175,0</coordinates>
      </Point>
    </Placemark>
    <Placemark>
      <styleUrl>#area_amarilla</styleUrl>
      <Polygon>
        <outerBoundaryIs>
          <LinearRing>
            <coordinates>-0.29067666666666664,39.954900168096465,0 -0.2899268080699644,39.95484987678979,0 -0.2891997367722868,39.95470053116363,0 -0.28851754730304463,39.954456669636876,0 -0.2879009697488233,39.95412570278017,0 -0.28736873962630494,39.95371768803344,0 -0.2869370284780431,39.95324502397343,0 -0.28661895250843245,39.952722073437734,0 -0.28642417418969063,39.952164726975084,0 -0.2863586089265235,39.951589919903114,0 -0.28642424566166175,39.95101511766158,0 -0.28661908683180026,39.950457785107616,0 -0.2869372094514272,39.94993485588125,0 -0.28736894542164443,39.949462217961,0 -0.2879011755441631,39.94905423103164,0 -0.2885177282764294,39.948723290314696,0 -0.2891998710956554,39.94847945009728,0 -0.2899268795419361,39.94833011837981,0 -0.29067666666666664,39.948279831903555,0 -0.2914264537913972,39.94833011837981,0 -0.29215346223767785,39.94847945009728,0 -0.29283560505690387,39.948723290314696,0 -0.29345215778917016,39.94905423103164,0 -0.2939843879116889,39.949462217961,0 -0.2944161238819061,39.94993485588125,0 -0.294734246501533,39.950457785107616,0 -0.29492908767167153,39.95101511766158,0 -0.2949947244068098,39.951589919903114,0 -0.29492915914364265,39.952164726975084,0 -0.2947343808249009,39.952722073437734,0 -0.2944163048552902,39.95324502397343,0 -0.2939845937070284,39.95371768803344,0 -0.29345236358451,39.95412570278017,0 -0.2928357860302887,39.954456669636876,0 -0.2921535965610465,39.95470053116363,0 -0.2914265252633689,39.95484987678979,0 -0.29067666666666664,39.954900168096465,0</coordinates>
          </LinearRing>
        </outerBoundaryIs>
      </Polygon>
    </Placemark>
    <Placemark>
      <styleUrl>#pink</styleUrl>
      <name />
      <description>
    &lt;![CDATA[
    &lt;h2&gt;🔥 Incendio activo&lt;/h2&gt;

    &lt;table border="0" cellpadding="4"&gt;

        &lt;tr&gt;
            &lt;td&gt;&lt;b&gt;Focos agrupados&lt;/b&gt;&lt;/td&gt;
            &lt;td&gt;3&lt;/td&gt;
        &lt;/tr&gt;

        &lt;tr&gt;
            &lt;td&gt;&lt;b&gt;FRP máximo&lt;/b&gt;&lt;/td&gt;
            &lt;td&gt;6.5 MW&lt;/td&gt;
        &lt;/tr&gt;

        &lt;tr&gt;
            &lt;td&gt;&lt;b&gt;Confianza&lt;/b&gt;&lt;/td&gt;
            &lt;td&gt;Baja&lt;/td&gt;
        &lt;/tr&gt;

        &lt;tr&gt;
            &lt;td&gt;&lt;b&gt;Fecha&lt;/b&gt;&lt;/td&gt;
            &lt;td&gt;2026-07-28&lt;/td&gt;
        &lt;/tr&gt;

        &lt;tr&gt;
            &lt;td&gt;&lt;b&gt;Hora&lt;/b&gt;&lt;/td&gt;
            &lt;td&gt;236 UTC&lt;/td&gt;
        &lt;/tr&gt;

        &lt;tr&gt;
            &lt;td&gt;&lt;b&gt;Satélite&lt;/b&gt;&lt;/td&gt;
            &lt;td&gt;N&lt;/td&gt;
        &lt;/tr&gt;

        &lt;tr&gt;
            &lt;td&gt;&lt;b&gt;Instrumento&lt;/b&gt;&lt;/td&gt;
            &lt;td&gt;VIIRS&lt;/td&gt;
        &lt;/tr&gt;

        &lt;tr&gt;
            &lt;td&gt;&lt;b&gt;Población más cercana&lt;/b&gt;&lt;/td&gt;
            &lt;td&gt;Tales&lt;/td&gt;
        &lt;/tr&gt;

        &lt;tr&gt;
            &lt;td&gt;&lt;b&gt;Distancia&lt;/b&gt;&lt;/td&gt;
            &lt;td&gt;1.5 km&lt;/td&gt;
        &lt;/tr&gt;

        &lt;tr&gt;
            &lt;td&gt;&lt;b&gt;Latitud&lt;/b&gt;&lt;/td&gt;
            &lt;td&gt;39.951590&lt;/td&gt;
        &lt;/tr&gt;

        &lt;tr&gt;
            &lt;td&gt;&lt;b&gt;Longitud&lt;/b&gt;&lt;/td&gt;
            &lt;td&gt;-0.290677&lt;/td&gt;
        &lt;/tr&gt;

    &lt;/table&gt;

    ]]&gt;
    </description>
      <Point>
        <coordinates>-0.29067666666666664,39.95159,0</coordinates>
      </Point>
    </Placemark>
    <Placemark>
      <styleUrl>#area_amarilla</styleUrl>
      <Polygon>
        <outerBoundaryIs>
          <LinearRing>
            <coordinates>2.267525,42.49003101397953,0 2.2679255694460188,42.49000517105761,0 2.2683139668241323,42.48992842757886,0 2.2686783900253236,42.489803115536276,0 2.2690077656032575,42.489633042750484,0 2.269292085311547,42.489423377137555,0 2.2695227102397912,42.48918048964344,0 2.2696926333024843,42.48891176062229,0 2.269796692105189,42.488625355546986,0 2.269831725725062,42.48832997687201,0 2.2697966706512145,42.48803459959181,0 2.2696925929822007,42.48774819853266,0 2.269522655916421,42.487479475664585,0 2.2692920235372886,42.48723659571833,0 2.2690077038289997,42.48702693813767,0 2.268678335701953,42.486856872899736,0 2.2683139265038483,42.486731567010224,0 2.2679255479920446,42.48665482754762,0 2.267525,42.48662898602048,0 2.2671244520079554,42.48665482754762,0 2.2667360734961512,42.486731567010224,0 2.266371664298047,42.486856872899736,0 2.266042296171,42.48702693813767,0 2.265757976462711,42.48723659571833,0 2.265527344083579,42.487479475664585,0 2.2653574070177993,42.48774819853266,0 2.265253329348785,42.48803459959181,0 2.265218274274938,42.48832997687201,0 2.265253307894811,42.488625355546986,0 2.2653573666975158,42.48891176062229,0 2.2655272897602083,42.48918048964344,0 2.2657579146884532,42.489423377137555,0 2.266042234396742,42.489633042750484,0 2.2663716099746765,42.489803115536276,0 2.2667360331758677,42.48992842757886,0 2.2671244305539813,42.49000517105761,0 2.267525,42.49003101397953,0</coordinates>
          </LinearRing>
        </outerBoundaryIs>
      </Polygon>
    </Placemark>
    <Placemark>
      <styleUrl>#pink</styleUrl>
      <name />
      <description>
    &lt;![CDATA[
    &lt;h2&gt;🔥 Incendio activo&lt;/h2&gt;

    &lt;table border="0" cellpadding="4"&gt;

        &lt;tr&gt;
            &lt;td&gt;&lt;b&gt;Focos agrupados&lt;/b&gt;&lt;/td&gt;
            &lt;td&gt;2&lt;/td&gt;
        &lt;/tr&gt;

        &lt;tr&gt;
            &lt;td&gt;&lt;b&gt;FRP máximo&lt;/b&gt;&lt;/td&gt;
            &lt;td&gt;18.1 MW&lt;/td&gt;
        &lt;/tr&gt;

        &lt;tr&gt;
            &lt;td&gt;&lt;b&gt;Confianza&lt;/b&gt;&lt;/td&gt;
            &lt;td&gt;Baja&lt;/td&gt;
        &lt;/tr&gt;

        &lt;tr&gt;
            &lt;td&gt;&lt;b&gt;Fecha&lt;/b&gt;&lt;/td&gt;
            &lt;td&gt;2026-07-28&lt;/td&gt;
        &lt;/tr&gt;

        &lt;tr&gt;
            &lt;td&gt;&lt;b&gt;Hora&lt;/b&gt;&lt;/td&gt;
            &lt;td&gt;1359 UTC&lt;/td&gt;
        &lt;/tr&gt;

        &lt;tr&gt;
            &lt;td&gt;&lt;b&gt;Satélite&lt;/b&gt;&lt;/td&gt;
            &lt;td&gt;N&lt;/td&gt;
        &lt;/tr&gt;

        &lt;tr&gt;
            &lt;td&gt;&lt;b&gt;Instrumento&lt;/b&gt;&lt;/td&gt;
            &lt;td&gt;VIIRS&lt;/td&gt;
        &lt;/tr&gt;

        &lt;tr&gt;
            &lt;td&gt;&lt;b&gt;Población más cercana&lt;/b&gt;&lt;/td&gt;
            &lt;td&gt;Setcases&lt;/td&gt;
        &lt;/tr&gt;

        &lt;tr&gt;
            &lt;td&gt;&lt;b&gt;Distancia&lt;/b&gt;&lt;/td&gt;
            &lt;td&gt;12.9 km&lt;/td&gt;
        &lt;/tr&gt;

        &lt;tr&gt;
            &lt;td&gt;&lt;b&gt;Latitud&lt;/b&gt;&lt;/td&gt;
            &lt;td&gt;42.488330&lt;/td&gt;
        &lt;/tr&gt;

        &lt;tr&gt;
            &lt;td&gt;&lt;b&gt;Longitud&lt;/b&gt;&lt;/td&gt;
            &lt;td&gt;2.267525&lt;/td&gt;
        &lt;/tr&gt;

    &lt;/table&gt;

    ]]&gt;
    </description>
      <Point>
        <coordinates>2.267525,42.488330000000005,0</coordinates>
      </Point>
    </Placemark>
    <Placemark>
      <styleUrl>#area_amarilla</styleUrl>
      <Polygon>
        <outerBoundaryIs>
          <LinearRing>
            <coordinates>2.2602466666666667,42.490279789060786,0 2.26067756288003,42.490251989646424,0 2.2610953654098824,42.490169436147276,0 2.2614873785527796,42.49003463711936,0 2.2618416904566843,42.48985168868415,0 2.2621475351447424,42.48962615003134,0 2.262395619680953,42.48936487445814,0 2.2625784065313015,42.48907580108464,0 2.262690342540974,42.48876771358026,0 2.2627280275759514,42.488449973237536,0 2.2626903177155477,42.48813223450878,0 2.2625783598747624,42.48782415165165,0 2.2623955568207674,42.487535085398164,0 2.262147463662777,42.48727381855893,0 2.2618416189747186,42.487048289200644,0 2.261487315692594,42.4868653494994,0 2.261095318753343,42.486730557591486,0 2.260677538054604,42.4866480087396,0 2.2602466666666667,42.486620210939215,0 2.2598157952787297,42.4866480087396,0 2.2593980145799906,42.486730557591486,0 2.2590060176407394,42.4868653494994,0 2.2586517143586144,42.487048289200644,0 2.2583458696705563,42.48727381855893,0 2.2580977765125656,42.487535085398164,0 2.257914973458571,42.48782415165165,0 2.2578030156177853,42.48813223450878,0 2.257765305757382,42.488449973237536,0 2.2578029907923596,42.48876771358026,0 2.2579149268020315,42.48907580108464,0 2.2580977136523805,42.48936487445814,0 2.2583457981885906,42.48962615003134,0 2.258651642876649,42.48985168868415,0 2.2590059547805534,42.49003463711936,0 2.259397967923451,42.490169436147276,0 2.2598157704533035,42.490251989646424,0 2.2602466666666667,42.490279789060786,0</coordinates>
          </LinearRing>
        </outerBoundaryIs>
      </Polygon>
    </Placemark>
    <Placemark>
      <styleUrl>#pink</styleUrl>
      <name />
      <description>
    &lt;![CDATA[
    &lt;h2&gt;🔥 Incendio activo&lt;/h2&gt;

    &lt;table border="0" cellpadding="4"&gt;

        &lt;tr&gt;
            &lt;td&gt;&lt;b&gt;Focos agrupados&lt;/b&gt;&lt;/td&gt;
            &lt;td&gt;3&lt;/td&gt;
        &lt;/tr&gt;

        &lt;tr&gt;
            &lt;td&gt;&lt;b&gt;FRP máximo&lt;/b&gt;&lt;/td&gt;
            &lt;td&gt;18.1 MW&lt;/td&gt;
        &lt;/tr&gt;

        &lt;tr&gt;
            &lt;td&gt;&lt;b&gt;Confianza&lt;/b&gt;&lt;/td&gt;
            &lt;td&gt;Baja&lt;/td&gt;
        &lt;/tr&gt;

        &lt;tr&gt;
            &lt;td&gt;&lt;b&gt;Fecha&lt;/b&gt;&lt;/td&gt;
            &lt;td&gt;2026-07-28&lt;/td&gt;
        &lt;/tr&gt;

        &lt;tr&gt;
            &lt;td&gt;&lt;b&gt;Hora&lt;/b&gt;&lt;/td&gt;
            &lt;td&gt;1359 UTC&lt;/td&gt;
        &lt;/tr&gt;

        &lt;tr&gt;
            &lt;td&gt;&lt;b&gt;Satélite&lt;/b&gt;&lt;/td&gt;
            &lt;td&gt;N&lt;/td&gt;
        &lt;/tr&gt;

        &lt;tr&gt;
            &lt;td&gt;&lt;b&gt;Instrumento&lt;/b&gt;&lt;/td&gt;
            &lt;td&gt;VIIRS&lt;/td&gt;
        &lt;/tr&gt;

        &lt;tr&gt;
            &lt;td&gt;&lt;b&gt;Población más cercana&lt;/b&gt;&lt;/td&gt;
            &lt;td&gt;Setcases&lt;/td&gt;
        &lt;/tr&gt;

        &lt;tr&gt;
            &lt;td&gt;&lt;b&gt;Distancia&lt;/b&gt;&lt;/td&gt;
            &lt;td&gt;13.1 km&lt;/td&gt;
        &lt;/tr&gt;

        &lt;tr&gt;
            &lt;td&gt;&lt;b&gt;Latitud&lt;/b&gt;&lt;/td&gt;
            &lt;td&gt;42.488450&lt;/td&gt;
        &lt;/tr&gt;

        &lt;tr&gt;
            &lt;td&gt;&lt;b&gt;Longitud&lt;/b&gt;&lt;/td&gt;
            &lt;td&gt;2.260247&lt;/td&gt;
        &lt;/tr&gt;

    &lt;/table&gt;

    ]]&gt;
    </description>
      <Point>
        <coordinates>2.2602466666666667,42.48845,0</coordinates>
      </Point>
    </Placemark>
    <Placemark>
      <styleUrl>#area_amarilla</styleUrl>
      <Polygon>
        <outerBoundaryIs>
          <LinearRing>
            <coordinates>4.89607,43.448080719698744,0 4.896413403255043,43.448058907376684,0 4.89674637165165,43.44799413321326,0 4.897058787476651,43.447888365472124,0 4.897341157660563,43.447744818057096,0 4.897584902276718,43.44756785283464,0 4.89778261526834,43.44736284707042,0 4.8979282894778065,43.44713603001176,0 4.898017499140754,43.446894293584684,0 4.898047534303645,43.44664498296169,0 4.8980174830875125,43.44639567336623,0 4.897928259307582,43.446153939897826,0 4.897782574620106,43.44592712737211,0 4.8975848560532524,43.44572212716839,0 4.897341111437096,43.44554516786327,0 4.897058746828417,43.44540162600873,0 4.896746341481425,43.44529586280055,0 4.896413387201801,43.445231091595794,0 4.89607,43.44520928030127,0 4.895726612798199,43.445231091595794,0 4.895393658518575,43.44529586280055,0 4.895081253171583,43.44540162600873,0 4.894798888562904,43.44554516786327,0 4.894555143946747,43.44572212716839,0 4.894357425379894,43.44592712737211,0 4.894211740692418,43.446153939897826,0 4.894122516912487,43.44639567336623,0 4.894092465696355,43.44664498296169,0 4.894122500859246,43.446894293584684,0 4.894211710522193,43.44713603001176,0 4.89435738473166,43.44736284707042,0 4.8945550977232815,43.44756785283464,0 4.894798842339437,43.447744818057096,0 4.8950812125233485,43.447888365472124,0 4.89539362834835,43.44799413321326,0 4.895726596744957,43.448058907376684,0 4.89607,43.448080719698744,0</coordinates>
          </LinearRing>
        </outerBoundaryIs>
      </Polygon>
    </Placemark>
    <Placemark>
      <styleUrl>#pink</styleUrl>
      <name />
      <description>
    &lt;![CDATA[
    &lt;h2&gt;🔥 Incendio activo&lt;/h2&gt;

    &lt;table border="0" cellpadding="4"&gt;

        &lt;tr&gt;
            &lt;td&gt;&lt;b&gt;Focos agrupados&lt;/b&gt;&lt;/td&gt;
            &lt;td&gt;2&lt;/td&gt;
        &lt;/tr&gt;

        &lt;tr&gt;
            &lt;td&gt;&lt;b&gt;FRP máximo&lt;/b&gt;&lt;/td&gt;
            &lt;td&gt;4.5 MW&lt;/td&gt;
        &lt;/tr&gt;

        &lt;tr&gt;
            &lt;td&gt;&lt;b&gt;Confianza&lt;/b&gt;&lt;/td&gt;
            &lt;td&gt;Baja&lt;/td&gt;
        &lt;/tr&gt;

        &lt;tr&gt;
            &lt;td&gt;&lt;b&gt;Fecha&lt;/b&gt;&lt;/td&gt;
            &lt;td&gt;2026-07-28&lt;/td&gt;
        &lt;/tr&gt;

        &lt;tr&gt;
            &lt;td&gt;&lt;b&gt;Hora&lt;/b&gt;&lt;/td&gt;
            &lt;td&gt;234 UTC&lt;/td&gt;
        &lt;/tr&gt;

        &lt;tr&gt;
            &lt;td&gt;&lt;b&gt;Satélite&lt;/b&gt;&lt;/td&gt;
            &lt;td&gt;N&lt;/td&gt;
        &lt;/tr&gt;

        &lt;tr&gt;
            &lt;td&gt;&lt;b&gt;Instrumento&lt;/b&gt;&lt;/td&gt;
            &lt;td&gt;VIIRS&lt;/td&gt;
        &lt;/tr&gt;

        &lt;tr&gt;
            &lt;td&gt;&lt;b&gt;Población más cercana&lt;/b&gt;&lt;/td&gt;
            &lt;td&gt;Portbou&lt;/td&gt;
        &lt;/tr&gt;

        &lt;tr&gt;
            &lt;td&gt;&lt;b&gt;Distancia&lt;/b&gt;&lt;/td&gt;
            &lt;td&gt;181.1 km&lt;/td&gt;
        &lt;/tr&gt;

        &lt;tr&gt;
            &lt;td&gt;&lt;b&gt;Latitud&lt;/b&gt;&lt;/td&gt;
            &lt;td&gt;43.446645&lt;/td&gt;
        &lt;/tr&gt;

        &lt;tr&gt;
            &lt;td&gt;&lt;b&gt;Longitud&lt;/b&gt;&lt;/td&gt;
            &lt;td&gt;4.896070&lt;/td&gt;
        &lt;/tr&gt;

    &lt;/table&gt;

    ]]&gt;
    </description>
      <Point>
        <coordinates>4.89607,43.446645000000004,0</coordinates>
      </Point>
    </Placemark>
    <Placemark>
      <styleUrl>#area_amarilla</styleUrl>
      <Polygon>
        <outerBoundaryIs>
          <LinearRing>
            <coordinates>3.8609400000000003,36.20178355647049,0 3.8613722269338253,36.2017530412075,0 3.861791319885499,36.201662422679505,0 3.8621845440611495,36.201514454486485,0 3.862539950899989,36.20131363287642,0 3.8628467412028655,36.20106606009171,0 3.863095593301741,36.20077925890988,0 3.8632789462938324,36.200461944019104,0 3.863391229734519,36.200123757181004,0 3.8634290328148797,36.19977497423339,0 3.863391207892862,36.199426192839695,0 3.863278905244945,36.199088010475926,0 3.863095537996725,36.198770702440214,0 3.862846678312322,36.19848390966736,0 3.8625398880094446,36.1982363458313,0 3.8621844887561334,36.198035532630215,0 3.8617912788366113,36.19788757129226,0 3.8613722050921684,36.19779695723859,0 3.8609400000000003,36.197766443529524,0 3.860507794907832,36.19779695723859,0 3.860088721163389,36.19788757129226,0 3.8596955112438676,36.198035532630215,0 3.8593401119905564,36.1982363458313,0 3.8590333216876784,36.19848390966736,0 3.8587844620032756,36.198770702440214,0 3.858601094755056,36.199088010475926,0 3.8584887921071385,36.199426192839695,0 3.8584509671851213,36.19977497423339,0 3.8584887702654815,36.200123757181004,0 3.858601053706168,36.200461944019104,0 3.8587844066982595,36.20077925890988,0 3.859033258797135,36.20106606009171,0 3.8593400491000116,36.20131363287642,0 3.859695455938851,36.201514454486485,0 3.860088680114502,36.201662422679505,0 3.860507773066175,36.2017530412075,0 3.8609400000000003,36.20178355647049,0</coordinates>
          </LinearRing>
        </outerBoundaryIs>
      </Polygon>
    </Placemark>
    <Placemark>
      <styleUrl>#pink</styleUrl>
      <name />
      <description>
    &lt;![CDATA[
    &lt;h2&gt;🔥 Incendio activo&lt;/h2&gt;

    &lt;table border="0" cellpadding="4"&gt;

        &lt;tr&gt;
            &lt;td&gt;&lt;b&gt;Focos agrupados&lt;/b&gt;&lt;/td&gt;
            &lt;td&gt;2&lt;/td&gt;
        &lt;/tr&gt;

        &lt;tr&gt;
            &lt;td&gt;&lt;b&gt;FRP máximo&lt;/b&gt;&lt;/td&gt;
            &lt;td&gt;1.4 MW&lt;/td&gt;
        &lt;/tr&gt;

        &lt;tr&gt;
            &lt;td&gt;&lt;b&gt;Confianza&lt;/b&gt;&lt;/td&gt;
            &lt;td&gt;Baja&lt;/td&gt;
        &lt;/tr&gt;

        &lt;tr&gt;
            &lt;td&gt;&lt;b&gt;Fecha&lt;/b&gt;&lt;/td&gt;
            &lt;td&gt;2026-07-28&lt;/td&gt;
        &lt;/tr&gt;

        &lt;tr&gt;
            &lt;td&gt;&lt;b&gt;Hora&lt;/b&gt;&lt;/td&gt;
            &lt;td&gt;236 UTC&lt;/td&gt;
        &lt;/tr&gt;

        &lt;tr&gt;
            &lt;td&gt;&lt;b&gt;Satélite&lt;/b&gt;&lt;/td&gt;
            &lt;td&gt;N&lt;/td&gt;
        &lt;/tr&gt;

        &lt;tr&gt;
            &lt;td&gt;&lt;b&gt;Instrumento&lt;/b&gt;&lt;/td&gt;
            &lt;td&gt;VIIRS&lt;/td&gt;
        &lt;/tr&gt;

        &lt;tr&gt;
            &lt;td&gt;&lt;b&gt;Población más cercana&lt;/b&gt;&lt;/td&gt;
            &lt;td&gt;Formentera&lt;/td&gt;
        &lt;/tr&gt;

        &lt;tr&gt;
            &lt;td&gt;&lt;b&gt;Distancia&lt;/b&gt;&lt;/td&gt;
            &lt;td&gt;351.7 km&lt;/td&gt;
        &lt;/tr&gt;

        &lt;tr&gt;
            &lt;td&gt;&lt;b&gt;Latitud&lt;/b&gt;&lt;/td&gt;
            &lt;td&gt;36.199775&lt;/td&gt;
        &lt;/tr&gt;

        &lt;tr&gt;
            &lt;td&gt;&lt;b&gt;Longitud&lt;/b&gt;&lt;/td&gt;
            &lt;td&gt;3.860940&lt;/td&gt;
        &lt;/tr&gt;

    &lt;/table&gt;

    ]]&gt;
    </description>
      <Point>
        <coordinates>3.8609400000000003,36.199775,0</coordinates>
      </Point>
    </Placemark>
    <Placemark>
      <styleUrl>#area_amarilla</styleUrl>
      <Polygon>
        <outerBoundaryIs>
          <LinearRing>
            <coordinates>2.75089,36.476443561196504,0 2.751328073902505,36.47641274199323,0 2.751752836132213,36.47632122088155,0 2.7521513796076826,36.47617177889213,0 2.7525115941220535,36.47596895706288,0 2.7528225343857686,36.475718918423354,0 2.7530747526363317,36.47542926068706,0 2.7532605857037686,36.475108785348624,0 2.7533743878094668,36.47476723020768,0 2.7534127020300616,36.474414973452305,0 2.7533743652262213,36.474062718297944,0 2.7532605432611503,36.47372116776696,0 2.753074695453546,36.473400699491386,0 2.7528224693599044,36.47311105041898,0 2.7525115290961892,36.47286102099937,0 2.7521513224248975,36.47265820783401,0 2.7517527936895947,36.47250877290746,0 2.75132805131926,36.47241725640574,0 2.75089,36.47238643880349,0 2.7504519486807406,36.47241725640574,0 2.7500272063104054,36.47250877290746,0 2.7496286775751027,36.47265820783401,0 2.749268470903811,36.47286102099937,0 2.7489575306400957,36.47311105041898,0 2.748705304546454,36.473400699491386,0 2.74851945673885,36.47372116776696,0 2.748405634773779,36.474062718297944,0 2.7483672979699385,36.474414973452305,0 2.7484056121905334,36.47476723020768,0 2.7485194142962315,36.475108785348624,0 2.7487052473636684,36.47542926068706,0 2.7489574656142315,36.475718918423354,0 2.7492684058779466,36.47596895706288,0 2.7496286203923175,36.47617177889213,0 2.750027163867787,36.47632122088155,0 2.750451926097495,36.47641274199323,0 2.75089,36.476443561196504,0</coordinates>
          </LinearRing>
        </outerBoundaryIs>
      </Polygon>
    </Placemark>
    <Placemark>
      <styleUrl>#pink</styleUrl>
      <name />
      <description>
    &lt;![CDATA[
    &lt;h2&gt;🔥 Incendio activo&lt;/h2&gt;

    &lt;table border="0" cellpadding="4"&gt;

        &lt;tr&gt;
            &lt;td&gt;&lt;b&gt;Focos agrupados&lt;/b&gt;&lt;/td&gt;
            &lt;td&gt;2&lt;/td&gt;
        &lt;/tr&gt;

        &lt;tr&gt;
            &lt;td&gt;&lt;b&gt;FRP máximo&lt;/b&gt;&lt;/td&gt;
            &lt;td&gt;1.1 MW&lt;/td&gt;
        &lt;/tr&gt;

        &lt;tr&gt;
            &lt;td&gt;&lt;b&gt;Confianza&lt;/b&gt;&lt;/td&gt;
            &lt;td&gt;Baja&lt;/td&gt;
        &lt;/tr&gt;

        &lt;tr&gt;
            &lt;td&gt;&lt;b&gt;Fecha&lt;/b&gt;&lt;/td&gt;
            &lt;td&gt;2026-07-28&lt;/td&gt;
        &lt;/tr&gt;

        &lt;tr&gt;
            &lt;td&gt;&lt;b&gt;Hora&lt;/b&gt;&lt;/td&gt;
            &lt;td&gt;236 UTC&lt;/td&gt;
        &lt;/tr&gt;

        &lt;tr&gt;
            &lt;td&gt;&lt;b&gt;Satélite&lt;/b&gt;&lt;/td&gt;
            &lt;td&gt;N&lt;/td&gt;
        &lt;/tr&gt;

        &lt;tr&gt;
            &lt;td&gt;&lt;b&gt;Instrumento&lt;/b&gt;&lt;/td&gt;
            &lt;td&gt;VIIRS&lt;/td&gt;
        &lt;/tr&gt;

        &lt;tr&gt;
            &lt;td&gt;&lt;b&gt;Población más cercana&lt;/b&gt;&lt;/td&gt;
            &lt;td&gt;Formentera&lt;/td&gt;
        &lt;/tr&gt;

        &lt;tr&gt;
            &lt;td&gt;&lt;b&gt;Distancia&lt;/b&gt;&lt;/td&gt;
            &lt;td&gt;274.1 km&lt;/td&gt;
        &lt;/tr&gt;

        &lt;tr&gt;
            &lt;td&gt;&lt;b&gt;Latitud&lt;/b&gt;&lt;/td&gt;
            &lt;td&gt;36.474415&lt;/td&gt;
        &lt;/tr&gt;

        &lt;tr&gt;
            &lt;td&gt;&lt;b&gt;Longitud&lt;/b&gt;&lt;/td&gt;
            &lt;td&gt;2.750890&lt;/td&gt;
        &lt;/tr&gt;

    &lt;/table&gt;

    ]]&gt;
    </description>
      <Point>
        <coordinates>2.75089,36.474415,0</coordinates>
      </Point>
    </Placemark>
    <Placemark>
      <styleUrl>#area_amarilla</styleUrl>
      <Polygon>
        <outerBoundaryIs>
          <LinearRing>
            <coordinates>3.136335,36.6003466339427,0 3.1367787670617613,36.600315464190544,0 3.1372090494372493,36.60022290208545,0 3.1376127722920604,36.60007176029388,0 3.13797766802712,36.59986663151011,0 3.138292649106034,36.59961374887012,0 3.1385481449881842,36.59932079651237,0 3.138736392924741,36.598996676047655,0 3.13885167378191,36.59865123603968,0 3.1388904857313396,36.59829497272195,0 3.1388516505401682,36.597938711049295,0 3.1387363492445552,36.597593275778095,0 3.1385480861380293,36.59726916257055,0 3.1382925821841074,36.59697621911505,0 3.137977601105193,36.596723345948625,0 3.137612713441905,36.596518226067104,0 3.137209005757064,36.596367091532706,0 3.13677874382002,36.596274534164394,0 3.136335,36.596243366057315,0 3.13589125617998,36.596274534164394,0 3.1354609942429357,36.596367091532706,0 3.135057286558095,36.596518226067104,0 3.1346923988948068,36.596723345948625,0 3.1343774178158923,36.59697621911505,0 3.1341219138619705,36.59726916257055,0 3.1339336507554445,36.597593275778095,0 3.1338183494598315,36.597938711049295,0 3.13377951426866,36.59829497272195,0 3.1338183262180896,36.59865123603968,0 3.133933607075259,36.598996676047655,0 3.1341218550118155,36.59932079651237,0 3.1343773508939656,36.59961374887012,0 3.1346923319728797,36.59986663151011,0 3.1350572277079394,36.60007176029388,0 3.1354609505627504,36.60022290208545,0 3.1358912329382385,36.600315464190544,0 3.136335,36.6003466339427,0</coordinates>
          </LinearRing>
        </outerBoundaryIs>
      </Polygon>
    </Placemark>
    <Placemark>
      <styleUrl>#pink</styleUrl>
      <name />
      <description>
    &lt;![CDATA[
    &lt;h2&gt;🔥 Incendio activo&lt;/h2&gt;

    &lt;table border="0" cellpadding="4"&gt;

        &lt;tr&gt;
            &lt;td&gt;&lt;b&gt;Focos agrupados&lt;/b&gt;&lt;/td&gt;
            &lt;td&gt;2&lt;/td&gt;
        &lt;/tr&gt;

        &lt;tr&gt;
            &lt;td&gt;&lt;b&gt;FRP máximo&lt;/b&gt;&lt;/td&gt;
            &lt;td&gt;1.3 MW&lt;/td&gt;
        &lt;/tr&gt;

        &lt;tr&gt;
            &lt;td&gt;&lt;b&gt;Confianza&lt;/b&gt;&lt;/td&gt;
            &lt;td&gt;Baja&lt;/td&gt;
        &lt;/tr&gt;

        &lt;tr&gt;
            &lt;td&gt;&lt;b&gt;Fecha&lt;/b&gt;&lt;/td&gt;
            &lt;td&gt;2026-07-28&lt;/td&gt;
        &lt;/tr&gt;

        &lt;tr&gt;
            &lt;td&gt;&lt;b&gt;Hora&lt;/b&gt;&lt;/td&gt;
            &lt;td&gt;236 UTC&lt;/td&gt;
        &lt;/tr&gt;

        &lt;tr&gt;
            &lt;td&gt;&lt;b&gt;Satélite&lt;/b&gt;&lt;/td&gt;
            &lt;td&gt;N&lt;/td&gt;
        &lt;/tr&gt;

        &lt;tr&gt;
            &lt;td&gt;&lt;b&gt;Instrumento&lt;/b&gt;&lt;/td&gt;
            &lt;td&gt;VIIRS&lt;/td&gt;
        &lt;/tr&gt;

        &lt;tr&gt;
            &lt;td&gt;&lt;b&gt;Población más cercana&lt;/b&gt;&lt;/td&gt;
            &lt;td&gt;Formentera&lt;/td&gt;
        &lt;/tr&gt;

        &lt;tr&gt;
            &lt;td&gt;&lt;b&gt;Distancia&lt;/b&gt;&lt;/td&gt;
            &lt;td&gt;278.4 km&lt;/td&gt;
        &lt;/tr&gt;

        &lt;tr&gt;
            &lt;td&gt;&lt;b&gt;Latitud&lt;/b&gt;&lt;/td&gt;
            &lt;td&gt;36.598295&lt;/td&gt;
        &lt;/tr&gt;

        &lt;tr&gt;
            &lt;td&gt;&lt;b&gt;Longitud&lt;/b&gt;&lt;/td&gt;
            &lt;td&gt;3.136335&lt;/td&gt;
        &lt;/tr&gt;

    &lt;/table&gt;

    ]]&gt;
    </description>
      <Point>
        <coordinates>3.136335,36.598295,0</coordinates>
      </Point>
    </Placemark>
    <Placemark>
      <styleUrl>#area_amarilla</styleUrl>
      <Polygon>
        <outerBoundaryIs>
          <LinearRing>
            <coordinates>-0.2838833333333333,39.88483491620479,0 -0.28329534882355617,39.884795441471596,0 -0.28272523190559146,39.88467821682576,0 -0.2821903070346581,39.884486804464544,0 -0.2817068289245382,39.88422702094663,0 -0.2812894885004481,39.88390676038764,0 -0.28095096643979794,39.88353575451396,0 -0.28070154787627666,39.88312527687615,0 -0.28054880997426956,39.88268780022036,0 -0.2804973918564805,39.882236617439005,0 -0.28054885385657374,39.88178543762644,0 -0.28070163034803153,39.88134796951894,0 -0.28095107755369286,39.88093750497788,0 -0.2812896148545075,39.88056651516973,0 -0.2817069552785976,39.88024627170732,0 -0.2821904181485532,39.87998650425495,0 -0.2827253143773467,39.87979510499047,0 -0.28329539270586057,39.879677888892935,0 -0.2838833333333333,39.879638417128525,0 -0.28447127396080607,39.879677888892935,0 -0.2850413522893199,39.87979510499047,0 -0.2855762485181134,39.87998650425495,0 -0.28605971138806896,39.88024627170732,0 -0.28647705181215916,39.88056651516973,0 -0.2868155891129738,39.88093750497788,0 -0.28706503631863506,39.88134796951894,0 -0.28721781281009284,39.88178543762644,0 -0.28726927481018616,39.882236617439005,0 -0.2872178566923971,39.88268780022036,0 -0.28706511879039,39.88312527687615,0 -0.2868157002268687,39.88353575451396,0 -0.28647717816621854,39.88390676038764,0 -0.2860598377421284,39.88422702094663,0 -0.28557635963200856,39.884486804464544,0 -0.2850414347610752,39.88467821682576,0 -0.28447131784311047,39.884795441471596,0 -0.2838833333333333,39.88483491620479,0</coordinates>
          </LinearRing>
        </outerBoundaryIs>
      </Polygon>
    </Placemark>
    <Placemark>
      <styleUrl>#pink</styleUrl>
      <name />
      <description>
    &lt;![CDATA[
    &lt;h2&gt;🔥 Incendio activo&lt;/h2&gt;

    &lt;table border="0" cellpadding="4"&gt;

        &lt;tr&gt;
            &lt;td&gt;&lt;b&gt;Focos agrupados&lt;/b&gt;&lt;/td&gt;
            &lt;td&gt;3&lt;/td&gt;
        &lt;/tr&gt;

        &lt;tr&gt;
            &lt;td&gt;&lt;b&gt;FRP máximo&lt;/b&gt;&lt;/td&gt;
            &lt;td&gt;4.7 MW&lt;/td&gt;
        &lt;/tr&gt;

        &lt;tr&gt;
            &lt;td&gt;&lt;b&gt;Confianza&lt;/b&gt;&lt;/td&gt;
            &lt;td&gt;Baja&lt;/td&gt;
        &lt;/tr&gt;

        &lt;tr&gt;
            &lt;td&gt;&lt;b&gt;Fecha&lt;/b&gt;&lt;/td&gt;
            &lt;td&gt;2026-07-28&lt;/td&gt;
        &lt;/tr&gt;

        &lt;tr&gt;
            &lt;td&gt;&lt;b&gt;Hora&lt;/b&gt;&lt;/td&gt;
            &lt;td&gt;1217 UTC&lt;/td&gt;
        &lt;/tr&gt;

        &lt;tr&gt;
            &lt;td&gt;&lt;b&gt;Satélite&lt;/b&gt;&lt;/td&gt;
            &lt;td&gt;N&lt;/td&gt;
        &lt;/tr&gt;

        &lt;tr&gt;
            &lt;td&gt;&lt;b&gt;Instrumento&lt;/b&gt;&lt;/td&gt;
            &lt;td&gt;VIIRS&lt;/td&gt;
        &lt;/tr&gt;

        &lt;tr&gt;
            &lt;td&gt;&lt;b&gt;Población más cercana&lt;/b&gt;&lt;/td&gt;
            &lt;td&gt;Eslida&lt;/td&gt;
        &lt;/tr&gt;

        &lt;tr&gt;
            &lt;td&gt;&lt;b&gt;Distancia&lt;/b&gt;&lt;/td&gt;
            &lt;td&gt;2.1 km&lt;/td&gt;
        &lt;/tr&gt;

        &lt;tr&gt;
            &lt;td&gt;&lt;b&gt;Latitud&lt;/b&gt;&lt;/td&gt;
            &lt;td&gt;39.882237&lt;/td&gt;
        &lt;/tr&gt;

        &lt;tr&gt;
            &lt;td&gt;&lt;b&gt;Longitud&lt;/b&gt;&lt;/td&gt;
            &lt;td&gt;-0.283883&lt;/td&gt;
        &lt;/tr&gt;

    &lt;/table&gt;

    ]]&gt;
    </description>
      <Point>
        <coordinates>-0.2838833333333333,39.882236666666664,0</coordinates>
      </Point>
    </Placemark>
    <Placemark>
      <styleUrl>#area_amarilla</styleUrl>
      <Polygon>
        <outerBoundaryIs>
          <LinearRing>
            <coordinates>-0.31663800000000003,39.90123924660902,0 -0.3160931090824692,39.901202673848985,0 -0.3155647761007423,39.90109406692874,0 -0.31506905568092575,39.90091672614589,0 -0.3146210111472997,39.90067604041791,0 -0.31423425669692095,39.90037932348146,0 -0.3139205436679047,39.90003559159301,0 -0.3136894034810031,39.89965528949459,0 -0.31354785810350966,39.8992499729805,0 -0.31350020682428803,39.89883195771909,0 -0.31354789580249415,39.89841394500753,0 -0.3136894743319182,39.898008635835446,0 -0.31392063912508433,39.897628344985634,0 -0.3142343652468207,39.897284626895626,0 -0.31462111969719947,39.89698792464318,0 -0.3150691511381057,39.89674725271365,0 -0.3155648469516576,39.89656992317939,0 -0.31609314678145384,39.89646132360115,0 -0.31663800000000003,39.896424753390974,0 -0.3171828532185462,39.89646132360115,0 -0.31771115304834247,39.89656992317939,0 -0.31820684886189443,39.89674725271365,0 -0.3186548803028006,39.89698792464318,0 -0.3190416347531794,39.897284626895626,0 -0.31935536087491573,39.897628344985634,0 -0.3195865256680819,39.898008635835446,0 -0.3197281041975059,39.89841394500753,0 -0.3197757931757121,39.89883195771909,0 -0.3197281418964904,39.8992499729805,0 -0.319586596518997,39.89965528949459,0 -0.31935545633209544,39.90003559159301,0 -0.3190417433030791,39.90037932348146,0 -0.3186549888527004,39.90067604041791,0 -0.31820694431907437,39.90091672614589,0 -0.31771122389925777,39.90109406692874,0 -0.3171828909175309,39.901202673848985,0 -0.31663800000000003,39.90123924660902,0</coordinates>
          </LinearRing>
        </outerBoundaryIs>
      </Polygon>
    </Placemark>
    <Placemark>
      <styleUrl>#pink</styleUrl>
      <name />
      <description>
    &lt;![CDATA[
    &lt;h2&gt;🔥 Incendio activo&lt;/h2&gt;

    &lt;table border="0" cellpadding="4"&gt;

        &lt;tr&gt;
            &lt;td&gt;&lt;b&gt;Focos agrupados&lt;/b&gt;&lt;/td&gt;
            &lt;td&gt;5&lt;/td&gt;
        &lt;/tr&gt;

        &lt;tr&gt;
            &lt;td&gt;&lt;b&gt;FRP máximo&lt;/b&gt;&lt;/td&gt;
            &lt;td&gt;5.4 MW&lt;/td&gt;
        &lt;/tr&gt;

        &lt;tr&gt;
            &lt;td&gt;&lt;b&gt;Confianza&lt;/b&gt;&lt;/td&gt;
            &lt;td&gt;Baja&lt;/td&gt;
        &lt;/tr&gt;

        &lt;tr&gt;
            &lt;td&gt;&lt;b&gt;Fecha&lt;/b&gt;&lt;/td&gt;
            &lt;td&gt;2026-07-28&lt;/td&gt;
        &lt;/tr&gt;

        &lt;tr&gt;
            &lt;td&gt;&lt;b&gt;Hora&lt;/b&gt;&lt;/td&gt;
            &lt;td&gt;236 UTC&lt;/td&gt;
        &lt;/tr&gt;

        &lt;tr&gt;
            &lt;td&gt;&lt;b&gt;Satélite&lt;/b&gt;&lt;/td&gt;
            &lt;td&gt;N&lt;/td&gt;
        &lt;/tr&gt;

        &lt;tr&gt;
            &lt;td&gt;&lt;b&gt;Instrumento&lt;/b&gt;&lt;/td&gt;
            &lt;td&gt;VIIRS&lt;/td&gt;
        &lt;/tr&gt;

        &lt;tr&gt;
            &lt;td&gt;&lt;b&gt;Población más cercana&lt;/b&gt;&lt;/td&gt;
            &lt;td&gt;Aín&lt;/td&gt;
        &lt;/tr&gt;

        &lt;tr&gt;
            &lt;td&gt;&lt;b&gt;Distancia&lt;/b&gt;&lt;/td&gt;
            &lt;td&gt;2.1 km&lt;/td&gt;
        &lt;/tr&gt;

        &lt;tr&gt;
            &lt;td&gt;&lt;b&gt;Latitud&lt;/b&gt;&lt;/td&gt;
            &lt;td&gt;39.898832&lt;/td&gt;
        &lt;/tr&gt;

        &lt;tr&gt;
            &lt;td&gt;&lt;b&gt;Longitud&lt;/b&gt;&lt;/td&gt;
            &lt;td&gt;-0.316638&lt;/td&gt;
        &lt;/tr&gt;

    &lt;/table&gt;

    ]]&gt;
    </description>
      <Point>
        <coordinates>-0.31663800000000003,39.898832,0</coordinates>
      </Point>
    </Placemark>
    <Placemark>
      <styleUrl>#area_amarilla</styleUrl>
      <Polygon>
        <outerBoundaryIs>
          <LinearRing>
            <coordinates>-0.3118975,39.90622688100607,0 -0.3113300150998919,39.90618879446771,0 -0.31077977478649677,39.906075692217584,0 -0.31026349945589543,39.90589101116968,0 -0.3097968770770284,39.905640363314724,0 -0.3093940863754364,39.90533136513625,0 -0.30906736594259315,39.90497340610618,0 -0.3088266423725428,39.90457736330376,0 -0.3086792287247091,39.90415527083956,0 -0.30862960246559323,39.903719954138765,0 -0.30867926961895403,39.90328464020373,0 -0.3088267192285833,39.902862555703265,0 -0.3090674694904565,39.902466525101964,0 -0.30939420412572205,39.902108581038796,0 -0.3097969948273142,39.90179959878776,0 -0.310263603003759,39.90154896589971,0 -0.3107798516425376,39.901364297052936,0 -0.31133005599413704,39.90125120276653,0 -0.3118975,39.90121311899393,0 -0.31246494400586294,39.90125120276653,0 -0.3130151483574624,39.901364297052936,0 -0.31353139699624094,39.90154896589971,0 -0.3139980051726858,39.90179959878776,0 -0.31440079587427794,39.902108581038796,0 -0.3147275305095435,39.902466525101964,0 -0.3149682807714167,39.902862555703265,0 -0.31511573038104596,39.90328464020373,0 -0.31516539753440675,39.903719954138765,0 -0.3151157712752909,39.90415527083956,0 -0.3149683576274572,39.90457736330376,0 -0.31472763405740684,39.90497340610618,0 -0.31440091362456357,39.90533136513625,0 -0.3139981229229716,39.905640363314724,0 -0.3135315005441045,39.90589101116968,0 -0.3130152252135032,39.906075692217584,0 -0.3124649849001081,39.90618879446771,0 -0.3118975,39.90622688100607,0</coordinates>
          </LinearRing>
        </outerBoundaryIs>
      </Polygon>
    </Placemark>
    <Placemark>
      <styleUrl>#pink</styleUrl>
      <name />
      <description>
    &lt;![CDATA[
    &lt;h2&gt;🔥 Incendio activo&lt;/h2&gt;

    &lt;table border="0" cellpadding="4"&gt;

        &lt;tr&gt;
            &lt;td&gt;&lt;b&gt;Focos agrupados&lt;/b&gt;&lt;/td&gt;
            &lt;td&gt;4&lt;/td&gt;
        &lt;/tr&gt;

        &lt;tr&gt;
            &lt;td&gt;&lt;b&gt;FRP máximo&lt;/b&gt;&lt;/td&gt;
            &lt;td&gt;6.3 MW&lt;/td&gt;
        &lt;/tr&gt;

        &lt;tr&gt;
            &lt;td&gt;&lt;b&gt;Confianza&lt;/b&gt;&lt;/td&gt;
            &lt;td&gt;Baja&lt;/td&gt;
        &lt;/tr&gt;

        &lt;tr&gt;
            &lt;td&gt;&lt;b&gt;Fecha&lt;/b&gt;&lt;/td&gt;
            &lt;td&gt;2026-07-28&lt;/td&gt;
        &lt;/tr&gt;

        &lt;tr&gt;
            &lt;td&gt;&lt;b&gt;Hora&lt;/b&gt;&lt;/td&gt;
            &lt;td&gt;236 UTC&lt;/td&gt;
        &lt;/tr&gt;

        &lt;tr&gt;
            &lt;td&gt;&lt;b&gt;Satélite&lt;/b&gt;&lt;/td&gt;
            &lt;td&gt;N&lt;/td&gt;
        &lt;/tr&gt;

        &lt;tr&gt;
            &lt;td&gt;&lt;b&gt;Instrumento&lt;/b&gt;&lt;/td&gt;
            &lt;td&gt;VIIRS&lt;/td&gt;
        &lt;/tr&gt;

        &lt;tr&gt;
            &lt;td&gt;&lt;b&gt;Población más cercana&lt;/b&gt;&lt;/td&gt;
            &lt;td&gt;Aín&lt;/td&gt;
        &lt;/tr&gt;

        &lt;tr&gt;
            &lt;td&gt;&lt;b&gt;Distancia&lt;/b&gt;&lt;/td&gt;
            &lt;td&gt;2.5 km&lt;/td&gt;
        &lt;/tr&gt;

        &lt;tr&gt;
            &lt;td&gt;&lt;b&gt;Latitud&lt;/b&gt;&lt;/td&gt;
            &lt;td&gt;39.903720&lt;/td&gt;
        &lt;/tr&gt;

        &lt;tr&gt;
            &lt;td&gt;&lt;b&gt;Longitud&lt;/b&gt;&lt;/td&gt;
            &lt;td&gt;-0.311897&lt;/td&gt;
        &lt;/tr&gt;

    &lt;/table&gt;

    ]]&gt;
    </description>
      <Point>
        <coordinates>-0.3118975,39.90372,0</coordinates>
      </Point>
    </Placemark>
    <Placemark>
      <styleUrl>#area_amarilla</styleUrl>
      <Polygon>
        <outerBoundaryIs>
          <LinearRing>
            <coordinates>-0.2962,39.90534154035375,0 -0.29583972616623244,39.90531736072221,0 -0.2954903998142799,39.90524555656373,0 -0.29516263570255424,39.90512830975617,0 -0.2948663932631152,39.90496918300634,0 -0.2946106739308209,39.90477301157217,0 -0.29440324760813874,39.90454575631306,0 -0.29425041658060286,39.90429432253725,0 -0.2941568240562229,39.90402635015462,0 -0.29412531314251666,39.90374998151523,0 -0.29415684053901253,39.903473613990606,0 -0.2942504475581145,39.90320564481784,0 -0.2944032893440273,39.902954215959795,0 -0.29461072139112227,39.902726966733226,0 -0.2948664407234166,39.902530801718754,0 -0.2951626774384428,39.902371681001455,0 -0.29549043079179155,39.90225443911167,0 -0.29583974264902213,39.90218263816304,0 -0.2962,39.902158459646266,0 -0.2965602573509779,39.90218263816304,0 -0.29690956920820843,39.90225443911167,0 -0.29723732256155716,39.902371681001455,0 -0.2975335592765834,39.902530801718754,0 -0.2977892786088777,39.902726966733226,0 -0.2979967106559727,39.902954215959795,0 -0.2981495524418855,39.90320564481784,0 -0.29824315946098745,39.903473613990606,0 -0.2982746868574834,39.90374998151523,0 -0.2982431759437771,39.90402635015462,0 -0.2981495834193972,39.90429432253725,0 -0.29799675239186124,39.90454575631306,0 -0.29778932606917907,39.90477301157217,0 -0.2975336067368848,39.90496918300634,0 -0.2972373642974458,39.90512830975617,0 -0.2969096001857201,39.90524555656373,0 -0.2965602738337676,39.90531736072221,0 -0.2962,39.90534154035375,0</coordinates>
          </LinearRing>
        </outerBoundaryIs>
      </Polygon>
    </Placemark>
    <Placemark>
      <styleUrl>#pink</styleUrl>
      <name />
      <description>
    &lt;![CDATA[
    &lt;h2&gt;🔥 Incendio activo&lt;/h2&gt;

    &lt;table border="0" cellpadding="4"&gt;

        &lt;tr&gt;
            &lt;td&gt;&lt;b&gt;Focos agrupados&lt;/b&gt;&lt;/td&gt;
            &lt;td&gt;2&lt;/td&gt;
        &lt;/tr&gt;

        &lt;tr&gt;
            &lt;td&gt;&lt;b&gt;FRP máximo&lt;/b&gt;&lt;/td&gt;
            &lt;td&gt;2.3 MW&lt;/td&gt;
        &lt;/tr&gt;

        &lt;tr&gt;
            &lt;td&gt;&lt;b&gt;Confianza&lt;/b&gt;&lt;/td&gt;
            &lt;td&gt;Baja&lt;/td&gt;
        &lt;/tr&gt;

        &lt;tr&gt;
            &lt;td&gt;&lt;b&gt;Fecha&lt;/b&gt;&lt;/td&gt;
            &lt;td&gt;2026-07-28&lt;/td&gt;
        &lt;/tr&gt;

        &lt;tr&gt;
            &lt;td&gt;&lt;b&gt;Hora&lt;/b&gt;&lt;/td&gt;
            &lt;td&gt;236 UTC&lt;/td&gt;
        &lt;/tr&gt;

        &lt;tr&gt;
            &lt;td&gt;&lt;b&gt;Satélite&lt;/b&gt;&lt;/td&gt;
            &lt;td&gt;N&lt;/td&gt;
        &lt;/tr&gt;

        &lt;tr&gt;
            &lt;td&gt;&lt;b&gt;Instrumento&lt;/b&gt;&lt;/td&gt;
            &lt;td&gt;VIIRS&lt;/td&gt;
        &lt;/tr&gt;

        &lt;tr&gt;
            &lt;td&gt;&lt;b&gt;Población más cercana&lt;/b&gt;&lt;/td&gt;
            &lt;td&gt;Eslida&lt;/td&gt;
        &lt;/tr&gt;

        &lt;tr&gt;
            &lt;td&gt;&lt;b&gt;Distancia&lt;/b&gt;&lt;/td&gt;
            &lt;td&gt;2.9 km&lt;/td&gt;
        &lt;/tr&gt;

        &lt;tr&gt;
            &lt;td&gt;&lt;b&gt;Latitud&lt;/b&gt;&lt;/td&gt;
            &lt;td&gt;39.903750&lt;/td&gt;
        &lt;/tr&gt;

        &lt;tr&gt;
            &lt;td&gt;&lt;b&gt;Longitud&lt;/b&gt;&lt;/td&gt;
            &lt;td&gt;-0.296200&lt;/td&gt;
        &lt;/tr&gt;

    &lt;/table&gt;

    ]]&gt;
    </description>
      <Point>
        <coordinates>-0.2962,39.90375,0</coordinates>
      </Point>
    </Placemark>
    <Placemark>
      <styleUrl>#area_amarilla</styleUrl>
      <Polygon>
        <outerBoundaryIs>
          <LinearRing>
            <coordinates>-0.32801400000000003,39.91762113900324,0 -0.3274187404510689,39.917581194952376,0 -0.3268415695930229,39.91746257661692,0 -0.3263000262560549,39.917268888550346,0 -0.3258105662857699,39.91700601647233,0 -0.32538806238077617,39.91668194836103,0 -0.325045352108231,39.91630653165277,0 -0.3247928478409116,39.91589117393728,0 -0.3246382204676633,39.91544849625423,0 -0.3245861664772432,39.9149919495363,0 -0.3246382654733018,39.9145354058617,0 -0.32479293242384455,39.91409273694158,0 -0.32504546606650825,39.91367739265168,0 -0.32538819196934776,39.913301992412336,0 -0.3258106958743416,39.9129779418269,0 -0.3263001402143325,39.9127150862178,0 -0.3268416541759561,39.91252141157681,0 -0.3274187854567076,39.91240280200428,0 -0.32801400000000003,39.912362860996765,0 -0.32860921454329245,39.91240280200428,0 -0.32918634582404394,39.91252141157681,0 -0.3297278597856676,39.9127150862178,0 -0.3302173041256585,39.9129779418269,0 -0.3306398080306523,39.913301992412336,0 -0.3309825339334918,39.91367739265168,0 -0.3312350675761555,39.91409273694158,0 -0.33138973452669823,39.9145354058617,0 -0.33144183352275686,39.9149919495363,0 -0.33138977953233684,39.91544849625423,0 -0.33123515215908844,39.91589117393728,0 -0.3309826478917691,39.91630653165277,0 -0.33063993761922394,39.91668194836103,0 -0.3302174337142302,39.91700601647233,0 -0.32972797374394514,39.917268888550346,0 -0.32918643040697715,39.91746257661692,0 -0.3286092595489312,39.917581194952376,0 -0.32801400000000003,39.91762113900324,0</coordinates>
          </LinearRing>
        </outerBoundaryIs>
      </Polygon>
    </Placemark>
    <Placemark>
      <styleUrl>#pink</styleUrl>
      <name />
      <description>
    &lt;![CDATA[
    &lt;h2&gt;🔥 Incendio activo&lt;/h2&gt;

    &lt;table border="0" cellpadding="4"&gt;

        &lt;tr&gt;
            &lt;td&gt;&lt;b&gt;Focos agrupados&lt;/b&gt;&lt;/td&gt;
            &lt;td&gt;5&lt;/td&gt;
        &lt;/tr&gt;

        &lt;tr&gt;
            &lt;td&gt;&lt;b&gt;FRP máximo&lt;/b&gt;&lt;/td&gt;
            &lt;td&gt;11.1 MW&lt;/td&gt;
        &lt;/tr&gt;

        &lt;tr&gt;
            &lt;td&gt;&lt;b&gt;Confianza&lt;/b&gt;&lt;/td&gt;
            &lt;td&gt;Baja&lt;/td&gt;
        &lt;/tr&gt;

        &lt;tr&gt;
            &lt;td&gt;&lt;b&gt;Fecha&lt;/b&gt;&lt;/td&gt;
            &lt;td&gt;2026-07-28&lt;/td&gt;
        &lt;/tr&gt;

        &lt;tr&gt;
            &lt;td&gt;&lt;b&gt;Hora&lt;/b&gt;&lt;/td&gt;
            &lt;td&gt;1217 UTC&lt;/td&gt;
        &lt;/tr&gt;

        &lt;tr&gt;
            &lt;td&gt;&lt;b&gt;Satélite&lt;/b&gt;&lt;/td&gt;
            &lt;td&gt;N&lt;/td&gt;
        &lt;/tr&gt;

        &lt;tr&gt;
            &lt;td&gt;&lt;b&gt;Instrumento&lt;/b&gt;&lt;/td&gt;
            &lt;td&gt;VIIRS&lt;/td&gt;
        &lt;/tr&gt;

        &lt;tr&gt;
            &lt;td&gt;&lt;b&gt;Población más cercana&lt;/b&gt;&lt;/td&gt;
            &lt;td&gt;Aín&lt;/td&gt;
        &lt;/tr&gt;

        &lt;tr&gt;
            &lt;td&gt;&lt;b&gt;Distancia&lt;/b&gt;&lt;/td&gt;
            &lt;td&gt;1.9 km&lt;/td&gt;
        &lt;/tr&gt;

        &lt;tr&gt;
            &lt;td&gt;&lt;b&gt;Latitud&lt;/b&gt;&lt;/td&gt;
            &lt;td&gt;39.914992&lt;/td&gt;
        &lt;/tr&gt;

        &lt;tr&gt;
            &lt;td&gt;&lt;b&gt;Longitud&lt;/b&gt;&lt;/td&gt;
            &lt;td&gt;-0.328014&lt;/td&gt;
        &lt;/tr&gt;

    &lt;/table&gt;

    ]]&gt;
    </description>
      <Point>
        <coordinates>-0.32801400000000003,39.914992,0</coordinates>
      </Point>
    </Placemark>
    <Placemark>
      <styleUrl>#area_amarilla</styleUrl>
      <Polygon>
        <outerBoundaryIs>
          <LinearRing>
            <coordinates>-0.3275825,39.92306393153818,0 -0.3270223362059506,39.923026345611575,0 -0.32647919450384066,39.92291472998273,0 -0.325969579560999,39.922732476386194,0 -0.3255089769433957,39.92248512304177,0 -0.3251113824529685,39.922180186313696,0 -0.32478887679695106,39.921826932250454,0 -0.32455125852174055,39.92143609495599,0 -0.3244057463644136,39.921019550360135,0 -0.32435676005668473,39.92058995530967,0 -0.3244057862243779,39.92016036295437,0 -0.32455133343396914,39.91974382611891,0 -0.32478897772592363,39.919353000714054,0 -0.32511149722516147,39.91899976123559,0 -0.32550909171558867,39.91869484002831,0 -0.32596968048997177,39.91844750126865,0 -0.3264792694160695,39.91826525956173,0 -0.327022376065915,39.91815365169328,0 -0.3275825,39.91811606846183,0 -0.328142623934085,39.91815365169328,0 -0.3286857305839306,39.91826525956173,0 -0.32919531951002823,39.91844750126865,0 -0.3296559082844113,39.91869484002831,0 -0.3300535027748385,39.91899976123559,0 -0.33037602227407636,39.919353000714054,0 -0.3306136665660309,39.91974382611891,0 -0.3307592137756221,39.92016036295437,0 -0.33080823994331526,39.92058995530967,0 -0.3307592536355864,39.921019550360135,0 -0.33061374147825945,39.92143609495599,0 -0.330376123203049,39.921826932250454,0 -0.3300536175470315,39.922180186313696,0 -0.3296560230566043,39.92248512304177,0 -0.329195420439001,39.922732476386194,0 -0.32868580549615933,39.92291472998273,0 -0.3281426637940494,39.923026345611575,0 -0.3275825,39.92306393153818,0</coordinates>
          </LinearRing>
        </outerBoundaryIs>
      </Polygon>
    </Placemark>
    <Placemark>
      <styleUrl>#pink</styleUrl>
      <name />
      <description>
    &lt;![CDATA[
    &lt;h2&gt;🔥 Incendio activo&lt;/h2&gt;

    &lt;table border="0" cellpadding="4"&gt;

        &lt;tr&gt;
            &lt;td&gt;&lt;b&gt;Focos agrupados&lt;/b&gt;&lt;/td&gt;
            &lt;td&gt;4&lt;/td&gt;
        &lt;/tr&gt;

        &lt;tr&gt;
            &lt;td&gt;&lt;b&gt;FRP máximo&lt;/b&gt;&lt;/td&gt;
            &lt;td&gt;11.1 MW&lt;/td&gt;
        &lt;/tr&gt;

        &lt;tr&gt;
            &lt;td&gt;&lt;b&gt;Confianza&lt;/b&gt;&lt;/td&gt;
            &lt;td&gt;Baja&lt;/td&gt;
        &lt;/tr&gt;

        &lt;tr&gt;
            &lt;td&gt;&lt;b&gt;Fecha&lt;/b&gt;&lt;/td&gt;
            &lt;td&gt;2026-07-28&lt;/td&gt;
        &lt;/tr&gt;

        &lt;tr&gt;
            &lt;td&gt;&lt;b&gt;Hora&lt;/b&gt;&lt;/td&gt;
            &lt;td&gt;1217 UTC&lt;/td&gt;
        &lt;/tr&gt;

        &lt;tr&gt;
            &lt;td&gt;&lt;b&gt;Satélite&lt;/b&gt;&lt;/td&gt;
            &lt;td&gt;N&lt;/td&gt;
        &lt;/tr&gt;

        &lt;tr&gt;
            &lt;td&gt;&lt;b&gt;Instrumento&lt;/b&gt;&lt;/td&gt;
            &lt;td&gt;VIIRS&lt;/td&gt;
        &lt;/tr&gt;

        &lt;tr&gt;
            &lt;td&gt;&lt;b&gt;Población más cercana&lt;/b&gt;&lt;/td&gt;
            &lt;td&gt;Alcudia de Veo&lt;/td&gt;
        &lt;/tr&gt;

        &lt;tr&gt;
            &lt;td&gt;&lt;b&gt;Distancia&lt;/b&gt;&lt;/td&gt;
            &lt;td&gt;2.4 km&lt;/td&gt;
        &lt;/tr&gt;

        &lt;tr&gt;
            &lt;td&gt;&lt;b&gt;Latitud&lt;/b&gt;&lt;/td&gt;
            &lt;td&gt;39.920590&lt;/td&gt;
        &lt;/tr&gt;

        &lt;tr&gt;
            &lt;td&gt;&lt;b&gt;Longitud&lt;/b&gt;&lt;/td&gt;
            &lt;td&gt;-0.327582&lt;/td&gt;
        &lt;/tr&gt;

    &lt;/table&gt;

    ]]&gt;
    </description>
      <Point>
        <coordinates>-0.3275825,39.920590000000004,0</coordinates>
      </Point>
    </Placemark>
    <Placemark>
      <styleUrl>#area_amarilla</styleUrl>
      <Polygon>
        <outerBoundaryIs>
          <LinearRing>
            <coordinates>-3.47223,40.244848982408875,0 -3.471923107343422,40.244828487929645,0 -3.471625540008362,40.244767627242894,0 -3.4713463399056113,40.24466824967511,0 -3.4710939907437015,40.24453337492472,0 -3.470876160212936,40.24436710129069,0 -3.4706994669837377,40.24417448112383,0 -3.4705692796017034,40.24396136728835,0 -3.470489553389838,40.24373423530161,0 -3.4704627103108554,40.24349998655939,0 -3.4704895654347103,40.243265738627734,0 -3.4705693022386583,40.243038608974935,0 -3.4706994974824243,40.24282549871525,0 -3.470876194894763,40.24263288293476,0 -3.4710940254255283,40.2424666139686,0 -3.471346370404298,40.24233174360459,0 -3.471625562645317,40.242232369612594,0 -3.471923119388294,40.24217151125979,0 -3.47223,40.24215101759113,0 -3.4725368806117065,40.24217151125979,0 -3.4728344373546833,40.242232369612594,0 -3.4731136295957024,40.24233174360459,0 -3.473365974574472,40.2424666139686,0 -3.4735838051052372,40.24263288293476,0 -3.473760502517576,40.24282549871525,0 -3.473890697761342,40.243038608974935,0 -3.4739704345652904,40.243265738627734,0 -3.473997289689145,40.24349998655939,0 -3.473970446610162,40.24373423530161,0 -3.473890720398297,40.24396136728835,0 -3.4737605330162626,40.24417448112383,0 -3.4735838397870644,40.24436710129069,0 -3.473366009256299,40.24453337492472,0 -3.473113660094389,40.24466824967511,0 -3.4728344599916383,40.244767627242894,0 -3.4725368926565783,40.244828487929645,0 -3.47223,40.244848982408875,0</coordinates>
          </LinearRing>
        </outerBoundaryIs>
      </Polygon>
    </Placemark>
    <Placemark>
      <styleUrl>#pink</styleUrl>
      <name />
      <description>
    &lt;![CDATA[
    &lt;h2&gt;🔥 Incendio activo&lt;/h2&gt;

    &lt;table border="0" cellpadding="4"&gt;

        &lt;tr&gt;
            &lt;td&gt;&lt;b&gt;Focos agrupados&lt;/b&gt;&lt;/td&gt;
            &lt;td&gt;2&lt;/td&gt;
        &lt;/tr&gt;

        &lt;tr&gt;
            &lt;td&gt;&lt;b&gt;FRP máximo&lt;/b&gt;&lt;/td&gt;
            &lt;td&gt;5.0 MW&lt;/td&gt;
        &lt;/tr&gt;

        &lt;tr&gt;
            &lt;td&gt;&lt;b&gt;Confianza&lt;/b&gt;&lt;/td&gt;
            &lt;td&gt;Baja&lt;/td&gt;
        &lt;/tr&gt;

        &lt;tr&gt;
            &lt;td&gt;&lt;b&gt;Fecha&lt;/b&gt;&lt;/td&gt;
            &lt;td&gt;2026-07-28&lt;/td&gt;
        &lt;/tr&gt;

        &lt;tr&gt;
            &lt;td&gt;&lt;b&gt;Hora&lt;/b&gt;&lt;/td&gt;
            &lt;td&gt;1357 UTC&lt;/td&gt;
        &lt;/tr&gt;

        &lt;tr&gt;
            &lt;td&gt;&lt;b&gt;Satélite&lt;/b&gt;&lt;/td&gt;
            &lt;td&gt;N&lt;/td&gt;
        &lt;/tr&gt;

        &lt;tr&gt;
            &lt;td&gt;&lt;b&gt;Instrumento&lt;/b&gt;&lt;/td&gt;
            &lt;td&gt;VIIRS&lt;/td&gt;
        &lt;/tr&gt;

        &lt;tr&gt;
            &lt;td&gt;&lt;b&gt;Población más cercana&lt;/b&gt;&lt;/td&gt;
            &lt;td&gt;Morata de Tajuña&lt;/td&gt;
        &lt;/tr&gt;

        &lt;tr&gt;
            &lt;td&gt;&lt;b&gt;Distancia&lt;/b&gt;&lt;/td&gt;
            &lt;td&gt;3.4 km&lt;/td&gt;
        &lt;/tr&gt;

        &lt;tr&gt;
            &lt;td&gt;&lt;b&gt;Latitud&lt;/b&gt;&lt;/td&gt;
            &lt;td&gt;40.243500&lt;/td&gt;
        &lt;/tr&gt;

        &lt;tr&gt;
            &lt;td&gt;&lt;b&gt;Longitud&lt;/b&gt;&lt;/td&gt;
            &lt;td&gt;-3.472230&lt;/td&gt;
        &lt;/tr&gt;

    &lt;/table&gt;

    ]]&gt;
    </description>
      <Point>
        <coordinates>-3.47223,40.2435,0</coordinates>
      </Point>
    </Placemark>
    <Placemark>
      <styleUrl>#area_amarilla</styleUrl>
      <Polygon>
        <outerBoundaryIs>
          <LinearRing>
            <coordinates>-7.055335,40.5736976074635,0 -7.054909182411086,40.57366930948916,0 -7.054496304127449,40.5735852754563,0 -7.054108911173062,40.5734480588996,0 -7.053758774974276,40.573261829385885,0 -7.053456534608063,40.5730322457864,0 -7.0532113734949355,40.57276628428884,0 -7.053030740365381,40.5724720263804,0 -7.052920122978101,40.57215841324989,0 -7.052882881460182,40.57183497407664,0 -7.05292014632306,40.57151153646675,0 -7.053030784239552,40.57119792783777,0 -7.053211432606446,40.57090367682611,0 -7.053456601827192,40.570637723788685,0 -7.053758842193405,40.57040814919229,0 -7.054108970284572,40.57022192813871,0 -7.054496348001619,40.570084718478775,0 -7.0549092057560445,40.57000068894747,0 -7.055335,40.569972392536485,0 -7.055760794243955,40.57000068894747,0 -7.056173651998381,40.570084718478775,0 -7.056561029715429,40.57022192813871,0 -7.056911157806595,40.57040814919229,0 -7.057213398172808,40.570637723788685,0 -7.057458567393555,40.57090367682611,0 -7.057639215760448,40.57119792783777,0 -7.05774985367694,40.57151153646675,0 -7.057787118539818,40.57183497407664,0 -7.057749877021899,40.57215841324989,0 -7.057639259634619,40.5724720263804,0 -7.057458626505065,40.57276628428884,0 -7.057213465391937,40.5730322457864,0 -7.056911225025725,40.573261829385885,0 -7.056561088826939,40.5734480588996,0 -7.056173695872552,40.5735852754563,0 -7.055760817588914,40.57366930948916,0 -7.055335,40.5736976074635,0</coordinates>
          </LinearRing>
        </outerBoundaryIs>
      </Polygon>
    </Placemark>
    <Placemark>
      <styleUrl>#pink</styleUrl>
      <name />
      <description>
    &lt;![CDATA[
    &lt;h2&gt;🔥 Incendio activo&lt;/h2&gt;

    &lt;table border="0" cellpadding="4"&gt;

        &lt;tr&gt;
            &lt;td&gt;&lt;b&gt;Focos agrupados&lt;/b&gt;&lt;/td&gt;
            &lt;td&gt;2&lt;/td&gt;
        &lt;/tr&gt;

        &lt;tr&gt;
            &lt;td&gt;&lt;b&gt;FRP máximo&lt;/b&gt;&lt;/td&gt;
            &lt;td&gt;28.2 MW&lt;/td&gt;
        &lt;/tr&gt;

        &lt;tr&gt;
            &lt;td&gt;&lt;b&gt;Confianza&lt;/b&gt;&lt;/td&gt;
            &lt;td&gt;Baja&lt;/td&gt;
        &lt;/tr&gt;

        &lt;tr&gt;
            &lt;td&gt;&lt;b&gt;Fecha&lt;/b&gt;&lt;/td&gt;
            &lt;td&gt;2026-07-28&lt;/td&gt;
        &lt;/tr&gt;

        &lt;tr&gt;
            &lt;td&gt;&lt;b&gt;Hora&lt;/b&gt;&lt;/td&gt;
            &lt;td&gt;1217 UTC&lt;/td&gt;
        &lt;/tr&gt;

        &lt;tr&gt;
            &lt;td&gt;&lt;b&gt;Satélite&lt;/b&gt;&lt;/td&gt;
            &lt;td&gt;N&lt;/td&gt;
        &lt;/tr&gt;

        &lt;tr&gt;
            &lt;td&gt;&lt;b&gt;Instrumento&lt;/b&gt;&lt;/td&gt;
            &lt;td&gt;VIIRS&lt;/td&gt;
        &lt;/tr&gt;

        &lt;tr&gt;
            &lt;td&gt;&lt;b&gt;Población más cercana&lt;/b&gt;&lt;/td&gt;
            &lt;td&gt;Fuentes de Oñoro&lt;/td&gt;
        &lt;/tr&gt;

        &lt;tr&gt;
            &lt;td&gt;&lt;b&gt;Distancia&lt;/b&gt;&lt;/td&gt;
            &lt;td&gt;20.5 km&lt;/td&gt;
        &lt;/tr&gt;

        &lt;tr&gt;
            &lt;td&gt;&lt;b&gt;Latitud&lt;/b&gt;&lt;/td&gt;
            &lt;td&gt;40.571835&lt;/td&gt;
        &lt;/tr&gt;

        &lt;tr&gt;
            &lt;td&gt;&lt;b&gt;Longitud&lt;/b&gt;&lt;/td&gt;
            &lt;td&gt;-7.055335&lt;/td&gt;
        &lt;/tr&gt;

    &lt;/table&gt;

    ]]&gt;
    </description>
      <Point>
        <coordinates>-7.0553349999999995,40.571835,0</coordinates>
      </Point>
    </Placemark>
    <Placemark>
      <styleUrl>#area_amarilla</styleUrl>
      <Polygon>
        <outerBoundaryIs>
          <LinearRing>
            <coordinates>-7.0621125,40.57400808607019,0 -7.061557403748582,40.57397119665847,0 -7.061019175605855,40.57386164940933,0 -7.060514170935636,40.57368277320566,0 -7.060057735217526,40.573440003639206,0 -7.0596637376413724,40.57314071778908,0 -7.059344149623989,40.57279400999467,0 -7.059108681063764,40.57241041544549,0 -7.0589644853853395,40.57200158999653,0 -7.058915942327384,40.57157995594727,0 -7.058964525056328,40.57115832455471,0 -7.059108755620834,40.57074950675543,0 -7.059344250074457,40.57036592392624,0 -7.059663851869431,40.570019230508514,0 -7.060057849445585,40.56971995995774,0 -7.060514271386104,40.56947720476798,0 -7.061019250162925,40.56929834028429,0 -7.061557443419569,40.56918880068483,0 -7.0621125,40.56915191392983,0 -7.06266755658043,40.56918880068483,0 -7.063205749837074,40.56929834028429,0 -7.063710728613895,40.56947720476798,0 -7.0641671505544155,40.56971995995774,0 -7.064561148130569,40.570019230508514,0 -7.064880749925542,40.57036592392624,0 -7.0651162443791655,40.57074950675543,0 -7.065260474943672,40.57115832455471,0 -7.065309057672615,40.57157995594727,0 -7.06526051461466,40.57200158999653,0 -7.065116318936235,40.57241041544549,0 -7.06488085037601,40.57279400999467,0 -7.064561262358627,40.57314071778908,0 -7.064167264782474,40.573440003639206,0 -7.063710829064363,40.57368277320566,0 -7.063205824394144,40.57386164940933,0 -7.062667596251418,40.57397119665847,0 -7.0621125,40.57400808607019,0</coordinates>
          </LinearRing>
        </outerBoundaryIs>
      </Polygon>
    </Placemark>
    <Placemark>
      <styleUrl>#pink</styleUrl>
      <name />
      <description>
    &lt;![CDATA[
    &lt;h2&gt;🔥 Incendio activo&lt;/h2&gt;

    &lt;table border="0" cellpadding="4"&gt;

        &lt;tr&gt;
            &lt;td&gt;&lt;b&gt;Focos agrupados&lt;/b&gt;&lt;/td&gt;
            &lt;td&gt;4&lt;/td&gt;
        &lt;/tr&gt;

        &lt;tr&gt;
            &lt;td&gt;&lt;b&gt;FRP máximo&lt;/b&gt;&lt;/td&gt;
            &lt;td&gt;9.9 MW&lt;/td&gt;
        &lt;/tr&gt;

        &lt;tr&gt;
            &lt;td&gt;&lt;b&gt;Confianza&lt;/b&gt;&lt;/td&gt;
            &lt;td&gt;Baja&lt;/td&gt;
        &lt;/tr&gt;

        &lt;tr&gt;
            &lt;td&gt;&lt;b&gt;Fecha&lt;/b&gt;&lt;/td&gt;
            &lt;td&gt;2026-07-28&lt;/td&gt;
        &lt;/tr&gt;

        &lt;tr&gt;
            &lt;td&gt;&lt;b&gt;Hora&lt;/b&gt;&lt;/td&gt;
            &lt;td&gt;1357 UTC&lt;/td&gt;
        &lt;/tr&gt;

        &lt;tr&gt;
            &lt;td&gt;&lt;b&gt;Satélite&lt;/b&gt;&lt;/td&gt;
            &lt;td&gt;N&lt;/td&gt;
        &lt;/tr&gt;

        &lt;tr&gt;
            &lt;td&gt;&lt;b&gt;Instrumento&lt;/b&gt;&lt;/td&gt;
            &lt;td&gt;VIIRS&lt;/td&gt;
        &lt;/tr&gt;

        &lt;tr&gt;
            &lt;td&gt;&lt;b&gt;Población más cercana&lt;/b&gt;&lt;/td&gt;
            &lt;td&gt;Fuentes de Oñoro&lt;/td&gt;
        &lt;/tr&gt;

        &lt;tr&gt;
            &lt;td&gt;&lt;b&gt;Distancia&lt;/b&gt;&lt;/td&gt;
            &lt;td&gt;21.1 km&lt;/td&gt;
        &lt;/tr&gt;

        &lt;tr&gt;
            &lt;td&gt;&lt;b&gt;Latitud&lt;/b&gt;&lt;/td&gt;
            &lt;td&gt;40.571580&lt;/td&gt;
        &lt;/tr&gt;

        &lt;tr&gt;
            &lt;td&gt;&lt;b&gt;Longitud&lt;/b&gt;&lt;/td&gt;
            &lt;td&gt;-7.062112&lt;/td&gt;
        &lt;/tr&gt;

    &lt;/table&gt;

    ]]&gt;
    </description>
      <Point>
        <coordinates>-7.0621125,40.57158,0</coordinates>
      </Point>
    </Placemark>
    <Placemark>
      <styleUrl>#area_amarilla</styleUrl>
      <Polygon>
        <outerBoundaryIs>
          <LinearRing>
            <coordinates>-8.256805,41.159941338243904,0 -8.256427584158828,41.159916477973205,0 -8.256061636744318,41.15984265258346,0 -8.25571827761979,41.159722105381796,0 -8.25540794012498,41.15955849937912,0 -8.255140053998383,41.15935680596181,0 -8.254922758824343,41.15912315380232,0 -8.254762656715927,41.15886464260405,0 -8.254664611748145,41.15858912734409,0 -8.254631602231424,41.1583049795742,0 -8.254664630305966,41.158020833036126,0 -8.254762691593218,41.15774532132307,0 -8.254922805814388,41.15748681555897,0 -8.25514010743349,41.15725317006548,0 -8.25540799356009,41.15705148374197,0 -8.255718324609836,41.15688788440531,0 -8.256061671621609,41.15676734263781,0 -8.256427602716647,41.15669352079497,0 -8.256805,41.15666866175609,0 -8.257182397283353,41.15669352079497,0 -8.257548328378391,41.15676734263781,0 -8.257891675390164,41.15688788440531,0 -8.25820200643991,41.15705148374197,0 -8.25846989256651,41.15725317006548,0 -8.258687194185612,41.15748681555897,0 -8.258847308406782,41.15774532132307,0 -8.258945369694034,41.158020833036126,0 -8.258978397768576,41.1583049795742,0 -8.258945388251854,41.15858912734409,0 -8.258847343284073,41.15886464260405,0 -8.258687241175657,41.15912315380232,0 -8.258469946001616,41.15935680596181,0 -8.25820205987502,41.15955849937912,0 -8.25789172238021,41.159722105381796,0 -8.257548363255681,41.15984265258346,0 -8.257182415841172,41.159916477973205,0 -8.256805,41.159941338243904,0</coordinates>
          </LinearRing>
        </outerBoundaryIs>
      </Polygon>
    </Placemark>
    <Placemark>
      <styleUrl>#pink</styleUrl>
      <name />
      <description>
    &lt;![CDATA[
    &lt;h2&gt;🔥 Incendio activo&lt;/h2&gt;

    &lt;table border="0" cellpadding="4"&gt;

        &lt;tr&gt;
            &lt;td&gt;&lt;b&gt;Focos agrupados&lt;/b&gt;&lt;/td&gt;
            &lt;td&gt;2&lt;/td&gt;
        &lt;/tr&gt;

        &lt;tr&gt;
            &lt;td&gt;&lt;b&gt;FRP máximo&lt;/b&gt;&lt;/td&gt;
            &lt;td&gt;16.7 MW&lt;/td&gt;
        &lt;/tr&gt;

        &lt;tr&gt;
            &lt;td&gt;&lt;b&gt;Confianza&lt;/b&gt;&lt;/td&gt;
            &lt;td&gt;Baja&lt;/td&gt;
        &lt;/tr&gt;

        &lt;tr&gt;
            &lt;td&gt;&lt;b&gt;Fecha&lt;/b&gt;&lt;/td&gt;
            &lt;td&gt;2026-07-28&lt;/td&gt;
        &lt;/tr&gt;

        &lt;tr&gt;
            &lt;td&gt;&lt;b&gt;Hora&lt;/b&gt;&lt;/td&gt;
            &lt;td&gt;1357 UTC&lt;/td&gt;
        &lt;/tr&gt;

        &lt;tr&gt;
            &lt;td&gt;&lt;b&gt;Satélite&lt;/b&gt;&lt;/td&gt;
            &lt;td&gt;N&lt;/td&gt;
        &lt;/tr&gt;

        &lt;tr&gt;
            &lt;td&gt;&lt;b&gt;Instrumento&lt;/b&gt;&lt;/td&gt;
            &lt;td&gt;VIIRS&lt;/td&gt;
        &lt;/tr&gt;

        &lt;tr&gt;
            &lt;td&gt;&lt;b&gt;Población más cercana&lt;/b&gt;&lt;/td&gt;
            &lt;td&gt;Lobios&lt;/td&gt;
        &lt;/tr&gt;

        &lt;tr&gt;
            &lt;td&gt;&lt;b&gt;Distancia&lt;/b&gt;&lt;/td&gt;
            &lt;td&gt;84.1 km&lt;/td&gt;
        &lt;/tr&gt;

        &lt;tr&gt;
            &lt;td&gt;&lt;b&gt;Latitud&lt;/b&gt;&lt;/td&gt;
            &lt;td&gt;41.158305&lt;/td&gt;
        &lt;/tr&gt;

        &lt;tr&gt;
            &lt;td&gt;&lt;b&gt;Longitud&lt;/b&gt;&lt;/td&gt;
            &lt;td&gt;-8.256805&lt;/td&gt;
        &lt;/tr&gt;

    &lt;/table&gt;

    ]]&gt;
    </description>
      <Point>
        <coordinates>-8.256805,41.158305,0</coordinates>
      </Point>
    </Placemark>
    <Placemark>
      <styleUrl>#area_amarilla</styleUrl>
      <Polygon>
        <outerBoundaryIs>
          <LinearRing>
            <coordinates>-4.05508,42.160363881864,0 -4.054698031199254,42.160339109534526,0 -4.054327669201864,42.16026554529796,0 -4.053980168038838,42.160145424530995,0 -4.053666086928017,42.15998239729453,0 -4.05339496936873,42.159781417397944,0 -4.053175053130769,42.15954859184288,0 -4.053013019953935,42.15929099522532,0 -4.052913792563412,42.15901645474026,0 -4.052880385164123,42.15873331232599,0 -4.052913811948411,42.15845017117862,0 -4.053013056385816,42.158175634341454,0 -4.053175102215309,42.15791804331278,0 -4.05339502518561,42.1576852246135,0 -4.053666142744897,42.157484252012694,0 -4.053980217123378,42.15732123163201,0 -4.054327705633745,42.157201116453926,0 -4.0546980505842525,42.15712755586525,0 -4.05508,42.157102784802674,0 -4.055461949415748,42.15712755586525,0 -4.0558322943662555,42.157201116453926,0 -4.056179782876622,42.15732123163201,0 -4.056493857255105,42.157484252012694,0 -4.056764974814391,42.1576852246135,0 -4.056984897784692,42.15791804331278,0 -4.057146943614185,42.158175634341454,0 -4.0572461880515895,42.15845017117862,0 -4.0572796148358785,42.15873331232599,0 -4.057246207436589,42.15901645474026,0 -4.057146980046066,42.15929099522532,0 -4.056984946869232,42.15954859184288,0 -4.05676503063127,42.159781417397944,0 -4.056493913071983,42.15998239729453,0 -4.056179831961162,42.160145424530995,0 -4.055832330798136,42.16026554529796,0 -4.055461968800747,42.160339109534526,0 -4.05508,42.160363881864,0</coordinates>
          </LinearRing>
        </outerBoundaryIs>
      </Polygon>
    </Placemark>
    <Placemark>
      <styleUrl>#pink</styleUrl>
      <name />
      <description>
    &lt;![CDATA[
    &lt;h2&gt;🔥 Incendio activo&lt;/h2&gt;

    &lt;table border="0" cellpadding="4"&gt;

        &lt;tr&gt;
            &lt;td&gt;&lt;b&gt;Focos agrupados&lt;/b&gt;&lt;/td&gt;
            &lt;td&gt;3&lt;/td&gt;
        &lt;/tr&gt;

        &lt;tr&gt;
            &lt;td&gt;&lt;b&gt;FRP máximo&lt;/b&gt;&lt;/td&gt;
            &lt;td&gt;14.9 MW&lt;/td&gt;
        &lt;/tr&gt;

        &lt;tr&gt;
            &lt;td&gt;&lt;b&gt;Confianza&lt;/b&gt;&lt;/td&gt;
            &lt;td&gt;Baja&lt;/td&gt;
        &lt;/tr&gt;

        &lt;tr&gt;
            &lt;td&gt;&lt;b&gt;Fecha&lt;/b&gt;&lt;/td&gt;
            &lt;td&gt;2026-07-28&lt;/td&gt;
        &lt;/tr&gt;

        &lt;tr&gt;
            &lt;td&gt;&lt;b&gt;Hora&lt;/b&gt;&lt;/td&gt;
            &lt;td&gt;236 UTC&lt;/td&gt;
        &lt;/tr&gt;

        &lt;tr&gt;
            &lt;td&gt;&lt;b&gt;Satélite&lt;/b&gt;&lt;/td&gt;
            &lt;td&gt;N&lt;/td&gt;
        &lt;/tr&gt;

        &lt;tr&gt;
            &lt;td&gt;&lt;b&gt;Instrumento&lt;/b&gt;&lt;/td&gt;
            &lt;td&gt;VIIRS&lt;/td&gt;
        &lt;/tr&gt;

        &lt;tr&gt;
            &lt;td&gt;&lt;b&gt;Población más cercana&lt;/b&gt;&lt;/td&gt;
            &lt;td&gt;Villaverde-Mogina&lt;/td&gt;
        &lt;/tr&gt;

        &lt;tr&gt;
            &lt;td&gt;&lt;b&gt;Distancia&lt;/b&gt;&lt;/td&gt;
            &lt;td&gt;383 m&lt;/td&gt;
        &lt;/tr&gt;

        &lt;tr&gt;
            &lt;td&gt;&lt;b&gt;Latitud&lt;/b&gt;&lt;/td&gt;
            &lt;td&gt;42.158733&lt;/td&gt;
        &lt;/tr&gt;

        &lt;tr&gt;
            &lt;td&gt;&lt;b&gt;Longitud&lt;/b&gt;&lt;/td&gt;
            &lt;td&gt;-4.055080&lt;/td&gt;
        &lt;/tr&gt;

    &lt;/table&gt;

    ]]&gt;
    </description>
      <Point>
        <coordinates>-4.05508,42.15873333333334,0</coordinates>
      </Point>
    </Placemark>
    <Placemark>
      <styleUrl>#area_amarilla</styleUrl>
      <Polygon>
        <outerBoundaryIs>
          <LinearRing>
            <coordinates>-5.731,43.530749287375095,0 -5.730566652119133,43.53072179941613,0 -5.730146472449508,43.53064017082079,0 -5.729752228953585,43.53050688204524,0 -5.729395901274429,43.53032598332725,0 -5.729088316649372,43.53010297158237,0 -5.7288388208815215,43.529844623334846,0 -5.728654994372272,43.52955878876499,0 -5.728542421843066,43.52925415313726,0 -5.7285045227374205,43.528939972863625,0 -5.728542447445399,43.528625794226514,0 -5.728655042488917,43.52832116331096,0 -5.728838885708903,43.52803533596059,0 -5.72908839036835,43.52777699656907,0 -5.729395974993406,43.52755399424856,0 -5.729752293780967,43.52737310438657,0 -5.730146520566154,43.52723982283051,0 -5.730566677721465,43.527158198947355,0 -5.731,43.5271307126249,0 -5.731433322278534,43.527158198947355,0 -5.731853479433845,43.52723982283051,0 -5.732247706219032,43.52737310438657,0 -5.7326040250065935,43.52755399424856,0 -5.732911609631649,43.52777699656907,0 -5.7331611142910965,43.52803533596059,0 -5.733344957511082,43.52832116331096,0 -5.733457552554601,43.528625794226514,0 -5.733495477262578,43.528939972863625,0 -5.733457578156933,43.52925415313726,0 -5.7333450056277275,43.52955878876499,0 -5.733161179118478,43.529844623334846,0 -5.732911683350627,43.53010297158237,0 -5.732604098725571,43.53032598332725,0 -5.7322477710464135,43.53050688204524,0 -5.7318535275504905,43.53064017082079,0 -5.7314333478808654,43.53072179941613,0 -5.731,43.530749287375095,0</coordinates>
          </LinearRing>
        </outerBoundaryIs>
      </Polygon>
    </Placemark>
    <Placemark>
      <styleUrl>#pink</styleUrl>
      <name />
      <description>
    &lt;![CDATA[
    &lt;h2&gt;🔥 Incendio activo&lt;/h2&gt;

    &lt;table border="0" cellpadding="4"&gt;

        &lt;tr&gt;
            &lt;td&gt;&lt;b&gt;Focos agrupados&lt;/b&gt;&lt;/td&gt;
            &lt;td&gt;2&lt;/td&gt;
        &lt;/tr&gt;

        &lt;tr&gt;
            &lt;td&gt;&lt;b&gt;FRP máximo&lt;/b&gt;&lt;/td&gt;
            &lt;td&gt;6.0 MW&lt;/td&gt;
        &lt;/tr&gt;

        &lt;tr&gt;
            &lt;td&gt;&lt;b&gt;Confianza&lt;/b&gt;&lt;/td&gt;
            &lt;td&gt;Baja&lt;/td&gt;
        &lt;/tr&gt;

        &lt;tr&gt;
            &lt;td&gt;&lt;b&gt;Fecha&lt;/b&gt;&lt;/td&gt;
            &lt;td&gt;2026-07-28&lt;/td&gt;
        &lt;/tr&gt;

        &lt;tr&gt;
            &lt;td&gt;&lt;b&gt;Hora&lt;/b&gt;&lt;/td&gt;
            &lt;td&gt;1359 UTC&lt;/td&gt;
        &lt;/tr&gt;

        &lt;tr&gt;
            &lt;td&gt;&lt;b&gt;Satélite&lt;/b&gt;&lt;/td&gt;
            &lt;td&gt;N&lt;/td&gt;
        &lt;/tr&gt;

        &lt;tr&gt;
            &lt;td&gt;&lt;b&gt;Instrumento&lt;/b&gt;&lt;/td&gt;
            &lt;td&gt;VIIRS&lt;/td&gt;
        &lt;/tr&gt;

        &lt;tr&gt;
            &lt;td&gt;&lt;b&gt;Población más cercana&lt;/b&gt;&lt;/td&gt;
            &lt;td&gt;Gijón&lt;/td&gt;
        &lt;/tr&gt;

        &lt;tr&gt;
            &lt;td&gt;&lt;b&gt;Distancia&lt;/b&gt;&lt;/td&gt;
            &lt;td&gt;5.8 km&lt;/td&gt;
        &lt;/tr&gt;

        &lt;tr&gt;
            &lt;td&gt;&lt;b&gt;Latitud&lt;/b&gt;&lt;/td&gt;
            &lt;td&gt;43.528940&lt;/td&gt;
        &lt;/tr&gt;

        &lt;tr&gt;
            &lt;td&gt;&lt;b&gt;Longitud&lt;/b&gt;&lt;/td&gt;
            &lt;td&gt;-5.731000&lt;/td&gt;
        &lt;/tr&gt;

    &lt;/table&gt;

    ]]&gt;
    </description>
      <Point>
        <coordinates>-5.731,43.52894,0</coordinates>
      </Point>
    </Placemark>
    <Placemark>
      <styleUrl>#area_amarilla</styleUrl>
      <Polygon>
        <outerBoundaryIs>
          <LinearRing>
            <coordinates>-0.26541,35.816090671156125,0 -0.2648116847682835,35.8160482224675,0 -0.26423155091307426,35.81592216631729,0 -0.2636872271532532,35.81571633324302,0 -0.26319525371190344,35.81543697796858,0 -0.2627705796027114,35.81509258928645,0 -0.26242610833340635,35.814693632042754,0 -0.2621723058392566,35.81425222907523,0 -0.2620168825593516,35.81378179277966,0 -0.26196455930615115,35.813296617509884,0 -0.2620169240244561,35.81281144520463,0 -0.262172383768162,35.81234101744505,0 -0.26242621332673655,35.81189962755541,0 -0.26277069899672134,35.811500686354115,0 -0.2631953731059135,35.81115631474396,0 -0.2636873321465837,35.810876975511924,0 -0.26423162884197987,35.810671155515536,0 -0.26481172623338806,35.81054510790132,0 -0.26541,35.8105026621772,0 -0.2660082737666119,35.81054510790132,0 -0.26658837115802003,35.810671155515536,0 -0.2671326678534163,35.810876975511924,0 -0.26762462689408645,35.81115631474396,0 -0.26804930100327856,35.811500686354115,0 -0.2683937866732634,35.81189962755541,0 -0.26864761623183797,35.81234101744505,0 -0.26880307597554387,35.81281144520463,0 -0.26885544069384876,35.813296617509884,0 -0.2688031174406483,35.81378179277966,0 -0.2686476941607433,35.81425222907523,0 -0.2683938916665936,35.814693632042754,0 -0.2680494203972886,35.81509258928645,0 -0.26762474628809646,35.81543697796858,0 -0.26713277284674675,35.81571633324302,0 -0.2665884490869257,35.81592216631729,0 -0.2660083152317165,35.8160482224675,0 -0.26541,35.816090671156125,0</coordinates>
          </LinearRing>
        </outerBoundaryIs>
      </Polygon>
    </Placemark>
    <Placemark>
      <styleUrl>#pink</styleUrl>
      <name />
      <description>
    &lt;![CDATA[
    &lt;h2&gt;🔥 Incendio activo&lt;/h2&gt;

    &lt;table border="0" cellpadding="4"&gt;

        &lt;tr&gt;
            &lt;td&gt;&lt;b&gt;Focos agrupados&lt;/b&gt;&lt;/td&gt;
            &lt;td&gt;3&lt;/td&gt;
        &lt;/tr&gt;

        &lt;tr&gt;
            &lt;td&gt;&lt;b&gt;FRP máximo&lt;/b&gt;&lt;/td&gt;
            &lt;td&gt;7.3 MW&lt;/td&gt;
        &lt;/tr&gt;

        &lt;tr&gt;
            &lt;td&gt;&lt;b&gt;Confianza&lt;/b&gt;&lt;/td&gt;
            &lt;td&gt;Baja&lt;/td&gt;
        &lt;/tr&gt;

        &lt;tr&gt;
            &lt;td&gt;&lt;b&gt;Fecha&lt;/b&gt;&lt;/td&gt;
            &lt;td&gt;2026-07-28&lt;/td&gt;
        &lt;/tr&gt;

        &lt;tr&gt;
            &lt;td&gt;&lt;b&gt;Hora&lt;/b&gt;&lt;/td&gt;
            &lt;td&gt;238 UTC&lt;/td&gt;
        &lt;/tr&gt;

        &lt;tr&gt;
            &lt;td&gt;&lt;b&gt;Satélite&lt;/b&gt;&lt;/td&gt;
            &lt;td&gt;N&lt;/td&gt;
        &lt;/tr&gt;

        &lt;tr&gt;
            &lt;td&gt;&lt;b&gt;Instrumento&lt;/b&gt;&lt;/td&gt;
            &lt;td&gt;VIIRS&lt;/td&gt;
        &lt;/tr&gt;

        &lt;tr&gt;
            &lt;td&gt;&lt;b&gt;Población más cercana&lt;/b&gt;&lt;/td&gt;
            &lt;td&gt;Carboneras&lt;/td&gt;
        &lt;/tr&gt;

        &lt;tr&gt;
            &lt;td&gt;&lt;b&gt;Distancia&lt;/b&gt;&lt;/td&gt;
            &lt;td&gt;196.4 km&lt;/td&gt;
        &lt;/tr&gt;

        &lt;tr&gt;
            &lt;td&gt;&lt;b&gt;Latitud&lt;/b&gt;&lt;/td&gt;
            &lt;td&gt;35.813297&lt;/td&gt;
        &lt;/tr&gt;

        &lt;tr&gt;
            &lt;td&gt;&lt;b&gt;Longitud&lt;/b&gt;&lt;/td&gt;
            &lt;td&gt;-0.265410&lt;/td&gt;
        &lt;/tr&gt;

    &lt;/table&gt;

    ]]&gt;
    </description>
      <Point>
        <coordinates>-0.26541,35.813296666666666,0</coordinates>
      </Point>
    </Placemark>
    <Placemark>
      <styleUrl>#area_amarilla</styleUrl>
      <Polygon>
        <outerBoundaryIs>
          <LinearRing>
            <coordinates>-0.27650399999999997,39.896494377399705,0 -0.27587605093602213,39.89645222667976,0 -0.2752671840454692,39.896327055401024,0 -0.2746959014270821,39.896122667269424,0 -0.27417956268839005,39.89584527318897,0 -0.2737338573049907,39.89550330246526,0 -0.2733723278091876,39.895107146585545,0 -0.2731059583070615,39.89466884337253,0 -0.2729428408266596,39.894201711121475,0 -0.27288792962370934,39.89371994384928,0 -0.2729428908886858,39.89323817996337,0 -0.2731060523928947,39.892771057462795,0 -0.2733724545706878,39.89233276918837,0 -0.2737340014528503,39.89193663163355,0 -0.2741797068362498,39.89159468041078,0 -0.27469602818858274,39.891317304655225,0 -0.27526727813130275,39.89111293146221,0 -0.2758761009980486,39.89098776993394,0 -0.27650399999999997,39.890945622600306,0 -0.27713189900195134,39.89098776993394,0 -0.2777407218686972,39.89111293146221,0 -0.2783119718114172,39.891317304655225,0 -0.27882829316375013,39.89159468041078,0 -0.2792739985471496,39.89193663163355,0 -0.2796355454293121,39.89233276918837,0 -0.2799019476071052,39.892771057462795,0 -0.28006510911131416,39.89323817996337,0 -0.2801200703762906,39.89371994384928,0 -0.2800651591733403,39.894201711121475,0 -0.2799020416929384,39.89466884337253,0 -0.27963567219081237,39.895107146585545,0 -0.2792741426950092,39.89550330246526,0 -0.2788284373116099,39.89584527318897,0 -0.27831209857291783,39.896122667269424,0 -0.27774081595453076,39.896327055401024,0 -0.2771319490639778,39.89645222667976,0 -0.27650399999999997,39.896494377399705,0</coordinates>
          </LinearRing>
        </outerBoundaryIs>
      </Polygon>
    </Placemark>
    <Placemark>
      <styleUrl>#pink</styleUrl>
      <name />
      <description>
    &lt;![CDATA[
    &lt;h2&gt;🔥 Incendio activo&lt;/h2&gt;

    &lt;table border="0" cellpadding="4"&gt;

        &lt;tr&gt;
            &lt;td&gt;&lt;b&gt;Focos agrupados&lt;/b&gt;&lt;/td&gt;
            &lt;td&gt;5&lt;/td&gt;
        &lt;/tr&gt;

        &lt;tr&gt;
            &lt;td&gt;&lt;b&gt;FRP máximo&lt;/b&gt;&lt;/td&gt;
            &lt;td&gt;42.6 MW&lt;/td&gt;
        &lt;/tr&gt;

        &lt;tr&gt;
            &lt;td&gt;&lt;b&gt;Confianza&lt;/b&gt;&lt;/td&gt;
            &lt;td&gt;Baja&lt;/td&gt;
        &lt;/tr&gt;

        &lt;tr&gt;
            &lt;td&gt;&lt;b&gt;Fecha&lt;/b&gt;&lt;/td&gt;
            &lt;td&gt;2026-07-28&lt;/td&gt;
        &lt;/tr&gt;

        &lt;tr&gt;
            &lt;td&gt;&lt;b&gt;Hora&lt;/b&gt;&lt;/td&gt;
            &lt;td&gt;1217 UTC&lt;/td&gt;
        &lt;/tr&gt;

        &lt;tr&gt;
            &lt;td&gt;&lt;b&gt;Satélite&lt;/b&gt;&lt;/td&gt;
            &lt;td&gt;N&lt;/td&gt;
        &lt;/tr&gt;

        &lt;tr&gt;
            &lt;td&gt;&lt;b&gt;Instrumento&lt;/b&gt;&lt;/td&gt;
            &lt;td&gt;VIIRS&lt;/td&gt;
        &lt;/tr&gt;

        &lt;tr&gt;
            &lt;td&gt;&lt;b&gt;Población más cercana&lt;/b&gt;&lt;/td&gt;
            &lt;td&gt;Artana&lt;/td&gt;
        &lt;/tr&gt;

        &lt;tr&gt;
            &lt;td&gt;&lt;b&gt;Distancia&lt;/b&gt;&lt;/td&gt;
            &lt;td&gt;1.6 km&lt;/td&gt;
        &lt;/tr&gt;

        &lt;tr&gt;
            &lt;td&gt;&lt;b&gt;Latitud&lt;/b&gt;&lt;/td&gt;
            &lt;td&gt;39.893720&lt;/td&gt;
        &lt;/tr&gt;

        &lt;tr&gt;
            &lt;td&gt;&lt;b&gt;Longitud&lt;/b&gt;&lt;/td&gt;
            &lt;td&gt;-0.276504&lt;/td&gt;
        &lt;/tr&gt;

    &lt;/table&gt;

    ]]&gt;
    </description>
      <Point>
        <coordinates>-0.27650399999999997,39.89372,0</coordinates>
      </Point>
    </Placemark>
    <Placemark>
      <styleUrl>#area_amarilla</styleUrl>
      <Polygon>
        <outerBoundaryIs>
          <LinearRing>
            <coordinates>-0.27100250000000004,39.89680142026818,0 -0.27041709026775634,39.89676212526103,0 -0.2698494698772002,39.89664543433131,0 -0.2693168874130442,39.89645489345622,0 -0.2688355264052538,39.89619629270969,0 -0.26842001344612526,39.8958774902631,0 -0.26808297368647316,39.8955081735322,0 -0.26783464722686184,39.89509956473749,0 -0.26768257805962653,39.89466407983617,0 -0.26763138500308775,39.89421495119885,0 -0.26768262156934747,39.893765825504595,0 -0.2678347289983893,39.8933303490775,0 -0.26808308385695423,39.892921753266066,0 -0.26842013872737397,39.892552452461516,0 -0.2688356516865026,39.8922336669634,0 -0.2693169975835255,39.89197508214321,0 -0.269849551648728,39.8917845542514,0 -0.27041713377747756,39.89166787179592,0 -0.27100250000000004,39.89162857973183,0 -0.2715878662225225,39.89166787179592,0 -0.27215544835127203,39.8917845542514,0 -0.2726880024164745,39.89197508214321,0 -0.27316934831349743,39.8922336669634,0 -0.2735848612726261,39.892552452461516,0 -0.2739219161430458,39.892921753266066,0 -0.2741702710016108,39.8933303490775,0 -0.27432237843065255,39.893765825504595,0 -0.2743736149969123,39.89421495119885,0 -0.27432242194037354,39.89466407983617,0 -0.2741703527731382,39.89509956473749,0 -0.27392202631352686,39.8955081735322,0 -0.27358498655387475,39.8958774902631,0 -0.27316947359474625,39.89619629270969,0 -0.27268811258695586,39.89645489345622,0 -0.2721555301227998,39.89664543433131,0 -0.27158790973224367,39.89676212526103,0 -0.27100250000000004,39.89680142026818,0</coordinates>
          </LinearRing>
        </outerBoundaryIs>
      </Polygon>
    </Placemark>
    <Placemark>
      <styleUrl>#pink</styleUrl>
      <name />
      <description>
    &lt;![CDATA[
    &lt;h2&gt;🔥 Incendio activo&lt;/h2&gt;

    &lt;table border="0" cellpadding="4"&gt;

        &lt;tr&gt;
            &lt;td&gt;&lt;b&gt;Focos agrupados&lt;/b&gt;&lt;/td&gt;
            &lt;td&gt;4&lt;/td&gt;
        &lt;/tr&gt;

        &lt;tr&gt;
            &lt;td&gt;&lt;b&gt;FRP máximo&lt;/b&gt;&lt;/td&gt;
            &lt;td&gt;31.3 MW&lt;/td&gt;
        &lt;/tr&gt;

        &lt;tr&gt;
            &lt;td&gt;&lt;b&gt;Confianza&lt;/b&gt;&lt;/td&gt;
            &lt;td&gt;Baja&lt;/td&gt;
        &lt;/tr&gt;

        &lt;tr&gt;
            &lt;td&gt;&lt;b&gt;Fecha&lt;/b&gt;&lt;/td&gt;
            &lt;td&gt;2026-07-28&lt;/td&gt;
        &lt;/tr&gt;

        &lt;tr&gt;
            &lt;td&gt;&lt;b&gt;Hora&lt;/b&gt;&lt;/td&gt;
            &lt;td&gt;1217 UTC&lt;/td&gt;
        &lt;/tr&gt;

        &lt;tr&gt;
            &lt;td&gt;&lt;b&gt;Satélite&lt;/b&gt;&lt;/td&gt;
            &lt;td&gt;N&lt;/td&gt;
        &lt;/tr&gt;

        &lt;tr&gt;
            &lt;td&gt;&lt;b&gt;Instrumento&lt;/b&gt;&lt;/td&gt;
            &lt;td&gt;VIIRS&lt;/td&gt;
        &lt;/tr&gt;

        &lt;tr&gt;
            &lt;td&gt;&lt;b&gt;Población más cercana&lt;/b&gt;&lt;/td&gt;
            &lt;td&gt;Artana&lt;/td&gt;
        &lt;/tr&gt;

        &lt;tr&gt;
            &lt;td&gt;&lt;b&gt;Distancia&lt;/b&gt;&lt;/td&gt;
            &lt;td&gt;1.2 km&lt;/td&gt;
        &lt;/tr&gt;

        &lt;tr&gt;
            &lt;td&gt;&lt;b&gt;Latitud&lt;/b&gt;&lt;/td&gt;
            &lt;td&gt;39.894215&lt;/td&gt;
        &lt;/tr&gt;

        &lt;tr&gt;
            &lt;td&gt;&lt;b&gt;Longitud&lt;/b&gt;&lt;/td&gt;
            &lt;td&gt;-0.271003&lt;/td&gt;
        &lt;/tr&gt;

    &lt;/table&gt;

    ]]&gt;
    </description>
      <Point>
        <coordinates>-0.27100250000000004,39.894215,0</coordinates>
      </Point>
    </Placemark>
    <Placemark>
      <styleUrl>#area_amarilla</styleUrl>
      <Polygon>
        <outerBoundaryIs>
          <LinearRing>
            <coordinates>-0.26865,39.89712932160592,0 -0.26815220365997106,39.897095907904784,0 -0.2676695340293908,39.89699668215579,0 -0.26721665802905326,39.89683465955959,0 -0.2668073369935494,39.896614763514386,0 -0.26645400842832495,39.89634367596984,0 -0.266167408042925,39.896029634336735,0 -0.26595624355192377,39.89568218113076,0 -0.26582693015492276,39.89531187396528,0 -0.2657833957257426,39.89492996471254,0 -0.2658269616165466,39.89454805758789,0 -0.26595630268043535,39.894177756550015,0 -0.26616748770655313,39.89383031273207,0 -0.2664540990184604,39.8935162826151,0 -0.266807427583685,39.893245207325755,0 -0.26721673769268156,39.89302532279668,0 -0.2676695931579025,39.89286330958852,0 -0.26815223512159503,39.89276408996712,0 -0.26865,39.89273067839409,0 -0.269147764878405,39.89276408996712,0 -0.2696304068420975,39.89286330958852,0 -0.2700832623073185,39.89302532279668,0 -0.270492572416315,39.893245207325755,0 -0.2708459009815396,39.8935162826151,0 -0.27113251229344687,39.89383031273207,0 -0.2713436973195647,39.894177756550015,0 -0.27147303838345344,39.89454805758789,0 -0.27151660427425744,39.89492996471254,0 -0.2714730698450773,39.89531187396528,0 -0.27134375644807623,39.89568218113076,0 -0.271132591957075,39.896029634336735,0 -0.2708459915716751,39.89634367596984,0 -0.2704926630064506,39.896614763514386,0 -0.27008334197094674,39.89683465955959,0 -0.26963046597060925,39.89699668215579,0 -0.26914779634002894,39.897095907904784,0 -0.26865,39.89712932160592,0</coordinates>
          </LinearRing>
        </outerBoundaryIs>
      </Polygon>
    </Placemark>
    <Placemark>
      <styleUrl>#pink</styleUrl>
      <name />
      <description>
    &lt;![CDATA[
    &lt;h2&gt;🔥 Incendio activo&lt;/h2&gt;

    &lt;table border="0" cellpadding="4"&gt;

        &lt;tr&gt;
            &lt;td&gt;&lt;b&gt;Focos agrupados&lt;/b&gt;&lt;/td&gt;
            &lt;td&gt;2&lt;/td&gt;
        &lt;/tr&gt;

        &lt;tr&gt;
            &lt;td&gt;&lt;b&gt;FRP máximo&lt;/b&gt;&lt;/td&gt;
            &lt;td&gt;31.3 MW&lt;/td&gt;
        &lt;/tr&gt;

        &lt;tr&gt;
            &lt;td&gt;&lt;b&gt;Confianza&lt;/b&gt;&lt;/td&gt;
            &lt;td&gt;Baja&lt;/td&gt;
        &lt;/tr&gt;

        &lt;tr&gt;
            &lt;td&gt;&lt;b&gt;Fecha&lt;/b&gt;&lt;/td&gt;
            &lt;td&gt;2026-07-28&lt;/td&gt;
        &lt;/tr&gt;

        &lt;tr&gt;
            &lt;td&gt;&lt;b&gt;Hora&lt;/b&gt;&lt;/td&gt;
            &lt;td&gt;1217 UTC&lt;/td&gt;
        &lt;/tr&gt;

        &lt;tr&gt;
            &lt;td&gt;&lt;b&gt;Satélite&lt;/b&gt;&lt;/td&gt;
            &lt;td&gt;N&lt;/td&gt;
        &lt;/tr&gt;

        &lt;tr&gt;
            &lt;td&gt;&lt;b&gt;Instrumento&lt;/b&gt;&lt;/td&gt;
            &lt;td&gt;VIIRS&lt;/td&gt;
        &lt;/tr&gt;

        &lt;tr&gt;
            &lt;td&gt;&lt;b&gt;Población más cercana&lt;/b&gt;&lt;/td&gt;
            &lt;td&gt;Artana&lt;/td&gt;
        &lt;/tr&gt;

        &lt;tr&gt;
            &lt;td&gt;&lt;b&gt;Distancia&lt;/b&gt;&lt;/td&gt;
            &lt;td&gt;997 m&lt;/td&gt;
        &lt;/tr&gt;

        &lt;tr&gt;
            &lt;td&gt;&lt;b&gt;Latitud&lt;/b&gt;&lt;/td&gt;
            &lt;td&gt;39.894930&lt;/td&gt;
        &lt;/tr&gt;

        &lt;tr&gt;
            &lt;td&gt;&lt;b&gt;Longitud&lt;/b&gt;&lt;/td&gt;
            &lt;td&gt;-0.268650&lt;/td&gt;
        &lt;/tr&gt;

    &lt;/table&gt;

    ]]&gt;
    </description>
      <Point>
        <coordinates>-0.26865,39.89493,0</coordinates>
      </Point>
    </Placemark>
    <Placemark>
      <styleUrl>#area_amarilla</styleUrl>
      <Polygon>
        <outerBoundaryIs>
          <LinearRing>
            <coordinates>-0.2819825,39.900419618163404,0 -0.2811597981671782,39.90036439724012,0 -0.28036209759084874,39.900200412592326,0 -0.2796136394091742,39.89993264756581,0 -0.27893716767592075,39.89956923922246,0 -0.27835323798863076,39.89912123096014,0 -0.27787959275484553,39.89860223679351,0 -0.27753062209817025,39.898028027516794,0 -0.2773169267842421,39.89741605134506,0 -0.2772449964272328,39.89678490361951,0 -0.277317012717557,39.89615376170643,0 -0.2775307835999743,39.89554180227099,0 -0.2778798103456377,39.89496761863576,0 -0.27835348542375055,39.89444865592308,0 -0.27893741511104087,39.89400068113336,0 -0.27961385699996744,39.89363730424396,0 -0.28036225909265394,39.893369564858936,0 -0.2811598841004939,39.893205596947446,0 -0.2819825,39.893150381836605,0 -0.2828051158995061,39.893205596947446,0 -0.2836027409073461,39.893369564858936,0 -0.28435114300003256,39.89363730424396,0 -0.28502758488895913,39.89400068113336,0 -0.2856115145762495,39.89444865592308,0 -0.2860851896543623,39.89496761863576,0 -0.28643421640002575,39.89554180227099,0 -0.286647987282443,39.89615376170643,0 -0.2867200035727672,39.89678490361951,0 -0.28664807321575797,39.89741605134506,0 -0.28643437790182974,39.898028027516794,0 -0.2860854072451545,39.89860223679351,0 -0.28561176201136923,39.89912123096014,0 -0.2850278323240793,39.89956923922246,0 -0.28435136059082583,39.89993264756581,0 -0.2836029024091513,39.900200412592326,0 -0.2828052018328219,39.90036439724012,0 -0.2819825,39.900419618163404,0</coordinates>
          </LinearRing>
        </outerBoundaryIs>
      </Polygon>
    </Placemark>
    <Placemark>
      <styleUrl>#pink</styleUrl>
      <name />
      <description>
    &lt;![CDATA[
    &lt;h2&gt;🔥 Incendio activo&lt;/h2&gt;

    &lt;table border="0" cellpadding="4"&gt;

        &lt;tr&gt;
            &lt;td&gt;&lt;b&gt;Focos agrupados&lt;/b&gt;&lt;/td&gt;
            &lt;td&gt;4&lt;/td&gt;
        &lt;/tr&gt;

        &lt;tr&gt;
            &lt;td&gt;&lt;b&gt;FRP máximo&lt;/b&gt;&lt;/td&gt;
            &lt;td&gt;42.6 MW&lt;/td&gt;
        &lt;/tr&gt;

        &lt;tr&gt;
            &lt;td&gt;&lt;b&gt;Confianza&lt;/b&gt;&lt;/td&gt;
            &lt;td&gt;Baja&lt;/td&gt;
        &lt;/tr&gt;

        &lt;tr&gt;
            &lt;td&gt;&lt;b&gt;Fecha&lt;/b&gt;&lt;/td&gt;
            &lt;td&gt;2026-07-28&lt;/td&gt;
        &lt;/tr&gt;

        &lt;tr&gt;
            &lt;td&gt;&lt;b&gt;Hora&lt;/b&gt;&lt;/td&gt;
            &lt;td&gt;1217 UTC&lt;/td&gt;
        &lt;/tr&gt;

        &lt;tr&gt;
            &lt;td&gt;&lt;b&gt;Satélite&lt;/b&gt;&lt;/td&gt;
            &lt;td&gt;N&lt;/td&gt;
        &lt;/tr&gt;

        &lt;tr&gt;
            &lt;td&gt;&lt;b&gt;Instrumento&lt;/b&gt;&lt;/td&gt;
            &lt;td&gt;VIIRS&lt;/td&gt;
        &lt;/tr&gt;

        &lt;tr&gt;
            &lt;td&gt;&lt;b&gt;Población más cercana&lt;/b&gt;&lt;/td&gt;
            &lt;td&gt;Artana&lt;/td&gt;
        &lt;/tr&gt;

        &lt;tr&gt;
            &lt;td&gt;&lt;b&gt;Distancia&lt;/b&gt;&lt;/td&gt;
            &lt;td&gt;2.1 km&lt;/td&gt;
        &lt;/tr&gt;

        &lt;tr&gt;
            &lt;td&gt;&lt;b&gt;Latitud&lt;/b&gt;&lt;/td&gt;
            &lt;td&gt;39.896785&lt;/td&gt;
        &lt;/tr&gt;

        &lt;tr&gt;
            &lt;td&gt;&lt;b&gt;Longitud&lt;/b&gt;&lt;/td&gt;
            &lt;td&gt;-0.281983&lt;/td&gt;
        &lt;/tr&gt;

    &lt;/table&gt;

    ]]&gt;
    </description>
      <Point>
        <coordinates>-0.2819825,39.896785,0</coordinates>
      </Point>
    </Placemark>
    <Placemark>
      <styleUrl>#area_amarilla</styleUrl>
      <Polygon>
        <outerBoundaryIs>
          <LinearRing>
            <coordinates>-0.285365,39.902321380092474,0 -0.2849380027295689,39.90229272095722,0 -0.2845239805997183,39.90220761441546,0 -0.28413551438194,39.90206864658983,0 -0.2837844081074568,39.90188004025905,0 -0.28348133032547085,39.901647526513386,0 -0.28323548990094977,39.90137817057219,0 -0.28305435620794384,39.90108015706172,0 -0.2829434322202149,39.900762541283335,0 -0.2829060873884181,39.90043497403512,0 -0.28294345537185406,39.90010740835279,0 -0.28305439971879276,39.89978979708316,0 -0.28323554852295796,39.899491790480496,0 -0.28348139698795893,39.899222443012974,0 -0.2837844747699449,39.89898993828482,0 -0.2841355730039483,39.89880134042773,0 -0.28452402411056726,39.89866237950991,0 -0.2849380258812081,39.89857727747689,0 -0.285365,39.89854861990752,0 -0.2857919741187919,39.89857727747689,0 -0.28620597588943275,39.89866237950991,0 -0.2865944269960517,39.89880134042773,0 -0.2869455252300551,39.89898993828482,0 -0.2872486030120411,39.899222443012974,0 -0.28749445147704206,39.899491790480496,0 -0.2876756002812072,39.89978979708316,0 -0.28778654462814596,39.90010740835279,0 -0.2878239126115819,39.90043497403512,0 -0.28778656777978506,39.900762541283335,0 -0.2876756437920561,39.90108015706172,0 -0.2874945100990502,39.90137817057219,0 -0.28724866967452917,39.901647526513386,0 -0.28694559189254315,39.90188004025905,0 -0.28659448561805995,39.90206864658983,0 -0.28620601940028173,39.90220761441546,0 -0.2857919972704311,39.90229272095722,0 -0.285365,39.902321380092474,0</coordinates>
          </LinearRing>
        </outerBoundaryIs>
      </Polygon>
    </Placemark>
    <Placemark>
      <styleUrl>#pink</styleUrl>
      <name />
      <description>
    &lt;![CDATA[
    &lt;h2&gt;🔥 Incendio activo&lt;/h2&gt;

    &lt;table border="0" cellpadding="4"&gt;

        &lt;tr&gt;
            &lt;td&gt;&lt;b&gt;Focos agrupados&lt;/b&gt;&lt;/td&gt;
            &lt;td&gt;2&lt;/td&gt;
        &lt;/tr&gt;

        &lt;tr&gt;
            &lt;td&gt;&lt;b&gt;FRP máximo&lt;/b&gt;&lt;/td&gt;
            &lt;td&gt;24.6 MW&lt;/td&gt;
        &lt;/tr&gt;

        &lt;tr&gt;
            &lt;td&gt;&lt;b&gt;Confianza&lt;/b&gt;&lt;/td&gt;
            &lt;td&gt;Baja&lt;/td&gt;
        &lt;/tr&gt;

        &lt;tr&gt;
            &lt;td&gt;&lt;b&gt;Fecha&lt;/b&gt;&lt;/td&gt;
            &lt;td&gt;2026-07-28&lt;/td&gt;
        &lt;/tr&gt;

        &lt;tr&gt;
            &lt;td&gt;&lt;b&gt;Hora&lt;/b&gt;&lt;/td&gt;
            &lt;td&gt;1217 UTC&lt;/td&gt;
        &lt;/tr&gt;

        &lt;tr&gt;
            &lt;td&gt;&lt;b&gt;Satélite&lt;/b&gt;&lt;/td&gt;
            &lt;td&gt;N&lt;/td&gt;
        &lt;/tr&gt;

        &lt;tr&gt;
            &lt;td&gt;&lt;b&gt;Instrumento&lt;/b&gt;&lt;/td&gt;
            &lt;td&gt;VIIRS&lt;/td&gt;
        &lt;/tr&gt;

        &lt;tr&gt;
            &lt;td&gt;&lt;b&gt;Población más cercana&lt;/b&gt;&lt;/td&gt;
            &lt;td&gt;Artana&lt;/td&gt;
        &lt;/tr&gt;

        &lt;tr&gt;
            &lt;td&gt;&lt;b&gt;Distancia&lt;/b&gt;&lt;/td&gt;
            &lt;td&gt;2.5 km&lt;/td&gt;
        &lt;/tr&gt;

        &lt;tr&gt;
            &lt;td&gt;&lt;b&gt;Latitud&lt;/b&gt;&lt;/td&gt;
            &lt;td&gt;39.900435&lt;/td&gt;
        &lt;/tr&gt;

        &lt;tr&gt;
            &lt;td&gt;&lt;b&gt;Longitud&lt;/b&gt;&lt;/td&gt;
            &lt;td&gt;-0.285365&lt;/td&gt;
        &lt;/tr&gt;

    &lt;/table&gt;

    ]]&gt;
    </description>
      <Point>
        <coordinates>-0.285365,39.900435,0</coordinates>
      </Point>
    </Placemark>
    <Placemark>
      <styleUrl>#area_amarilla</styleUrl>
      <Polygon>
        <outerBoundaryIs>
          <LinearRing>
            <coordinates>-0.331175,39.910515486681234,0 -0.3307730562613309,39.91048851235522,0 -0.3303833263055317,39.91040840904106,0 -0.3300176526941871,39.91027761081768,0 -0.3296871468391553,39.9101000921991,0 -0.3294018513150604,39.909881247337516,0 -0.32917043468197427,39.90962772608382,0 -0.32899992809562195,39.90934723189181,0 -0.3288955117080707,39.9090482877117,0 -0.3288603573443285,39.908739976991384,0 -0.328895532226246,39.90843166765866,0 -0.3289999666571778,39.90813272747395,0 -0.329170486635818,39.90785223940325,0 -0.32940191039479166,39.90759872565846,0 -0.32968720591888656,39.90737988878768,0 -0.3300177046480309,39.90720237767801,0 -0.33038336486708764,39.907071585575935,0 -0.3307730767795063,39.906991486257176,0 -0.331175,39.90696451331876,0 -0.3315769232204937,39.906991486257176,0 -0.3319666351329124,39.907071585575935,0 -0.3323322953519692,39.90720237767801,0 -0.33266279408111343,39.90737988878768,0 -0.3329480896052084,39.90759872565846,0 -0.33317951336418206,39.90785223940325,0 -0.33335003334282226,39.90813272747395,0 -0.333454467773754,39.90843166765866,0 -0.3334896426556715,39.908739976991384,0 -0.3334544882919293,39.9090482877117,0 -0.3333500719043781,39.90934723189181,0 -0.3331795653180257,39.90962772608382,0 -0.3329481486849396,39.909881247337516,0 -0.3326628531608447,39.9101000921991,0 -0.3323323473058129,39.91027761081768,0 -0.3319666736944683,39.91040840904106,0 -0.33157694373866914,39.91048851235522,0 -0.331175,39.910515486681234,0</coordinates>
          </LinearRing>
        </outerBoundaryIs>
      </Polygon>
    </Placemark>
    <Placemark>
      <styleUrl>#pink</styleUrl>
      <name />
      <description>
    &lt;![CDATA[
    &lt;h2&gt;🔥 Incendio activo&lt;/h2&gt;

    &lt;table border="0" cellpadding="4"&gt;

        &lt;tr&gt;
            &lt;td&gt;&lt;b&gt;Focos agrupados&lt;/b&gt;&lt;/td&gt;
            &lt;td&gt;2&lt;/td&gt;
        &lt;/tr&gt;

        &lt;tr&gt;
            &lt;td&gt;&lt;b&gt;FRP máximo&lt;/b&gt;&lt;/td&gt;
            &lt;td&gt;44.7 MW&lt;/td&gt;
        &lt;/tr&gt;

        &lt;tr&gt;
            &lt;td&gt;&lt;b&gt;Confianza&lt;/b&gt;&lt;/td&gt;
            &lt;td&gt;Baja&lt;/td&gt;
        &lt;/tr&gt;

        &lt;tr&gt;
            &lt;td&gt;&lt;b&gt;Fecha&lt;/b&gt;&lt;/td&gt;
            &lt;td&gt;2026-07-28&lt;/td&gt;
        &lt;/tr&gt;

        &lt;tr&gt;
            &lt;td&gt;&lt;b&gt;Hora&lt;/b&gt;&lt;/td&gt;
            &lt;td&gt;1217 UTC&lt;/td&gt;
        &lt;/tr&gt;

        &lt;tr&gt;
            &lt;td&gt;&lt;b&gt;Satélite&lt;/b&gt;&lt;/td&gt;
            &lt;td&gt;N&lt;/td&gt;
        &lt;/tr&gt;

        &lt;tr&gt;
            &lt;td&gt;&lt;b&gt;Instrumento&lt;/b&gt;&lt;/td&gt;
            &lt;td&gt;VIIRS&lt;/td&gt;
        &lt;/tr&gt;

        &lt;tr&gt;
            &lt;td&gt;&lt;b&gt;Población más cercana&lt;/b&gt;&lt;/td&gt;
            &lt;td&gt;Aín&lt;/td&gt;
        &lt;/tr&gt;

        &lt;tr&gt;
            &lt;td&gt;&lt;b&gt;Distancia&lt;/b&gt;&lt;/td&gt;
            &lt;td&gt;1.2 km&lt;/td&gt;
        &lt;/tr&gt;

        &lt;tr&gt;
            &lt;td&gt;&lt;b&gt;Latitud&lt;/b&gt;&lt;/td&gt;
            &lt;td&gt;39.908740&lt;/td&gt;
        &lt;/tr&gt;

        &lt;tr&gt;
            &lt;td&gt;&lt;b&gt;Longitud&lt;/b&gt;&lt;/td&gt;
            &lt;td&gt;-0.331175&lt;/td&gt;
        &lt;/tr&gt;

    &lt;/table&gt;

    ]]&gt;
    </description>
      <Point>
        <coordinates>-0.331175,39.908739999999995,0</coordinates>
      </Point>
    </Placemark>
    <Placemark>
      <styleUrl>#area_amarilla</styleUrl>
      <Polygon>
        <outerBoundaryIs>
          <LinearRing>
            <coordinates>-0.320145,39.9237370617876,0 -0.3197550755843918,39.92371089914659,0 -0.3193769996963063,39.92363320622111,0 -0.31902226074663,39.92350634384103,0 -0.3187016378676217,39.92333416691553,0 -0.31842487332582686,39.92312190727222,0 -0.31820037647174265,39.92287601465227,0 -0.31803496822597266,39.922603960697344,0 -0.31793367386552884,39.922314011889114,0 -0.31789957040195305,39.922014978345025,0 -0.31793369318031905,39.921715946106886,0 -0.3180350045259044,39.921426001059004,0 -0.3182004253785083,39.921153952865275,0 -0.31842492894054886,39.92090806731246,0 -0.3187016934823436,39.92069581518984,0 -0.3190223096533957,39.920523645331485,0 -0.319377035996238,39.92039678871259,0 -0.31975509489918214,39.92031909954745,0 -0.320145,39.92029293821239,0 -0.3205349051008179,39.92031909954745,0 -0.320912964003762,39.92039678871259,0 -0.32126769034660435,39.920523645331485,0 -0.3215883065176564,39.92069581518984,0 -0.32186507105945117,39.92090806731246,0 -0.32208957462149174,39.921153952865275,0 -0.32225499547409564,39.921426001059004,0 -0.32235630681968097,39.921715946106886,0 -0.322390429598047,39.922014978345025,0 -0.3223563261344712,39.922314011889114,0 -0.3222550317740273,39.922603960697344,0 -0.3220896235282574,39.92287601465227,0 -0.32186512667417316,39.92312190727222,0 -0.32158836213237835,39.92333416691553,0 -0.32126773925337004,39.92350634384103,0 -0.32091300030369374,39.92363320622111,0 -0.32053492441560816,39.92371089914659,0 -0.320145,39.9237370617876,0</coordinates>
          </LinearRing>
        </outerBoundaryIs>
      </Polygon>
    </Placemark>
    <Placemark>
      <styleUrl>#pink</styleUrl>
      <name />
      <description>
    &lt;![CDATA[
    &lt;h2&gt;🔥 Incendio activo&lt;/h2&gt;

    &lt;table border="0" cellpadding="4"&gt;

        &lt;tr&gt;
            &lt;td&gt;&lt;b&gt;Focos agrupados&lt;/b&gt;&lt;/td&gt;
            &lt;td&gt;2&lt;/td&gt;
        &lt;/tr&gt;

        &lt;tr&gt;
            &lt;td&gt;&lt;b&gt;FRP máximo&lt;/b&gt;&lt;/td&gt;
            &lt;td&gt;9.6 MW&lt;/td&gt;
        &lt;/tr&gt;

        &lt;tr&gt;
            &lt;td&gt;&lt;b&gt;Confianza&lt;/b&gt;&lt;/td&gt;
            &lt;td&gt;Baja&lt;/td&gt;
        &lt;/tr&gt;

        &lt;tr&gt;
            &lt;td&gt;&lt;b&gt;Fecha&lt;/b&gt;&lt;/td&gt;
            &lt;td&gt;2026-07-28&lt;/td&gt;
        &lt;/tr&gt;

        &lt;tr&gt;
            &lt;td&gt;&lt;b&gt;Hora&lt;/b&gt;&lt;/td&gt;
            &lt;td&gt;1217 UTC&lt;/td&gt;
        &lt;/tr&gt;

        &lt;tr&gt;
            &lt;td&gt;&lt;b&gt;Satélite&lt;/b&gt;&lt;/td&gt;
            &lt;td&gt;N&lt;/td&gt;
        &lt;/tr&gt;

        &lt;tr&gt;
            &lt;td&gt;&lt;b&gt;Instrumento&lt;/b&gt;&lt;/td&gt;
            &lt;td&gt;VIIRS&lt;/td&gt;
        &lt;/tr&gt;

        &lt;tr&gt;
            &lt;td&gt;&lt;b&gt;Población más cercana&lt;/b&gt;&lt;/td&gt;
            &lt;td&gt;Aín&lt;/td&gt;
        &lt;/tr&gt;

        &lt;tr&gt;
            &lt;td&gt;&lt;b&gt;Distancia&lt;/b&gt;&lt;/td&gt;
            &lt;td&gt;2.9 km&lt;/td&gt;
        &lt;/tr&gt;

        &lt;tr&gt;
            &lt;td&gt;&lt;b&gt;Latitud&lt;/b&gt;&lt;/td&gt;
            &lt;td&gt;39.922015&lt;/td&gt;
        &lt;/tr&gt;

        &lt;tr&gt;
            &lt;td&gt;&lt;b&gt;Longitud&lt;/b&gt;&lt;/td&gt;
            &lt;td&gt;-0.320145&lt;/td&gt;
        &lt;/tr&gt;

    &lt;/table&gt;

    ]]&gt;
    </description>
      <Point>
        <coordinates>-0.320145,39.922015,0</coordinates>
      </Point>
    </Placemark>
    <Placemark>
      <styleUrl>#area_amarilla</styleUrl>
      <Polygon>
        <outerBoundaryIs>
          <LinearRing>
            <coordinates>-7.045780000000001,40.56564898240888,0 -7.045471641189993,40.565628487925025,0 -7.0451726522586595,40.56556762722496,0 -7.044892118319035,40.56546824963678,0 -7.044638563613372,40.56533337486137,0 -7.044419692464873,40.56516710120071,0 -7.044242155162604,40.564974481008825,0 -7.044111345895831,40.564761367152954,0 -7.044031238877449,40.564534235152905,0 -7.044004267633025,40.564299986406056,0 -7.04403125111793,40.56406573847902,0 -7.044111368900411,40.56383860883953,0 -7.044242186156591,40.56362549860025,0 -7.0444197277099345,40.563432882844786,0 -7.044638598858433,40.563266613905256,0 -7.044892149313022,40.563131743566245,0 -7.04517267526324,40.563032369594666,0 -7.045471653430474,40.56297151125516,0 -7.045780000000001,40.56295101759112,0 -7.046088346569527,40.56297151125516,0 -7.046387324736761,40.563032369594666,0 -7.046667850686979,40.563131743566245,0 -7.046921401141567,40.563266613905256,0 -7.047140272290067,40.563432882844786,0 -7.04731781384341,40.56362549860025,0 -7.04744863109959,40.56383860883953,0 -7.047528748882071,40.56406573847902,0 -7.047555732366976,40.564299986406056,0 -7.047528761122552,40.564534235152905,0 -7.04744865410417,40.564761367152954,0 -7.047317844837397,40.564974481008825,0 -7.047140307535128,40.56516710120071,0 -7.046921436386629,40.56533337486137,0 -7.046667881680966,40.56546824963678,0 -7.046387347741342,40.56556762722496,0 -7.0460883588100085,40.565628487925025,0 -7.045780000000001,40.56564898240888,0</coordinates>
          </LinearRing>
        </outerBoundaryIs>
      </Polygon>
    </Placemark>
    <Placemark>
      <styleUrl>#pink</styleUrl>
      <name />
      <description>
    &lt;![CDATA[
    &lt;h2&gt;🔥 Incendio activo&lt;/h2&gt;

    &lt;table border="0" cellpadding="4"&gt;

        &lt;tr&gt;
            &lt;td&gt;&lt;b&gt;Focos agrupados&lt;/b&gt;&lt;/td&gt;
            &lt;td&gt;2&lt;/td&gt;
        &lt;/tr&gt;

        &lt;tr&gt;
            &lt;td&gt;&lt;b&gt;FRP máximo&lt;/b&gt;&lt;/td&gt;
            &lt;td&gt;29.2 MW&lt;/td&gt;
        &lt;/tr&gt;

        &lt;tr&gt;
            &lt;td&gt;&lt;b&gt;Confianza&lt;/b&gt;&lt;/td&gt;
            &lt;td&gt;Baja&lt;/td&gt;
        &lt;/tr&gt;

        &lt;tr&gt;
            &lt;td&gt;&lt;b&gt;Fecha&lt;/b&gt;&lt;/td&gt;
            &lt;td&gt;2026-07-28&lt;/td&gt;
        &lt;/tr&gt;

        &lt;tr&gt;
            &lt;td&gt;&lt;b&gt;Hora&lt;/b&gt;&lt;/td&gt;
            &lt;td&gt;1357 UTC&lt;/td&gt;
        &lt;/tr&gt;

        &lt;tr&gt;
            &lt;td&gt;&lt;b&gt;Satélite&lt;/b&gt;&lt;/td&gt;
            &lt;td&gt;N&lt;/td&gt;
        &lt;/tr&gt;

        &lt;tr&gt;
            &lt;td&gt;&lt;b&gt;Instrumento&lt;/b&gt;&lt;/td&gt;
            &lt;td&gt;VIIRS&lt;/td&gt;
        &lt;/tr&gt;

        &lt;tr&gt;
            &lt;td&gt;&lt;b&gt;Población más cercana&lt;/b&gt;&lt;/td&gt;
            &lt;td&gt;Fuentes de Oñoro&lt;/td&gt;
        &lt;/tr&gt;

        &lt;tr&gt;
            &lt;td&gt;&lt;b&gt;Distancia&lt;/b&gt;&lt;/td&gt;
            &lt;td&gt;19.8 km&lt;/td&gt;
        &lt;/tr&gt;

        &lt;tr&gt;
            &lt;td&gt;&lt;b&gt;Latitud&lt;/b&gt;&lt;/td&gt;
            &lt;td&gt;40.564300&lt;/td&gt;
        &lt;/tr&gt;

        &lt;tr&gt;
            &lt;td&gt;&lt;b&gt;Longitud&lt;/b&gt;&lt;/td&gt;
            &lt;td&gt;-7.045780&lt;/td&gt;
        &lt;/tr&gt;

    &lt;/table&gt;

    ]]&gt;
    </description>
      <Point>
        <coordinates>-7.045780000000001,40.5643,0</coordinates>
      </Point>
    </Placemark>
    <Placemark>
      <styleUrl>#area_amarilla</styleUrl>
      <Polygon>
        <outerBoundaryIs>
          <LinearRing>
            <coordinates>-7.042023333333333,40.57117697679548,0 -7.041558432102745,40.57114608024993,0 -7.041107657916275,40.57105432947328,0 -7.0406847084235045,40.57090451250853,0 -7.040302435550153,40.570701181839276,0 -7.03997245489998,40.57045051602,0 -7.039704792767966,40.57016013188898,0 -7.0395075814964425,40.569838853076035,0 -7.039386812430598,40.569496441846184,0 -7.039346153973358,40.569143302433446,0 -7.03938684025599,40.5687901648842,0 -7.039507633791073,40.56844775902006,0 -7.039704863224333,40.56812648842786,0 -7.039972535020003,40.567836114381066,0 -7.040302515670176,40.56758545929321,0 -7.0406847788798705,40.5673821387082,0 -7.041107710210906,40.56723232996419,0 -7.041558459928137,40.56714058455325,0 -7.042023333333333,40.567109689871195,0 -7.042488206738528,40.56714058455325,0 -7.042938956455759,40.56723232996419,0 -7.043361887786794,40.5673821387082,0 -7.043744150996488,40.56758545929321,0 -7.044074131646662,40.567836114381066,0 -7.044341803442332,40.56812648842786,0 -7.0445390328755915,40.56844775902006,0 -7.044659826410675,40.5687901648842,0 -7.044700512693307,40.569143302433446,0 -7.044659854236067,40.569496441846184,0 -7.044539085170223,40.569838853076035,0 -7.0443418738986985,40.57016013188898,0 -7.044074211766685,40.57045051602,0 -7.043744231116512,40.570701181839276,0 -7.043361958243161,40.57090451250853,0 -7.04293900875039,40.57105432947328,0 -7.04248823456392,40.57114608024993,0 -7.042023333333333,40.57117697679548,0</coordinates>
          </LinearRing>
        </outerBoundaryIs>
      </Polygon>
    </Placemark>
    <Placemark>
      <styleUrl>#pink</styleUrl>
      <name />
      <description>
    &lt;![CDATA[
    &lt;h2&gt;🔥 Incendio activo&lt;/h2&gt;

    &lt;table border="0" cellpadding="4"&gt;

        &lt;tr&gt;
            &lt;td&gt;&lt;b&gt;Focos agrupados&lt;/b&gt;&lt;/td&gt;
            &lt;td&gt;3&lt;/td&gt;
        &lt;/tr&gt;

        &lt;tr&gt;
            &lt;td&gt;&lt;b&gt;FRP máximo&lt;/b&gt;&lt;/td&gt;
            &lt;td&gt;19.1 MW&lt;/td&gt;
        &lt;/tr&gt;

        &lt;tr&gt;
            &lt;td&gt;&lt;b&gt;Confianza&lt;/b&gt;&lt;/td&gt;
            &lt;td&gt;Baja&lt;/td&gt;
        &lt;/tr&gt;

        &lt;tr&gt;
            &lt;td&gt;&lt;b&gt;Fecha&lt;/b&gt;&lt;/td&gt;
            &lt;td&gt;2026-07-28&lt;/td&gt;
        &lt;/tr&gt;

        &lt;tr&gt;
            &lt;td&gt;&lt;b&gt;Hora&lt;/b&gt;&lt;/td&gt;
            &lt;td&gt;1217 UTC&lt;/td&gt;
        &lt;/tr&gt;

        &lt;tr&gt;
            &lt;td&gt;&lt;b&gt;Satélite&lt;/b&gt;&lt;/td&gt;
            &lt;td&gt;N&lt;/td&gt;
        &lt;/tr&gt;

        &lt;tr&gt;
            &lt;td&gt;&lt;b&gt;Instrumento&lt;/b&gt;&lt;/td&gt;
            &lt;td&gt;VIIRS&lt;/td&gt;
        &lt;/tr&gt;

        &lt;tr&gt;
            &lt;td&gt;&lt;b&gt;Población más cercana&lt;/b&gt;&lt;/td&gt;
            &lt;td&gt;Fuentes de Oñoro&lt;/td&gt;
        &lt;/tr&gt;

        &lt;tr&gt;
            &lt;td&gt;&lt;b&gt;Distancia&lt;/b&gt;&lt;/td&gt;
            &lt;td&gt;19.4 km&lt;/td&gt;
        &lt;/tr&gt;

        &lt;tr&gt;
            &lt;td&gt;&lt;b&gt;Latitud&lt;/b&gt;&lt;/td&gt;
            &lt;td&gt;40.569143&lt;/td&gt;
        &lt;/tr&gt;

        &lt;tr&gt;
            &lt;td&gt;&lt;b&gt;Longitud&lt;/b&gt;&lt;/td&gt;
            &lt;td&gt;-7.042023&lt;/td&gt;
        &lt;/tr&gt;

    &lt;/table&gt;

    ]]&gt;
    </description>
      <Point>
        <coordinates>-7.042023333333333,40.569143333333336,0</coordinates>
      </Point>
    </Placemark>
    <Placemark>
      <styleUrl>#area_amarilla</styleUrl>
      <Polygon>
        <outerBoundaryIs>
          <LinearRing>
            <coordinates>-7.036253333333334,40.57168231574221,0 -7.035944946722165,40.57166182125827,0 -7.035645930834561,40.57160096055795,0 -7.03536537160276,40.57150158296938,0 -7.035111794037608,40.57136670819351,0 -7.034892903156946,40.571200434532344,0 -7.034715349849388,40.57100781433999,0 -7.034584528790456,40.570794700483724,0 -7.0345044145512325,40.57056756848343,0 -7.034477440876541,40.57033331973649,0 -7.0345044267954275,40.570099071809544,0 -7.034584551802014,40.569871942170316,0 -7.034715380852777,40.569658831931406,0 -7.034892938412699,40.569466216176416,0 -7.035111829293361,40.56929994723738,0 -7.035365402606148,40.56916507689886,0 -7.03564595384612,40.56906570292766,0 -7.035944958966359,40.56900484458841,0 -7.036253333333334,40.56898435092446,0 -7.036561707700308,40.56900484458841,0 -7.036860712820547,40.56906570292766,0 -7.037141264060519,40.56916507689886,0 -7.037394837373307,40.56929994723738,0 -7.037613728253969,40.569466216176416,0 -7.03779128581389,40.569658831931406,0 -7.037922114864654,40.569871942170316,0 -7.03800223987124,40.570099071809544,0 -7.038029225790126,40.57033331973649,0 -7.038002252115435,40.57056756848343,0 -7.037922137876212,40.570794700483724,0 -7.037791316817279,40.57100781433999,0 -7.037613763509722,40.571200434532344,0 -7.03739487262906,40.57136670819351,0 -7.0371412950639085,40.57150158296938,0 -7.036860735832106,40.57160096055795,0 -7.036561719944502,40.57166182125827,0 -7.036253333333334,40.57168231574221,0</coordinates>
          </LinearRing>
        </outerBoundaryIs>
      </Polygon>
    </Placemark>
    <Placemark>
      <styleUrl>#pink</styleUrl>
      <name />
      <description>
    &lt;![CDATA[
    &lt;h2&gt;🔥 Incendio activo&lt;/h2&gt;

    &lt;table border="0" cellpadding="4"&gt;

        &lt;tr&gt;
            &lt;td&gt;&lt;b&gt;Focos agrupados&lt;/b&gt;&lt;/td&gt;
            &lt;td&gt;3&lt;/td&gt;
        &lt;/tr&gt;

        &lt;tr&gt;
            &lt;td&gt;&lt;b&gt;FRP máximo&lt;/b&gt;&lt;/td&gt;
            &lt;td&gt;19.1 MW&lt;/td&gt;
        &lt;/tr&gt;

        &lt;tr&gt;
            &lt;td&gt;&lt;b&gt;Confianza&lt;/b&gt;&lt;/td&gt;
            &lt;td&gt;Baja&lt;/td&gt;
        &lt;/tr&gt;

        &lt;tr&gt;
            &lt;td&gt;&lt;b&gt;Fecha&lt;/b&gt;&lt;/td&gt;
            &lt;td&gt;2026-07-28&lt;/td&gt;
        &lt;/tr&gt;

        &lt;tr&gt;
            &lt;td&gt;&lt;b&gt;Hora&lt;/b&gt;&lt;/td&gt;
            &lt;td&gt;1217 UTC&lt;/td&gt;
        &lt;/tr&gt;

        &lt;tr&gt;
            &lt;td&gt;&lt;b&gt;Satélite&lt;/b&gt;&lt;/td&gt;
            &lt;td&gt;N&lt;/td&gt;
        &lt;/tr&gt;

        &lt;tr&gt;
            &lt;td&gt;&lt;b&gt;Instrumento&lt;/b&gt;&lt;/td&gt;
            &lt;td&gt;VIIRS&lt;/td&gt;
        &lt;/tr&gt;

        &lt;tr&gt;
            &lt;td&gt;&lt;b&gt;Población más cercana&lt;/b&gt;&lt;/td&gt;
            &lt;td&gt;Fuentes de Oñoro&lt;/td&gt;
        &lt;/tr&gt;

        &lt;tr&gt;
            &lt;td&gt;&lt;b&gt;Distancia&lt;/b&gt;&lt;/td&gt;
            &lt;td&gt;18.9 km&lt;/td&gt;
        &lt;/tr&gt;

        &lt;tr&gt;
            &lt;td&gt;&lt;b&gt;Latitud&lt;/b&gt;&lt;/td&gt;
            &lt;td&gt;40.570333&lt;/td&gt;
        &lt;/tr&gt;

        &lt;tr&gt;
            &lt;td&gt;&lt;b&gt;Longitud&lt;/b&gt;&lt;/td&gt;
            &lt;td&gt;-7.036253&lt;/td&gt;
        &lt;/tr&gt;

    &lt;/table&gt;

    ]]&gt;
    </description>
      <Point>
        <coordinates>-7.036253333333334,40.57033333333333,0</coordinates>
      </Point>
    </Placemark>
    <Placemark>
      <styleUrl>#area_amarilla</styleUrl>
      <Polygon>
        <outerBoundaryIs>
          <LinearRing>
            <coordinates>-7.038526666666667,40.5761519005829,0 -7.0379889703024485,40.57611616868188,0 -7.03746761324977,40.57601005878708,0 -7.036978438155844,40.57583679531778,0 -7.036536309454567,40.57560164329305,0 -7.036154661585995,40.57531174829679,0 -7.03584509072734,40.57497591928949,0 -7.035617002449046,40.5746043608742,0 -7.035477326001672,40.57420836316144,0 -7.035430303906409,40.57379995866512,0 -7.035477363226375,40.573391556661605,0 -7.035617072408604,40.57299556612658,0 -7.0358451849836,40.57262401870819,0 -7.036154768770258,40.5722882031906,0 -7.03653641663883,40.5719983225498,0 -7.036978532412102,40.571763184014785,0 -7.037467683209329,40.571589931542405,0 -7.037989007527153,40.57148382882532,0 -7.038526666666667,40.57144809941711,0 -7.039064325806182,40.57148382882532,0 -7.039585650124005,40.571589931542405,0 -7.040074800921231,40.571763184014785,0 -7.040516916694504,40.5719983225498,0 -7.040898564563076,40.5722882031906,0 -7.0412081483497335,40.57262401870819,0 -7.04143626092473,40.57299556612658,0 -7.041575970106958,40.573391556661605,0 -7.041623029426925,40.57379995866512,0 -7.0415760073316624,40.57420836316144,0 -7.041436330884289,40.5746043608742,0 -7.041208242605993,40.57497591928949,0 -7.040898671747339,40.57531174829679,0 -7.040517023878768,40.57560164329305,0 -7.04007489517749,40.57583679531778,0 -7.039585720083564,40.57601005878708,0 -7.039064363030885,40.57611616868188,0 -7.038526666666667,40.5761519005829,0</coordinates>
          </LinearRing>
        </outerBoundaryIs>
      </Polygon>
    </Placemark>
    <Placemark>
      <styleUrl>#pink</styleUrl>
      <name />
      <description>
    &lt;![CDATA[
    &lt;h2&gt;🔥 Incendio activo&lt;/h2&gt;

    &lt;table border="0" cellpadding="4"&gt;

        &lt;tr&gt;
            &lt;td&gt;&lt;b&gt;Focos agrupados&lt;/b&gt;&lt;/td&gt;
            &lt;td&gt;3&lt;/td&gt;
        &lt;/tr&gt;

        &lt;tr&gt;
            &lt;td&gt;&lt;b&gt;FRP máximo&lt;/b&gt;&lt;/td&gt;
            &lt;td&gt;32.0 MW&lt;/td&gt;
        &lt;/tr&gt;

        &lt;tr&gt;
            &lt;td&gt;&lt;b&gt;Confianza&lt;/b&gt;&lt;/td&gt;
            &lt;td&gt;Baja&lt;/td&gt;
        &lt;/tr&gt;

        &lt;tr&gt;
            &lt;td&gt;&lt;b&gt;Fecha&lt;/b&gt;&lt;/td&gt;
            &lt;td&gt;2026-07-28&lt;/td&gt;
        &lt;/tr&gt;

        &lt;tr&gt;
            &lt;td&gt;&lt;b&gt;Hora&lt;/b&gt;&lt;/td&gt;
            &lt;td&gt;1217 UTC&lt;/td&gt;
        &lt;/tr&gt;

        &lt;tr&gt;
            &lt;td&gt;&lt;b&gt;Satélite&lt;/b&gt;&lt;/td&gt;
            &lt;td&gt;N&lt;/td&gt;
        &lt;/tr&gt;

        &lt;tr&gt;
            &lt;td&gt;&lt;b&gt;Instrumento&lt;/b&gt;&lt;/td&gt;
            &lt;td&gt;VIIRS&lt;/td&gt;
        &lt;/tr&gt;

        &lt;tr&gt;
            &lt;td&gt;&lt;b&gt;Población más cercana&lt;/b&gt;&lt;/td&gt;
            &lt;td&gt;Fuentes de Oñoro&lt;/td&gt;
        &lt;/tr&gt;

        &lt;tr&gt;
            &lt;td&gt;&lt;b&gt;Distancia&lt;/b&gt;&lt;/td&gt;
            &lt;td&gt;19.1 km&lt;/td&gt;
        &lt;/tr&gt;

        &lt;tr&gt;
            &lt;td&gt;&lt;b&gt;Latitud&lt;/b&gt;&lt;/td&gt;
            &lt;td&gt;40.573800&lt;/td&gt;
        &lt;/tr&gt;

        &lt;tr&gt;
            &lt;td&gt;&lt;b&gt;Longitud&lt;/b&gt;&lt;/td&gt;
            &lt;td&gt;-7.038527&lt;/td&gt;
        &lt;/tr&gt;

    &lt;/table&gt;

    ]]&gt;
    </description>
      <Point>
        <coordinates>-7.038526666666667,40.5738,0</coordinates>
      </Point>
    </Placemark>
    <Placemark>
      <styleUrl>#area_amarilla</styleUrl>
      <Polygon>
        <outerBoundaryIs>
          <LinearRing>
            <coordinates>-7.06306,40.57797501025373,0 -7.062414122795981,40.57793209020173,0 -7.061787872667505,40.57780463431209,0 -7.061200280038992,40.577596515734825,0 -7.060669200196834,40.57731405876354,0 -7.060210770574762,40.576965846588614,0 -7.059838920324606,40.576562460395294,0 -7.059564947086142,40.57611615774709,0 -7.059397173815613,40.575640500039945,0 -7.059340696087785,40.575149940359736,0 -7.059397227526567,40.57465938427627,0 -7.059565048029715,40.574183736925555,0 -7.059839056325516,40.57373745014431,0 -7.060210925229289,40.5733340834147,0 -7.060669354851362,40.57298589195261,0 -7.0612004160399024,40.57270345444504,0 -7.06178797361108,40.57249535173474,0 -7.062414176506935,40.57236790620152,0 -7.06306,40.572324989746264,0 -7.063705823493065,40.57236790620152,0 -7.064332026388921,40.57249535173474,0 -7.064919583960098,40.57270345444504,0 -7.065450645148639,40.57298589195261,0 -7.065909074770711,40.5733340834147,0 -7.066280943674485,40.57373745014431,0 -7.066554951970285,40.574183736925555,0 -7.066722772473433,40.57465938427627,0 -7.066779303912215,40.575149940359736,0 -7.066722826184387,40.575640500039945,0 -7.066555052913858,40.57611615774709,0 -7.066281079675394,40.576562460395294,0 -7.065909229425239,40.576965846588614,0 -7.065450799803166,40.57731405876354,0 -7.064919719961008,40.577596515734825,0 -7.064332127332495,40.57780463431209,0 -7.063705877204019,40.57793209020173,0 -7.06306,40.57797501025373,0</coordinates>
          </LinearRing>
        </outerBoundaryIs>
      </Polygon>
    </Placemark>
    <Placemark>
      <styleUrl>#yellow</styleUrl>
      <name />
      <description>
    &lt;![CDATA[
    &lt;h2&gt;🔥 Incendio activo&lt;/h2&gt;

    &lt;table border="0" cellpadding="4"&gt;

        &lt;tr&gt;
            &lt;td&gt;&lt;b&gt;Focos agrupados&lt;/b&gt;&lt;/td&gt;
            &lt;td&gt;3&lt;/td&gt;
        &lt;/tr&gt;

        &lt;tr&gt;
            &lt;td&gt;&lt;b&gt;FRP máximo&lt;/b&gt;&lt;/td&gt;
            &lt;td&gt;85.4 MW&lt;/td&gt;
        &lt;/tr&gt;

        &lt;tr&gt;
            &lt;td&gt;&lt;b&gt;Confianza&lt;/b&gt;&lt;/td&gt;
            &lt;td&gt;Media&lt;/td&gt;
        &lt;/tr&gt;

        &lt;tr&gt;
            &lt;td&gt;&lt;b&gt;Fecha&lt;/b&gt;&lt;/td&gt;
            &lt;td&gt;2026-07-28&lt;/td&gt;
        &lt;/tr&gt;

        &lt;tr&gt;
            &lt;td&gt;&lt;b&gt;Hora&lt;/b&gt;&lt;/td&gt;
            &lt;td&gt;1217 UTC&lt;/td&gt;
        &lt;/tr&gt;

        &lt;tr&gt;
            &lt;td&gt;&lt;b&gt;Satélite&lt;/b&gt;&lt;/td&gt;
            &lt;td&gt;N&lt;/td&gt;
        &lt;/tr&gt;

        &lt;tr&gt;
            &lt;td&gt;&lt;b&gt;Instrumento&lt;/b&gt;&lt;/td&gt;
            &lt;td&gt;VIIRS&lt;/td&gt;
        &lt;/tr&gt;

        &lt;tr&gt;
            &lt;td&gt;&lt;b&gt;Población más cercana&lt;/b&gt;&lt;/td&gt;
            &lt;td&gt;Fuentes de Oñoro&lt;/td&gt;
        &lt;/tr&gt;

        &lt;tr&gt;
            &lt;td&gt;&lt;b&gt;Distancia&lt;/b&gt;&lt;/td&gt;
            &lt;td&gt;21.1 km&lt;/td&gt;
        &lt;/tr&gt;

        &lt;tr&gt;
            &lt;td&gt;&lt;b&gt;Latitud&lt;/b&gt;&lt;/td&gt;
            &lt;td&gt;40.575150&lt;/td&gt;
        &lt;/tr&gt;

        &lt;tr&gt;
            &lt;td&gt;&lt;b&gt;Longitud&lt;/b&gt;&lt;/td&gt;
            &lt;td&gt;-7.063060&lt;/td&gt;
        &lt;/tr&gt;

    &lt;/table&gt;

    ]]&gt;
    </description>
      <Point>
        <coordinates>-7.06306,40.57515,0</coordinates>
      </Point>
    </Placemark>
    <Placemark>
      <styleUrl>#area_amarilla</styleUrl>
      <Polygon>
        <outerBoundaryIs>
          <LinearRing>
            <coordinates>-7.0381599999999995,40.579621274549446,0 -7.037808755462781,40.579597934555146,0 -7.037468184029861,40.57952862379414,0 -7.037148634422199,40.579415448377055,0 -7.036859816460745,40.57926184729338,0 -7.036610505982003,40.57907248789405,0 -7.036408278158674,40.578853124045004,0 -7.036259277331866,40.578610421265495,0 -7.036168030348446,40.578351754168374,0 -7.0361373090715205,40.57808498236067,0 -7.036168046234812,40.57781821161675,0 -7.036259307188468,40.577559547582666,0 -7.036408318384365,40.577316849496,0 -7.036610551724971,40.577097491403585,0 -7.036859862203712,40.576908138130335,0 -7.037148674647891,40.57675454280329,0 -7.037468213886462,40.576641372079045,0 -7.037808771349148,40.57657206438108,0 -7.0381599999999995,40.57654872545056,0 -7.038511228650851,40.57657206438108,0 -7.038851786113537,40.576641372079045,0 -7.039171325352109,40.57675454280329,0 -7.039460137796287,40.576908138130335,0 -7.039709448275028,40.577097491403585,0 -7.039911681615634,40.577316849496,0 -7.040060692811531,40.577559547582666,0 -7.0401519537651875,40.57781821161675,0 -7.040182690928479,40.57808498236067,0 -7.040151969651553,40.578351754168374,0 -7.040060722668133,40.578610421265495,0 -7.039911721841325,40.578853124045004,0 -7.039709494017996,40.57907248789405,0 -7.039460183539254,40.57926184729338,0 -7.0391713655778,40.579415448377055,0 -7.038851815970139,40.57952862379414,0 -7.038511244537218,40.579597934555146,0 -7.0381599999999995,40.579621274549446,0</coordinates>
          </LinearRing>
        </outerBoundaryIs>
      </Polygon>
    </Placemark>
    <Placemark>
      <styleUrl>#pink</styleUrl>
      <name />
      <description>
    &lt;![CDATA[
    &lt;h2&gt;🔥 Incendio activo&lt;/h2&gt;

    &lt;table border="0" cellpadding="4"&gt;

        &lt;tr&gt;
            &lt;td&gt;&lt;b&gt;Focos agrupados&lt;/b&gt;&lt;/td&gt;
            &lt;td&gt;2&lt;/td&gt;
        &lt;/tr&gt;

        &lt;tr&gt;
            &lt;td&gt;&lt;b&gt;FRP máximo&lt;/b&gt;&lt;/td&gt;
            &lt;td&gt;39.7 MW&lt;/td&gt;
        &lt;/tr&gt;

        &lt;tr&gt;
            &lt;td&gt;&lt;b&gt;Confianza&lt;/b&gt;&lt;/td&gt;
            &lt;td&gt;Baja&lt;/td&gt;
        &lt;/tr&gt;

        &lt;tr&gt;
            &lt;td&gt;&lt;b&gt;Fecha&lt;/b&gt;&lt;/td&gt;
            &lt;td&gt;2026-07-28&lt;/td&gt;
        &lt;/tr&gt;

        &lt;tr&gt;
            &lt;td&gt;&lt;b&gt;Hora&lt;/b&gt;&lt;/td&gt;
            &lt;td&gt;1357 UTC&lt;/td&gt;
        &lt;/tr&gt;

        &lt;tr&gt;
            &lt;td&gt;&lt;b&gt;Satélite&lt;/b&gt;&lt;/td&gt;
            &lt;td&gt;N&lt;/td&gt;
        &lt;/tr&gt;

        &lt;tr&gt;
            &lt;td&gt;&lt;b&gt;Instrumento&lt;/b&gt;&lt;/td&gt;
            &lt;td&gt;VIIRS&lt;/td&gt;
        &lt;/tr&gt;

        &lt;tr&gt;
            &lt;td&gt;&lt;b&gt;Población más cercana&lt;/b&gt;&lt;/td&gt;
            &lt;td&gt;Fuentes de Oñoro&lt;/td&gt;
        &lt;/tr&gt;

        &lt;tr&gt;
            &lt;td&gt;&lt;b&gt;Distancia&lt;/b&gt;&lt;/td&gt;
            &lt;td&gt;19.0 km&lt;/td&gt;
        &lt;/tr&gt;

        &lt;tr&gt;
            &lt;td&gt;&lt;b&gt;Latitud&lt;/b&gt;&lt;/td&gt;
            &lt;td&gt;40.578085&lt;/td&gt;
        &lt;/tr&gt;

        &lt;tr&gt;
            &lt;td&gt;&lt;b&gt;Longitud&lt;/b&gt;&lt;/td&gt;
            &lt;td&gt;-7.038160&lt;/td&gt;
        &lt;/tr&gt;

    &lt;/table&gt;

    ]]&gt;
    </description>
      <Point>
        <coordinates>-7.0381599999999995,40.578085,0</coordinates>
      </Point>
    </Placemark>
    <Placemark>
      <styleUrl>#area_amarilla</styleUrl>
      <Polygon>
        <outerBoundaryIs>
          <LinearRing>
            <coordinates>-7.036003333333333,40.58551460642178,0 -7.0353506160467685,40.58547123669912,0 -7.034717733720177,40.585342445463965,0 -7.034123918339676,40.58513214645011,0 -7.033587214300755,40.58484673021788,0 -7.033123929943561,40.58449486989205,0 -7.032748141928592,40.58408725752501,0 -7.032471267524548,40.583636279109186,0 -7.03230171780419,40.58315563812659,0 -7.032244642273096,40.582659939087385,0 -7.032301772667153,40.582164243721664,0 -7.032471370633191,40.58168361331643,0 -7.032748280846491,40.58123265110606,0 -7.0331240879151675,40.580825058617975,0 -7.03358737227236,40.58047321944686,0 -7.034124057257575,40.58018782309358,0 -7.03471783682882,40.57997754028518,0 -7.035350670909731,40.57984875962739,0 -7.036003333333333,40.5798053935782,0 -7.036655995756936,40.57984875962739,0 -7.037288829837847,40.57997754028518,0 -7.037882609409092,40.58018782309358,0 -7.0384192943943065,40.58047321944686,0 -7.038882578751499,40.580825058617975,0 -7.039258385820177,40.58123265110606,0 -7.039535296033476,40.58168361331643,0 -7.039704893999515,40.582164243721664,0 -7.039762024393571,40.582659939087385,0 -7.039704948862478,40.58315563812659,0 -7.039535399142118,40.583636279109186,0 -7.0392585247380755,40.58408725752501,0 -7.038882736723106,40.58449486989205,0 -7.038419452365912,40.58484673021788,0 -7.03788274832699,40.58513214645011,0 -7.03728893294649,40.585342445463965,0 -7.036656050619899,40.58547123669912,0 -7.036003333333333,40.58551460642178,0</coordinates>
          </LinearRing>
        </outerBoundaryIs>
      </Polygon>
    </Placemark>
    <Placemark>
      <styleUrl>#pink</styleUrl>
      <name />
      <description>
    &lt;![CDATA[
    &lt;h2&gt;🔥 Incendio activo&lt;/h2&gt;

    &lt;table border="0" cellpadding="4"&gt;

        &lt;tr&gt;
            &lt;td&gt;&lt;b&gt;Focos agrupados&lt;/b&gt;&lt;/td&gt;
            &lt;td&gt;3&lt;/td&gt;
        &lt;/tr&gt;

        &lt;tr&gt;
            &lt;td&gt;&lt;b&gt;FRP máximo&lt;/b&gt;&lt;/td&gt;
            &lt;td&gt;39.7 MW&lt;/td&gt;
        &lt;/tr&gt;

        &lt;tr&gt;
            &lt;td&gt;&lt;b&gt;Confianza&lt;/b&gt;&lt;/td&gt;
            &lt;td&gt;Baja&lt;/td&gt;
        &lt;/tr&gt;

        &lt;tr&gt;
            &lt;td&gt;&lt;b&gt;Fecha&lt;/b&gt;&lt;/td&gt;
            &lt;td&gt;2026-07-28&lt;/td&gt;
        &lt;/tr&gt;

        &lt;tr&gt;
            &lt;td&gt;&lt;b&gt;Hora&lt;/b&gt;&lt;/td&gt;
            &lt;td&gt;1357 UTC&lt;/td&gt;
        &lt;/tr&gt;

        &lt;tr&gt;
            &lt;td&gt;&lt;b&gt;Satélite&lt;/b&gt;&lt;/td&gt;
            &lt;td&gt;N&lt;/td&gt;
        &lt;/tr&gt;

        &lt;tr&gt;
            &lt;td&gt;&lt;b&gt;Instrumento&lt;/b&gt;&lt;/td&gt;
            &lt;td&gt;VIIRS&lt;/td&gt;
        &lt;/tr&gt;

        &lt;tr&gt;
            &lt;td&gt;&lt;b&gt;Población más cercana&lt;/b&gt;&lt;/td&gt;
            &lt;td&gt;Fuentes de Oñoro&lt;/td&gt;
        &lt;/tr&gt;

        &lt;tr&gt;
            &lt;td&gt;&lt;b&gt;Distancia&lt;/b&gt;&lt;/td&gt;
            &lt;td&gt;18.8 km&lt;/td&gt;
        &lt;/tr&gt;

        &lt;tr&gt;
            &lt;td&gt;&lt;b&gt;Latitud&lt;/b&gt;&lt;/td&gt;
            &lt;td&gt;40.582660&lt;/td&gt;
        &lt;/tr&gt;

        &lt;tr&gt;
            &lt;td&gt;&lt;b&gt;Longitud&lt;/b&gt;&lt;/td&gt;
            &lt;td&gt;-7.036003&lt;/td&gt;
        &lt;/tr&gt;

    &lt;/table&gt;

    ]]&gt;
    </description>
      <Point>
        <coordinates>-7.036003333333333,40.58266,0</coordinates>
      </Point>
    </Placemark>
    <Placemark>
      <styleUrl>#area_amarilla</styleUrl>
      <Polygon>
        <outerBoundaryIs>
          <LinearRing>
            <coordinates>-7.039809999999999,40.5913683121434,0 -7.039493672298745,40.59134729609221,0 -7.03918695663611,40.59128488653967,0 -7.038899172923644,40.59118297988054,0 -7.0386390657033475,40.59104467266884,0 -7.038414538403414,40.59087416750988,0 -7.038232413172201,40.590676645340814,0 -7.038098223590727,40.590458107983466,0 -7.038016046561968,40.59022519575657,0 -7.037988378482013,40.58998498569237,0 -7.0380160594500145,40.589744776491024,0 -7.038098247812332,40.589511866748616,0 -7.038232445805882,40.58929333319774,0 -7.038414575513065,40.58909581569798,0 -7.038639102813,40.58892531550801,0 -7.038899205557324,40.58878701296562,0 -7.039186980857714,40.58868511011296,0 -7.039493685186791,40.58862270304492,0 -7.039809999999999,40.58860168785658,0 -7.040126314813208,40.58862270304492,0 -7.040433019142285,40.58868511011296,0 -7.0407207944426755,40.58878701296562,0 -7.040980897186999,40.58892531550801,0 -7.041205424486934,40.58909581569798,0 -7.0413875541941175,40.58929333319774,0 -7.041521752187667,40.589511866748616,0 -7.041603940549984,40.589744776491024,0 -7.041631621517986,40.58998498569237,0 -7.041603953438031,40.59022519575657,0 -7.0415217764092715,40.590458107983466,0 -7.041387586827798,40.590676645340814,0 -7.041205461596586,40.59087416750988,0 -7.040980934296651,40.59104467266884,0 -7.040720827076355,40.59118297988054,0 -7.0404330433638895,40.59128488653967,0 -7.0401263277012545,40.59134729609221,0 -7.039809999999999,40.5913683121434,0</coordinates>
          </LinearRing>
        </outerBoundaryIs>
      </Polygon>
    </Placemark>
    <Placemark>
      <styleUrl>#pink</styleUrl>
      <name />
      <description>
    &lt;![CDATA[
    &lt;h2&gt;🔥 Incendio activo&lt;/h2&gt;

    &lt;table border="0" cellpadding="4"&gt;

        &lt;tr&gt;
            &lt;td&gt;&lt;b&gt;Focos agrupados&lt;/b&gt;&lt;/td&gt;
            &lt;td&gt;2&lt;/td&gt;
        &lt;/tr&gt;

        &lt;tr&gt;
            &lt;td&gt;&lt;b&gt;FRP máximo&lt;/b&gt;&lt;/td&gt;
            &lt;td&gt;31.8 MW&lt;/td&gt;
        &lt;/tr&gt;

        &lt;tr&gt;
            &lt;td&gt;&lt;b&gt;Confianza&lt;/b&gt;&lt;/td&gt;
            &lt;td&gt;Baja&lt;/td&gt;
        &lt;/tr&gt;

        &lt;tr&gt;
            &lt;td&gt;&lt;b&gt;Fecha&lt;/b&gt;&lt;/td&gt;
            &lt;td&gt;2026-07-28&lt;/td&gt;
        &lt;/tr&gt;

        &lt;tr&gt;
            &lt;td&gt;&lt;b&gt;Hora&lt;/b&gt;&lt;/td&gt;
            &lt;td&gt;1217 UTC&lt;/td&gt;
        &lt;/tr&gt;

        &lt;tr&gt;
            &lt;td&gt;&lt;b&gt;Satélite&lt;/b&gt;&lt;/td&gt;
            &lt;td&gt;N&lt;/td&gt;
        &lt;/tr&gt;

        &lt;tr&gt;
            &lt;td&gt;&lt;b&gt;Instrumento&lt;/b&gt;&lt;/td&gt;
            &lt;td&gt;VIIRS&lt;/td&gt;
        &lt;/tr&gt;

        &lt;tr&gt;
            &lt;td&gt;&lt;b&gt;Población más cercana&lt;/b&gt;&lt;/td&gt;
            &lt;td&gt;Fuentes de Oñoro&lt;/td&gt;
        &lt;/tr&gt;

        &lt;tr&gt;
            &lt;td&gt;&lt;b&gt;Distancia&lt;/b&gt;&lt;/td&gt;
            &lt;td&gt;19.1 km&lt;/td&gt;
        &lt;/tr&gt;

        &lt;tr&gt;
            &lt;td&gt;&lt;b&gt;Latitud&lt;/b&gt;&lt;/td&gt;
            &lt;td&gt;40.589985&lt;/td&gt;
        &lt;/tr&gt;

        &lt;tr&gt;
            &lt;td&gt;&lt;b&gt;Longitud&lt;/b&gt;&lt;/td&gt;
            &lt;td&gt;-7.039810&lt;/td&gt;
        &lt;/tr&gt;

    &lt;/table&gt;

    ]]&gt;
    </description>
      <Point>
        <coordinates>-7.039809999999999,40.589985,0</coordinates>
      </Point>
    </Placemark>
    <Placemark>
      <styleUrl>#area_amarilla</styleUrl>
      <Polygon>
        <outerBoundaryIs>
          <LinearRing>
            <coordinates>-7.058915,40.591942045133976,0 -7.0584057281190855,40.59190821019599,0 -7.057911931713768,40.59180773354041,0 -7.0574486158633345,40.59164366839013,0 -7.057029859169139,40.59142100022687,0 -7.056668385864774,40.591146495256154,0 -7.056375179133551,40.590828494753666,0 -7.05615914739007,40.59047666154979,0 -7.056026853665725,40.590101686363475,0 -7.055982316313003,40.589714962916474,0 -7.056026887069755,40.589328241705886,0 -7.056159210169111,40.58895327295905,0 -7.056375263715523,40.588601449621045,0 -7.056668482047845,40.58828346122083,0 -7.057029955352211,40.588008969129085,0 -7.057448700445307,40.58778631306811,0 -7.057911994492809,40.58762225778369,0 -7.058405761523115,40.587521787567596,0 -7.058915,40.58748795486603,0 -7.059424238476885,40.587521787567596,0 -7.059918005507192,40.58762225778369,0 -7.0603812995546935,40.58778631306811,0 -7.06080004464779,40.588008969129085,0 -7.061161517952155,40.58828346122083,0 -7.061454736284477,40.588601449621045,0 -7.06167078983089,40.58895327295905,0 -7.061803112930246,40.589328241705886,0 -7.061847683686998,40.589714962916474,0 -7.061803146334276,40.590101686363475,0 -7.0616708526099305,40.59047666154979,0 -7.06145482086645,40.590828494753666,0 -7.0611616141352265,40.591146495256154,0 -7.06080014083086,40.59142100022687,0 -7.060381384136666,40.59164366839013,0 -7.059918068286232,40.59180773354041,0 -7.059424271880915,40.59190821019599,0 -7.058915,40.591942045133976,0</coordinates>
          </LinearRing>
        </outerBoundaryIs>
      </Polygon>
    </Placemark>
    <Placemark>
      <styleUrl>#pink</styleUrl>
      <name />
      <description>
    &lt;![CDATA[
    &lt;h2&gt;🔥 Incendio activo&lt;/h2&gt;

    &lt;table border="0" cellpadding="4"&gt;

        &lt;tr&gt;
            &lt;td&gt;&lt;b&gt;Focos agrupados&lt;/b&gt;&lt;/td&gt;
            &lt;td&gt;2&lt;/td&gt;
        &lt;/tr&gt;

        &lt;tr&gt;
            &lt;td&gt;&lt;b&gt;FRP máximo&lt;/b&gt;&lt;/td&gt;
            &lt;td&gt;32.6 MW&lt;/td&gt;
        &lt;/tr&gt;

        &lt;tr&gt;
            &lt;td&gt;&lt;b&gt;Confianza&lt;/b&gt;&lt;/td&gt;
            &lt;td&gt;Baja&lt;/td&gt;
        &lt;/tr&gt;

        &lt;tr&gt;
            &lt;td&gt;&lt;b&gt;Fecha&lt;/b&gt;&lt;/td&gt;
            &lt;td&gt;2026-07-28&lt;/td&gt;
        &lt;/tr&gt;

        &lt;tr&gt;
            &lt;td&gt;&lt;b&gt;Hora&lt;/b&gt;&lt;/td&gt;
            &lt;td&gt;1217 UTC&lt;/td&gt;
        &lt;/tr&gt;

        &lt;tr&gt;
            &lt;td&gt;&lt;b&gt;Satélite&lt;/b&gt;&lt;/td&gt;
            &lt;td&gt;N&lt;/td&gt;
        &lt;/tr&gt;

        &lt;tr&gt;
            &lt;td&gt;&lt;b&gt;Instrumento&lt;/b&gt;&lt;/td&gt;
            &lt;td&gt;VIIRS&lt;/td&gt;
        &lt;/tr&gt;

        &lt;tr&gt;
            &lt;td&gt;&lt;b&gt;Población más cercana&lt;/b&gt;&lt;/td&gt;
            &lt;td&gt;Fuentes de Oñoro&lt;/td&gt;
        &lt;/tr&gt;

        &lt;tr&gt;
            &lt;td&gt;&lt;b&gt;Distancia&lt;/b&gt;&lt;/td&gt;
            &lt;td&gt;20.7 km&lt;/td&gt;
        &lt;/tr&gt;

        &lt;tr&gt;
            &lt;td&gt;&lt;b&gt;Latitud&lt;/b&gt;&lt;/td&gt;
            &lt;td&gt;40.589715&lt;/td&gt;
        &lt;/tr&gt;

        &lt;tr&gt;
            &lt;td&gt;&lt;b&gt;Longitud&lt;/b&gt;&lt;/td&gt;
            &lt;td&gt;-7.058915&lt;/td&gt;
        &lt;/tr&gt;

    &lt;/table&gt;

    ]]&gt;
    </description>
      <Point>
        <coordinates>-7.058915,40.589715,0</coordinates>
      </Point>
    </Placemark>
    <Placemark>
      <styleUrl>#area_amarilla</styleUrl>
      <Polygon>
        <outerBoundaryIs>
          <LinearRing>
            <coordinates>-7.044565,40.59910362533757,0 -7.044122778803153,40.599074248380646,0 -7.043693995410213,40.59898701018992,0 -7.043291679187106,40.59884456167276,0 -7.042928055050519,40.59865123139096,0 -7.042614171930514,40.59841289399903,0 -7.042359567006776,40.59813679169618,0 -7.0421719759262595,40.5978313141229,0 -7.04205709780711,40.59750574339626,0 -7.042018422163338,40.59716997203712,0 -7.042057122998275,40.59683420236435,0 -7.042172023270166,40.59650863649342,0 -7.042359630793048,40.5962031663595,0 -7.042614244465586,40.5959270731824,0 -7.042928127585592,40.595688745501874,0 -7.043291742973377,40.59549542434581,0 -7.043694042754119,40.59535298326803,0 -7.044122803994319,40.595265749933006,0 -7.044565,40.59523637466245,0 -7.045007196005682,40.595265749933006,0 -7.045435957245883,40.59535298326803,0 -7.045838257026624,40.59549542434581,0 -7.04620187241441,40.595688745501874,0 -7.046515755534415,40.5959270731824,0 -7.046770369206953,40.5962031663595,0 -7.046957976729836,40.59650863649342,0 -7.0470728770017255,40.59683420236435,0 -7.047111577836663,40.59716997203712,0 -7.047072902192891,40.59750574339626,0 -7.046958024073741,40.5978313141229,0 -7.046770432993226,40.59813679169618,0 -7.046515828069488,40.59841289399903,0 -7.046201944949482,40.59865123139096,0 -7.045838320812895,40.59884456167276,0 -7.045436004589789,40.59898701018992,0 -7.045007221196848,40.599074248380646,0 -7.044565,40.59910362533757,0</coordinates>
          </LinearRing>
        </outerBoundaryIs>
      </Polygon>
    </Placemark>
    <Placemark>
      <styleUrl>#pink</styleUrl>
      <name />
      <description>
    &lt;![CDATA[
    &lt;h2&gt;🔥 Incendio activo&lt;/h2&gt;

    &lt;table border="0" cellpadding="4"&gt;

        &lt;tr&gt;
            &lt;td&gt;&lt;b&gt;Focos agrupados&lt;/b&gt;&lt;/td&gt;
            &lt;td&gt;2&lt;/td&gt;
        &lt;/tr&gt;

        &lt;tr&gt;
            &lt;td&gt;&lt;b&gt;FRP máximo&lt;/b&gt;&lt;/td&gt;
            &lt;td&gt;31.8 MW&lt;/td&gt;
        &lt;/tr&gt;

        &lt;tr&gt;
            &lt;td&gt;&lt;b&gt;Confianza&lt;/b&gt;&lt;/td&gt;
            &lt;td&gt;Baja&lt;/td&gt;
        &lt;/tr&gt;

        &lt;tr&gt;
            &lt;td&gt;&lt;b&gt;Fecha&lt;/b&gt;&lt;/td&gt;
            &lt;td&gt;2026-07-28&lt;/td&gt;
        &lt;/tr&gt;

        &lt;tr&gt;
            &lt;td&gt;&lt;b&gt;Hora&lt;/b&gt;&lt;/td&gt;
            &lt;td&gt;1217 UTC&lt;/td&gt;
        &lt;/tr&gt;

        &lt;tr&gt;
            &lt;td&gt;&lt;b&gt;Satélite&lt;/b&gt;&lt;/td&gt;
            &lt;td&gt;N&lt;/td&gt;
        &lt;/tr&gt;

        &lt;tr&gt;
            &lt;td&gt;&lt;b&gt;Instrumento&lt;/b&gt;&lt;/td&gt;
            &lt;td&gt;VIIRS&lt;/td&gt;
        &lt;/tr&gt;

        &lt;tr&gt;
            &lt;td&gt;&lt;b&gt;Población más cercana&lt;/b&gt;&lt;/td&gt;
            &lt;td&gt;Fuentes de Oñoro&lt;/td&gt;
        &lt;/tr&gt;

        &lt;tr&gt;
            &lt;td&gt;&lt;b&gt;Distancia&lt;/b&gt;&lt;/td&gt;
            &lt;td&gt;19.5 km&lt;/td&gt;
        &lt;/tr&gt;

        &lt;tr&gt;
            &lt;td&gt;&lt;b&gt;Latitud&lt;/b&gt;&lt;/td&gt;
            &lt;td&gt;40.597170&lt;/td&gt;
        &lt;/tr&gt;

        &lt;tr&gt;
            &lt;td&gt;&lt;b&gt;Longitud&lt;/b&gt;&lt;/td&gt;
            &lt;td&gt;-7.044565&lt;/td&gt;
        &lt;/tr&gt;

    &lt;/table&gt;

    ]]&gt;
    </description>
      <Point>
        <coordinates>-7.044565,40.597170000000006,0</coordinates>
      </Point>
    </Placemark>
    <Placemark>
      <styleUrl>#area_amarilla</styleUrl>
      <Polygon>
        <outerBoundaryIs>
          <LinearRing>
            <coordinates>3.93413,43.61342596115572,0 3.934642293250872,43.61339350996253,0 3.9351390191137057,43.61329714249925,0 3.9356050834027165,43.613139787139666,0 3.9360263239350766,43.61292622550205,0 3.93638994096896,43.612662947107225,0 3.936684886184929,43.612357952130296,0 3.9369021983834918,43.61202050824775,0 3.9370352756988436,43.61166086897648,0 3.937080076065899,43.61128996207082,0 3.937035239864877,43.61091905745257,0 3.9369021310376637,43.61055942476763,0 3.93668479545014,43.61022199097594,0 3.9363898377891644,43.609917008377266,0 3.936026220755281,43.60965374315509,0 3.9356049926679275,43.60944019389573,0 3.9351389517678768,43.609282848627,0 3.934642257416904,43.60918648775005,0 3.93413,43.60915403884427,0 3.933617742583096,43.60918648775005,0 3.933121048232123,43.609282848627,0 3.9326550073320723,43.60944019389573,0 3.9322337792447186,43.60965374315509,0 3.9318701622108354,43.609917008377266,0 3.9315752045498598,43.61022199097594,0 3.931357868962336,43.61055942476763,0 3.9312247601351227,43.61091905745257,0 3.931179923934101,43.61128996207082,0 3.931224724301156,43.61166086897648,0 3.931357801616508,43.61202050824775,0 3.9315751138150707,43.612357952130296,0 3.9318700590310396,43.612662947107225,0 3.9322336760649232,43.61292622550205,0 3.9326549165972833,43.613139787139666,0 3.933120980886294,43.61329714249925,0 3.9336177067491285,43.61339350996253,0 3.93413,43.61342596115572,0</coordinates>
          </LinearRing>
        </outerBoundaryIs>
      </Polygon>
    </Placemark>
    <Placemark>
      <styleUrl>#pink</styleUrl>
      <name />
      <description>
    &lt;![CDATA[
    &lt;h2&gt;🔥 Incendio activo&lt;/h2&gt;

    &lt;table border="0" cellpadding="4"&gt;

        &lt;tr&gt;
            &lt;td&gt;&lt;b&gt;Focos agrupados&lt;/b&gt;&lt;/td&gt;
            &lt;td&gt;2&lt;/td&gt;
        &lt;/tr&gt;

        &lt;tr&gt;
            &lt;td&gt;&lt;b&gt;FRP máximo&lt;/b&gt;&lt;/td&gt;
            &lt;td&gt;5.9 MW&lt;/td&gt;
        &lt;/tr&gt;

        &lt;tr&gt;
            &lt;td&gt;&lt;b&gt;Confianza&lt;/b&gt;&lt;/td&gt;
            &lt;td&gt;Baja&lt;/td&gt;
        &lt;/tr&gt;

        &lt;tr&gt;
            &lt;td&gt;&lt;b&gt;Fecha&lt;/b&gt;&lt;/td&gt;
            &lt;td&gt;2026-07-28&lt;/td&gt;
        &lt;/tr&gt;

        &lt;tr&gt;
            &lt;td&gt;&lt;b&gt;Hora&lt;/b&gt;&lt;/td&gt;
            &lt;td&gt;1217 UTC&lt;/td&gt;
        &lt;/tr&gt;

        &lt;tr&gt;
            &lt;td&gt;&lt;b&gt;Satélite&lt;/b&gt;&lt;/td&gt;
            &lt;td&gt;N&lt;/td&gt;
        &lt;/tr&gt;

        &lt;tr&gt;
            &lt;td&gt;&lt;b&gt;Instrumento&lt;/b&gt;&lt;/td&gt;
            &lt;td&gt;VIIRS&lt;/td&gt;
        &lt;/tr&gt;

        &lt;tr&gt;
            &lt;td&gt;&lt;b&gt;Población más cercana&lt;/b&gt;&lt;/td&gt;
            &lt;td&gt;Portbou&lt;/td&gt;
        &lt;/tr&gt;

        &lt;tr&gt;
            &lt;td&gt;&lt;b&gt;Distancia&lt;/b&gt;&lt;/td&gt;
            &lt;td&gt;145.9 km&lt;/td&gt;
        &lt;/tr&gt;

        &lt;tr&gt;
            &lt;td&gt;&lt;b&gt;Latitud&lt;/b&gt;&lt;/td&gt;
            &lt;td&gt;43.611290&lt;/td&gt;
        &lt;/tr&gt;

        &lt;tr&gt;
            &lt;td&gt;&lt;b&gt;Longitud&lt;/b&gt;&lt;/td&gt;
            &lt;td&gt;3.934130&lt;/td&gt;
        &lt;/tr&gt;

    &lt;/table&gt;

    ]]&gt;
    </description>
      <Point>
        <coordinates>3.9341299999999997,43.61129,0</coordinates>
      </Point>
    </Placemark>
    <Placemark>
      <styleUrl>#area_amarilla</styleUrl>
      <Polygon>
        <outerBoundaryIs>
          <LinearRing>
            <coordinates>-0.258235,39.88490398240888,0 -0.25792972455685115,39.88488348793478,0 -0.25763372528729467,39.88482262726282,0 -0.25735599644870144,39.884723249717695,0 -0.2571049770396474,39.884588374995104,0 -0.25688829434319443,39.88442210139064,0 -0.25671253215340073,39.88422948125158,0 -0.2565830307300771,39.884016367438754,0 -0.25650372456006065,39.8837892354668,0 -0.25647702285184837,39.88355498672971,0 -0.25650373638963014,39.883320738792925,0 -0.25658305296239536,39.88309360912533,0 -0.25671256210692206,39.882880498842994,0 -0.2568883284050822,39.88268788303471,0 -0.25710501110153516,39.88252161403898,0 -0.2573560264022228,39.88238674364717,0 -0.25763374751961293,39.88228736963252,0 -0.2579297363864206,39.882226511264925,0 -0.258235,39.88220601759112,0 -0.2585402636135794,39.882226511264925,0 -0.25883625248038705,39.88228736963252,0 -0.25911397359777716,39.88238674364717,0 -0.2593649888984648,39.88252161403898,0 -0.2595816715949178,39.88268788303471,0 -0.2597574378930779,39.882880498842994,0 -0.2598869470376046,39.88309360912533,0 -0.25996626361036984,39.883320738792925,0 -0.2599929771481516,39.88355498672971,0 -0.25996627543993933,39.8837892354668,0 -0.2598869692699229,39.884016367438754,0 -0.25975746784659925,39.88422948125158,0 -0.25958170565680555,39.88442210139064,0 -0.2593650229603526,39.884588374995104,0 -0.25911400355129854,39.884723249717695,0 -0.2588362747127053,39.88482262726282,0 -0.25854027544314884,39.88488348793478,0 -0.258235,39.88490398240888,0</coordinates>
          </LinearRing>
        </outerBoundaryIs>
      </Polygon>
    </Placemark>
    <Placemark>
      <styleUrl>#pink</styleUrl>
      <name />
      <description>
    &lt;![CDATA[
    &lt;h2&gt;🔥 Incendio activo&lt;/h2&gt;

    &lt;table border="0" cellpadding="4"&gt;

        &lt;tr&gt;
            &lt;td&gt;&lt;b&gt;Focos agrupados&lt;/b&gt;&lt;/td&gt;
            &lt;td&gt;2&lt;/td&gt;
        &lt;/tr&gt;

        &lt;tr&gt;
            &lt;td&gt;&lt;b&gt;FRP máximo&lt;/b&gt;&lt;/td&gt;
            &lt;td&gt;3.5 MW&lt;/td&gt;
        &lt;/tr&gt;

        &lt;tr&gt;
            &lt;td&gt;&lt;b&gt;Confianza&lt;/b&gt;&lt;/td&gt;
            &lt;td&gt;Baja&lt;/td&gt;
        &lt;/tr&gt;

        &lt;tr&gt;
            &lt;td&gt;&lt;b&gt;Fecha&lt;/b&gt;&lt;/td&gt;
            &lt;td&gt;2026-07-28&lt;/td&gt;
        &lt;/tr&gt;

        &lt;tr&gt;
            &lt;td&gt;&lt;b&gt;Hora&lt;/b&gt;&lt;/td&gt;
            &lt;td&gt;1357 UTC&lt;/td&gt;
        &lt;/tr&gt;

        &lt;tr&gt;
            &lt;td&gt;&lt;b&gt;Satélite&lt;/b&gt;&lt;/td&gt;
            &lt;td&gt;N&lt;/td&gt;
        &lt;/tr&gt;

        &lt;tr&gt;
            &lt;td&gt;&lt;b&gt;Instrumento&lt;/b&gt;&lt;/td&gt;
            &lt;td&gt;VIIRS&lt;/td&gt;
        &lt;/tr&gt;

        &lt;tr&gt;
            &lt;td&gt;&lt;b&gt;Población más cercana&lt;/b&gt;&lt;/td&gt;
            &lt;td&gt;Artana&lt;/td&gt;
        &lt;/tr&gt;

        &lt;tr&gt;
            &lt;td&gt;&lt;b&gt;Distancia&lt;/b&gt;&lt;/td&gt;
            &lt;td&gt;865 m&lt;/td&gt;
        &lt;/tr&gt;

        &lt;tr&gt;
            &lt;td&gt;&lt;b&gt;Latitud&lt;/b&gt;&lt;/td&gt;
            &lt;td&gt;39.883555&lt;/td&gt;
        &lt;/tr&gt;

        &lt;tr&gt;
            &lt;td&gt;&lt;b&gt;Longitud&lt;/b&gt;&lt;/td&gt;
            &lt;td&gt;-0.258235&lt;/td&gt;
        &lt;/tr&gt;

    &lt;/table&gt;

    ]]&gt;
    </description>
      <Point>
        <coordinates>-0.258235,39.883555,0</coordinates>
      </Point>
    </Placemark>
    <Placemark>
      <styleUrl>#area_amarilla</styleUrl>
      <Polygon>
        <outerBoundaryIs>
          <LinearRing>
            <coordinates>-0.27478,39.88993898240888,0 -0.2744747021353709,39.889918487934715,0 -0.274178681125734,39.88985762726255,0 -0.27390093188913983,39.889758249717104,0 -0.27364989404403517,39.88962337499412,0 -0.2734331954336986,39.889457101389254,0 -0.2732574203357236,39.88926448124981,0 -0.2731279094020829,39.889051367436664,0 -0.2730485974084919,39.888824235464504,0 -0.27302189374027563,39.88858998672735,0 -0.2730486092410432,39.88835573879063,0 -0.27312793164000515,39.888128609123235,0 -0.2732574502967952,39.88791549884122,0 -0.2734332295041721,39.88772288303333,0 -0.2736499281145087,39.887556614038,0 -0.2739009618502114,39.88742174364657,0 -0.27417870336365624,39.887322369632244,0 -0.27447471396792217,39.88726151126485,0 -0.27478,39.88724101759112,0 -0.27508528603207794,39.88726151126485,0 -0.27538129663634386,39.887322369632244,0 -0.27565903814978865,39.88742174364657,0 -0.2759100718854914,39.887556614038,0 -0.27612677049582796,39.88772288303333,0 -0.2763025497032049,39.88791549884122,0 -0.2764320683599949,39.888128609123235,0 -0.27651139075895687,39.88835573879063,0 -0.2765381062597244,39.88858998672735,0 -0.2765114025915082,39.888824235464504,0 -0.2764320905979172,39.889051367436664,0 -0.27630257966427646,39.88926448124981,0 -0.2761268045663015,39.889457101389254,0 -0.27591010595596493,39.88962337499412,0 -0.2756590681108603,39.889758249717104,0 -0.2753813188742661,39.88985762726255,0 -0.2750852978646292,39.889918487934715,0 -0.27478,39.88993898240888,0</coordinates>
          </LinearRing>
        </outerBoundaryIs>
      </Polygon>
    </Placemark>
    <Placemark>
      <styleUrl>#pink</styleUrl>
      <name />
      <description>
    &lt;![CDATA[
    &lt;h2&gt;🔥 Incendio activo&lt;/h2&gt;

    &lt;table border="0" cellpadding="4"&gt;

        &lt;tr&gt;
            &lt;td&gt;&lt;b&gt;Focos agrupados&lt;/b&gt;&lt;/td&gt;
            &lt;td&gt;2&lt;/td&gt;
        &lt;/tr&gt;

        &lt;tr&gt;
            &lt;td&gt;&lt;b&gt;FRP máximo&lt;/b&gt;&lt;/td&gt;
            &lt;td&gt;11.6 MW&lt;/td&gt;
        &lt;/tr&gt;

        &lt;tr&gt;
            &lt;td&gt;&lt;b&gt;Confianza&lt;/b&gt;&lt;/td&gt;
            &lt;td&gt;Baja&lt;/td&gt;
        &lt;/tr&gt;

        &lt;tr&gt;
            &lt;td&gt;&lt;b&gt;Fecha&lt;/b&gt;&lt;/td&gt;
            &lt;td&gt;2026-07-28&lt;/td&gt;
        &lt;/tr&gt;

        &lt;tr&gt;
            &lt;td&gt;&lt;b&gt;Hora&lt;/b&gt;&lt;/td&gt;
            &lt;td&gt;1357 UTC&lt;/td&gt;
        &lt;/tr&gt;

        &lt;tr&gt;
            &lt;td&gt;&lt;b&gt;Satélite&lt;/b&gt;&lt;/td&gt;
            &lt;td&gt;N&lt;/td&gt;
        &lt;/tr&gt;

        &lt;tr&gt;
            &lt;td&gt;&lt;b&gt;Instrumento&lt;/b&gt;&lt;/td&gt;
            &lt;td&gt;VIIRS&lt;/td&gt;
        &lt;/tr&gt;

        &lt;tr&gt;
            &lt;td&gt;&lt;b&gt;Población más cercana&lt;/b&gt;&lt;/td&gt;
            &lt;td&gt;Artana&lt;/td&gt;
        &lt;/tr&gt;

        &lt;tr&gt;
            &lt;td&gt;&lt;b&gt;Distancia&lt;/b&gt;&lt;/td&gt;
            &lt;td&gt;1.5 km&lt;/td&gt;
        &lt;/tr&gt;

        &lt;tr&gt;
            &lt;td&gt;&lt;b&gt;Latitud&lt;/b&gt;&lt;/td&gt;
            &lt;td&gt;39.888590&lt;/td&gt;
        &lt;/tr&gt;

        &lt;tr&gt;
            &lt;td&gt;&lt;b&gt;Longitud&lt;/b&gt;&lt;/td&gt;
            &lt;td&gt;-0.274780&lt;/td&gt;
        &lt;/tr&gt;

    &lt;/table&gt;

    ]]&gt;
    </description>
      <Point>
        <coordinates>-0.27478,39.88859,0</coordinates>
      </Point>
    </Placemark>
    <Placemark>
      <styleUrl>#area_amarilla</styleUrl>
      <Polygon>
        <outerBoundaryIs>
          <LinearRing>
            <coordinates>-0.26897499999999996,39.89019898240887,0 -0.26866970097740506,39.890178487934705,0 -0.2683736788449936,39.890117627262526,0 -0.2680959285549371,39.890018249717066,0 -0.26784488975769566,39.88988337499407,0 -0.2676281903254806,39.88971710138917,0 -0.2674524145608578,39.889524481249694,0 -0.26732290313605317,39.88931136743654,0 -0.2672435908417015,39.88908423546438,0 -0.26721688707226016,39.888849986727216,0 -0.26724360267440683,39.88861573879049,0 -0.26732292537426483,39.888388609123126,0 -0.26745244452231937,39.88817549884112,0 -0.26762822439639755,39.887982883033246,0 -0.2678449238286126,39.88781661403793,0 -0.2680959585163986,39.88768174364654,0 -0.26837370108320524,39.88758236963222,0 -0.2686697128101103,39.887521511264836,0 -0.26897499999999996,39.88750101759112,0 -0.2692802871898896,39.887521511264836,0 -0.2695762989167947,39.88758236963222,0 -0.2698540414836013,39.88768174364654,0 -0.27010507617138735,39.88781661403793,0 -0.2703217756036024,39.887982883033246,0 -0.2704975554776806,39.88817549884112,0 -0.2706270746257351,39.888388609123126,0 -0.2707063973255931,39.88861573879049,0 -0.2707331129277398,39.888849986727216,0 -0.2707064091582984,39.88908423546438,0 -0.27062709686394676,39.88931136743654,0 -0.27049758543914215,39.889524481249694,0 -0.27032180967451935,39.88971710138917,0 -0.2701051102423043,39.88988337499407,0 -0.2698540714450629,39.890018249717066,0 -0.26957632115500635,39.890117627262526,0 -0.2692802990225949,39.890178487934705,0 -0.26897499999999996,39.89019898240887,0</coordinates>
          </LinearRing>
        </outerBoundaryIs>
      </Polygon>
    </Placemark>
    <Placemark>
      <styleUrl>#pink</styleUrl>
      <name />
      <description>
    &lt;![CDATA[
    &lt;h2&gt;🔥 Incendio activo&lt;/h2&gt;

    &lt;table border="0" cellpadding="4"&gt;

        &lt;tr&gt;
            &lt;td&gt;&lt;b&gt;Focos agrupados&lt;/b&gt;&lt;/td&gt;
            &lt;td&gt;2&lt;/td&gt;
        &lt;/tr&gt;

        &lt;tr&gt;
            &lt;td&gt;&lt;b&gt;FRP máximo&lt;/b&gt;&lt;/td&gt;
            &lt;td&gt;13.8 MW&lt;/td&gt;
        &lt;/tr&gt;

        &lt;tr&gt;
            &lt;td&gt;&lt;b&gt;Confianza&lt;/b&gt;&lt;/td&gt;
            &lt;td&gt;Baja&lt;/td&gt;
        &lt;/tr&gt;

        &lt;tr&gt;
            &lt;td&gt;&lt;b&gt;Fecha&lt;/b&gt;&lt;/td&gt;
            &lt;td&gt;2026-07-28&lt;/td&gt;
        &lt;/tr&gt;

        &lt;tr&gt;
            &lt;td&gt;&lt;b&gt;Hora&lt;/b&gt;&lt;/td&gt;
            &lt;td&gt;1357 UTC&lt;/td&gt;
        &lt;/tr&gt;

        &lt;tr&gt;
            &lt;td&gt;&lt;b&gt;Satélite&lt;/b&gt;&lt;/td&gt;
            &lt;td&gt;N&lt;/td&gt;
        &lt;/tr&gt;

        &lt;tr&gt;
            &lt;td&gt;&lt;b&gt;Instrumento&lt;/b&gt;&lt;/td&gt;
            &lt;td&gt;VIIRS&lt;/td&gt;
        &lt;/tr&gt;

        &lt;tr&gt;
            &lt;td&gt;&lt;b&gt;Población más cercana&lt;/b&gt;&lt;/td&gt;
            &lt;td&gt;Artana&lt;/td&gt;
        &lt;/tr&gt;

        &lt;tr&gt;
            &lt;td&gt;&lt;b&gt;Distancia&lt;/b&gt;&lt;/td&gt;
            &lt;td&gt;981 m&lt;/td&gt;
        &lt;/tr&gt;

        &lt;tr&gt;
            &lt;td&gt;&lt;b&gt;Latitud&lt;/b&gt;&lt;/td&gt;
            &lt;td&gt;39.888850&lt;/td&gt;
        &lt;/tr&gt;

        &lt;tr&gt;
            &lt;td&gt;&lt;b&gt;Longitud&lt;/b&gt;&lt;/td&gt;
            &lt;td&gt;-0.268975&lt;/td&gt;
        &lt;/tr&gt;

    &lt;/table&gt;

    ]]&gt;
    </description>
      <Point>
        <coordinates>-0.26897499999999996,39.88885,0</coordinates>
      </Point>
    </Placemark>
    <Placemark>
      <styleUrl>#area_amarilla</styleUrl>
      <Polygon>
        <outerBoundaryIs>
          <LinearRing>
            <coordinates>-0.31,39.899888982408875,0 -0.30969465781016337,39.89986848793456,0 -0.30939859382238394,39.89980762726199,0 -0.3091208042608153,39.89970824971592,0 -0.30886972996933165,39.89957337499218,0 -0.3086529998987087,39.8994071013865,0 -0.30847719928244494,39.89921448124628,0 -0.3083476695477809,39.899001367432525,0 -0.308268346041518,39.89877423545996,0 -0.30824163849855396,39.898539986722646,0 -0.3082683578799643,39.89830573878607,0 -0.30834769179678223,39.89807860911909,0 -0.30847722925844334,39.89786549883769,0 -0.30865303398615634,39.89767288303056,0 -0.3088697640567793,39.89750661403605,0 -0.30912083423681364,39.897371743645394,0 -0.30939861607138525,39.897272369631686,0 -0.3096946696486097,39.89721151126471,0 -0.31,39.89719101759112,0 -0.3103053303513903,39.89721151126471,0 -0.31060138392861475,39.897272369631686,0 -0.31087916576318636,39.897371743645394,0 -0.3111302359432207,39.89750661403605,0 -0.31134696601384365,39.89767288303056,0 -0.31152277074155665,39.89786549883769,0 -0.31165230820321776,39.89807860911909,0 -0.3117316421200357,39.89830573878607,0 -0.31175836150144604,39.898539986722646,0 -0.311731653958482,39.89877423545996,0 -0.3116523304522191,39.899001367432525,0 -0.31152280071755506,39.89921448124628,0 -0.3113470001012913,39.8994071013865,0 -0.31113027003066834,39.89957337499218,0 -0.3108791957391847,39.89970824971592,0 -0.31060140617761606,39.89980762726199,0 -0.3103053421898367,39.89986848793456,0 -0.31,39.899888982408875,0</coordinates>
          </LinearRing>
        </outerBoundaryIs>
      </Polygon>
    </Placemark>
    <Placemark>
      <styleUrl>#pink</styleUrl>
      <name />
      <description>
    &lt;![CDATA[
    &lt;h2&gt;🔥 Incendio activo&lt;/h2&gt;

    &lt;table border="0" cellpadding="4"&gt;

        &lt;tr&gt;
            &lt;td&gt;&lt;b&gt;Focos agrupados&lt;/b&gt;&lt;/td&gt;
            &lt;td&gt;2&lt;/td&gt;
        &lt;/tr&gt;

        &lt;tr&gt;
            &lt;td&gt;&lt;b&gt;FRP máximo&lt;/b&gt;&lt;/td&gt;
            &lt;td&gt;4.7 MW&lt;/td&gt;
        &lt;/tr&gt;

        &lt;tr&gt;
            &lt;td&gt;&lt;b&gt;Confianza&lt;/b&gt;&lt;/td&gt;
            &lt;td&gt;Baja&lt;/td&gt;
        &lt;/tr&gt;

        &lt;tr&gt;
            &lt;td&gt;&lt;b&gt;Fecha&lt;/b&gt;&lt;/td&gt;
            &lt;td&gt;2026-07-28&lt;/td&gt;
        &lt;/tr&gt;

        &lt;tr&gt;
            &lt;td&gt;&lt;b&gt;Hora&lt;/b&gt;&lt;/td&gt;
            &lt;td&gt;1357 UTC&lt;/td&gt;
        &lt;/tr&gt;

        &lt;tr&gt;
            &lt;td&gt;&lt;b&gt;Satélite&lt;/b&gt;&lt;/td&gt;
            &lt;td&gt;N&lt;/td&gt;
        &lt;/tr&gt;

        &lt;tr&gt;
            &lt;td&gt;&lt;b&gt;Instrumento&lt;/b&gt;&lt;/td&gt;
            &lt;td&gt;VIIRS&lt;/td&gt;
        &lt;/tr&gt;

        &lt;tr&gt;
            &lt;td&gt;&lt;b&gt;Población más cercana&lt;/b&gt;&lt;/td&gt;
            &lt;td&gt;Eslida&lt;/td&gt;
        &lt;/tr&gt;

        &lt;tr&gt;
            &lt;td&gt;&lt;b&gt;Distancia&lt;/b&gt;&lt;/td&gt;
            &lt;td&gt;2.2 km&lt;/td&gt;
        &lt;/tr&gt;

        &lt;tr&gt;
            &lt;td&gt;&lt;b&gt;Latitud&lt;/b&gt;&lt;/td&gt;
            &lt;td&gt;39.898540&lt;/td&gt;
        &lt;/tr&gt;

        &lt;tr&gt;
            &lt;td&gt;&lt;b&gt;Longitud&lt;/b&gt;&lt;/td&gt;
            &lt;td&gt;-0.310000&lt;/td&gt;
        &lt;/tr&gt;

    &lt;/table&gt;

    ]]&gt;
    </description>
      <Point>
        <coordinates>-0.31,39.89854,0</coordinates>
      </Point>
    </Placemark>
    <Placemark>
      <styleUrl>#area_amarilla</styleUrl>
      <Polygon>
        <outerBoundaryIs>
          <LinearRing>
            <coordinates>-0.25359000000000004,39.902393982408874,0 -0.2532846466474233,39.902373487934526,0 -0.252988571836145,39.90231262726185,0 -0.2527107721192441,39.90221324971562,0 -0.2524596886492032,39.902078374991696,0 -0.2522429506557071,39.901912101385804,0 -0.25206714361298677,39.901719481245394,0 -0.251937609143524,39.90150636743147,0 -0.251858282737941,39.90127923545881,0 -0.2518315742191711,39.90104498672147,0 -0.25185829457787196,39.900810738784934,0 -0.2519376313953155,39.90058360911805,0 -0.2520671735927444,39.900370498836814,0 -0.2522429847474296,39.90017788302987,0 -0.2524597227409257,39.90001161403557,0 -0.25271080209900176,39.89987674364511,0 -0.2529885940879365,39.89977736963156,0 -0.2532846584873542,39.89971651126467,0 -0.25359000000000004,39.89969601759112,0 -0.2538953415126458,39.89971651126467,0 -0.2541914059120635,39.89977736963156,0 -0.25446919790099826,39.89987674364511,0 -0.2547202772590743,39.90001161403557,0 -0.2549370152525704,39.90017788302987,0 -0.25511282640725563,39.900370498836814,0 -0.2552423686046845,39.90058360911805,0 -0.25532170542212806,39.900810738784934,0 -0.25534842578082895,39.90104498672147,0 -0.25532171726205904,39.90127923545881,0 -0.25524239085647604,39.90150636743147,0 -0.25511285638701325,39.901719481245394,0 -0.2549370493442929,39.901912101385804,0 -0.2547203113507968,39.902078374991696,0 -0.25446922788075593,39.90221324971562,0 -0.25419142816385504,39.90231262726185,0 -0.25389535335257674,39.902373487934526,0 -0.25359000000000004,39.902393982408874,0</coordinates>
          </LinearRing>
        </outerBoundaryIs>
      </Polygon>
    </Placemark>
    <Placemark>
      <styleUrl>#pink</styleUrl>
      <name />
      <description>
    &lt;![CDATA[
    &lt;h2&gt;🔥 Incendio activo&lt;/h2&gt;

    &lt;table border="0" cellpadding="4"&gt;

        &lt;tr&gt;
            &lt;td&gt;&lt;b&gt;Focos agrupados&lt;/b&gt;&lt;/td&gt;
            &lt;td&gt;2&lt;/td&gt;
        &lt;/tr&gt;

        &lt;tr&gt;
            &lt;td&gt;&lt;b&gt;FRP máximo&lt;/b&gt;&lt;/td&gt;
            &lt;td&gt;1.8 MW&lt;/td&gt;
        &lt;/tr&gt;

        &lt;tr&gt;
            &lt;td&gt;&lt;b&gt;Confianza&lt;/b&gt;&lt;/td&gt;
            &lt;td&gt;Baja&lt;/td&gt;
        &lt;/tr&gt;

        &lt;tr&gt;
            &lt;td&gt;&lt;b&gt;Fecha&lt;/b&gt;&lt;/td&gt;
            &lt;td&gt;2026-07-28&lt;/td&gt;
        &lt;/tr&gt;

        &lt;tr&gt;
            &lt;td&gt;&lt;b&gt;Hora&lt;/b&gt;&lt;/td&gt;
            &lt;td&gt;1357 UTC&lt;/td&gt;
        &lt;/tr&gt;

        &lt;tr&gt;
            &lt;td&gt;&lt;b&gt;Satélite&lt;/b&gt;&lt;/td&gt;
            &lt;td&gt;N&lt;/td&gt;
        &lt;/tr&gt;

        &lt;tr&gt;
            &lt;td&gt;&lt;b&gt;Instrumento&lt;/b&gt;&lt;/td&gt;
            &lt;td&gt;VIIRS&lt;/td&gt;
        &lt;/tr&gt;

        &lt;tr&gt;
            &lt;td&gt;&lt;b&gt;Población más cercana&lt;/b&gt;&lt;/td&gt;
            &lt;td&gt;Artana&lt;/td&gt;
        &lt;/tr&gt;

        &lt;tr&gt;
            &lt;td&gt;&lt;b&gt;Distancia&lt;/b&gt;&lt;/td&gt;
            &lt;td&gt;1.1 km&lt;/td&gt;
        &lt;/tr&gt;

        &lt;tr&gt;
            &lt;td&gt;&lt;b&gt;Latitud&lt;/b&gt;&lt;/td&gt;
            &lt;td&gt;39.901045&lt;/td&gt;
        &lt;/tr&gt;

        &lt;tr&gt;
            &lt;td&gt;&lt;b&gt;Longitud&lt;/b&gt;&lt;/td&gt;
            &lt;td&gt;-0.253590&lt;/td&gt;
        &lt;/tr&gt;

    &lt;/table&gt;

    ]]&gt;
    </description>
      <Point>
        <coordinates>-0.25359,39.901044999999996,0</coordinates>
      </Point>
    </Placemark>
    <Placemark>
      <styleUrl>#area_amarilla</styleUrl>
      <Polygon>
        <outerBoundaryIs>
          <LinearRing>
            <coordinates>-7.0328550000000005,40.57590503795327,0 -7.03249605594411,40.575881184993435,0 -7.032148018970207,40.57581035092415,0 -7.031821464663826,40.57569468814711,0 -7.031526315700838,40.57553771123838,0 -7.031271540293037,40.57534419013312,0 -7.031064879662225,40.575120005160834,0 -7.030912612827105,40.57487196833968,0 -7.0308193658498555,40.57460761636404,0 -7.030787971334496,40.57433498157924,0 -7.03081938243905,40.57406234790535,0 -7.0309126440045935,40.573797999128445,0 -7.031064921667541,40.57354996720803,0 -7.031271588059721,40.57332578824739,0 -7.031526363467522,40.573132273539585,0 -7.031821506669144,40.5729753026425,0 -7.032148050147696,40.5728596447662,0 -7.032496072533305,40.57278881389564,0 -7.0328550000000005,40.57276496204671,0 -7.033213927466695,40.57278881389564,0 -7.033561949852304,40.5728596447662,0 -7.033888493330856,40.5729753026425,0 -7.034183636532478,40.573132273539585,0 -7.03443841194028,40.57332578824739,0 -7.034645078332459,40.57354996720803,0 -7.034797355995407,40.573797999128445,0 -7.03489061756095,40.57406234790535,0 -7.0349220286655045,40.57433498157924,0 -7.034890634150145,40.57460761636404,0 -7.034797387172895,40.57487196833968,0 -7.034645120337776,40.575120005160834,0 -7.034438459706963,40.57534419013312,0 -7.034183684299163,40.57553771123838,0 -7.033888535336174,40.57569468814711,0 -7.033561981029793,40.57581035092415,0 -7.03321394405589,40.575881184993435,0 -7.0328550000000005,40.57590503795327,0</coordinates>
          </LinearRing>
        </outerBoundaryIs>
      </Polygon>
    </Placemark>
    <Placemark>
      <styleUrl>#pink</styleUrl>
      <name />
      <description>
    &lt;![CDATA[
    &lt;h2&gt;🔥 Incendio activo&lt;/h2&gt;

    &lt;table border="0" cellpadding="4"&gt;

        &lt;tr&gt;
            &lt;td&gt;&lt;b&gt;Focos agrupados&lt;/b&gt;&lt;/td&gt;
            &lt;td&gt;2&lt;/td&gt;
        &lt;/tr&gt;

        &lt;tr&gt;
            &lt;td&gt;&lt;b&gt;FRP máximo&lt;/b&gt;&lt;/td&gt;
            &lt;td&gt;13.1 MW&lt;/td&gt;
        &lt;/tr&gt;

        &lt;tr&gt;
            &lt;td&gt;&lt;b&gt;Confianza&lt;/b&gt;&lt;/td&gt;
            &lt;td&gt;Baja&lt;/td&gt;
        &lt;/tr&gt;

        &lt;tr&gt;
            &lt;td&gt;&lt;b&gt;Fecha&lt;/b&gt;&lt;/td&gt;
            &lt;td&gt;2026-07-28&lt;/td&gt;
        &lt;/tr&gt;

        &lt;tr&gt;
            &lt;td&gt;&lt;b&gt;Hora&lt;/b&gt;&lt;/td&gt;
            &lt;td&gt;1357 UTC&lt;/td&gt;
        &lt;/tr&gt;

        &lt;tr&gt;
            &lt;td&gt;&lt;b&gt;Satélite&lt;/b&gt;&lt;/td&gt;
            &lt;td&gt;N&lt;/td&gt;
        &lt;/tr&gt;

        &lt;tr&gt;
            &lt;td&gt;&lt;b&gt;Instrumento&lt;/b&gt;&lt;/td&gt;
            &lt;td&gt;VIIRS&lt;/td&gt;
        &lt;/tr&gt;

        &lt;tr&gt;
            &lt;td&gt;&lt;b&gt;Población más cercana&lt;/b&gt;&lt;/td&gt;
            &lt;td&gt;Fuentes de Oñoro&lt;/td&gt;
        &lt;/tr&gt;

        &lt;tr&gt;
            &lt;td&gt;&lt;b&gt;Distancia&lt;/b&gt;&lt;/td&gt;
            &lt;td&gt;18.6 km&lt;/td&gt;
        &lt;/tr&gt;

        &lt;tr&gt;
            &lt;td&gt;&lt;b&gt;Latitud&lt;/b&gt;&lt;/td&gt;
            &lt;td&gt;40.574335&lt;/td&gt;
        &lt;/tr&gt;

        &lt;tr&gt;
            &lt;td&gt;&lt;b&gt;Longitud&lt;/b&gt;&lt;/td&gt;
            &lt;td&gt;-7.032855&lt;/td&gt;
        &lt;/tr&gt;

    &lt;/table&gt;

    ]]&gt;
    </description>
      <Point>
        <coordinates>-7.032855,40.574335,0</coordinates>
      </Point>
    </Placemark>
    <Placemark>
      <styleUrl>#area_amarilla</styleUrl>
      <Polygon>
        <outerBoundaryIs>
          <LinearRing>
            <coordinates>-7.065175000000001,40.581019742989476,0 -7.064784086529272,40.58099376749285,0 -7.064405051654383,40.580916630314746,0 -7.064049412938949,40.58079067540048,0 -7.063727976864842,40.58061973008865,0 -7.063450510412819,40.58040898878775,0 -7.063225444260562,40.58016485510793,0 -7.063059616620821,40.5798947472492,0 -7.062958065502993,40.57960687256441,0 -7.062923875705663,40.579309978151336,0 -7.062958085180738,40.579013085055884,0 -7.063059653602882,40.57872521416508,0 -7.063225494086358,40.578455112119066,0 -7.063450567072624,40.578210985569605,0 -7.063728033524647,40.57800025185667,0 -7.0640494627647445,40.57782931367519,0 -7.064405088636444,40.57770336457364,0 -7.064784106207017,40.57762623118952,0 -7.065175000000001,40.57760025701052,0 -7.065565893792984,40.57762623118952,0 -7.065944911363557,40.57770336457364,0 -7.066300537235256,40.57782931367519,0 -7.066621966475354,40.57800025185667,0 -7.066899432927377,40.578210985569605,0 -7.067124505913643,40.578455112119066,0 -7.067290346397119,40.57872521416508,0 -7.067391914819263,40.579013085055884,0 -7.067426124294338,40.579309978151336,0 -7.0673919344970075,40.57960687256441,0 -7.06729038337918,40.5798947472492,0 -7.067124555739439,40.58016485510793,0 -7.066899489587182,40.58040898878775,0 -7.066622023135158,40.58061973008865,0 -7.066300587061052,40.58079067540048,0 -7.065944948345618,40.580916630314746,0 -7.065565913470729,40.58099376749285,0 -7.065175000000001,40.581019742989476,0</coordinates>
          </LinearRing>
        </outerBoundaryIs>
      </Polygon>
    </Placemark>
    <Placemark>
      <styleUrl>#pink</styleUrl>
      <name />
      <description>
    &lt;![CDATA[
    &lt;h2&gt;🔥 Incendio activo&lt;/h2&gt;

    &lt;table border="0" cellpadding="4"&gt;

        &lt;tr&gt;
            &lt;td&gt;&lt;b&gt;Focos agrupados&lt;/b&gt;&lt;/td&gt;
            &lt;td&gt;2&lt;/td&gt;
        &lt;/tr&gt;

        &lt;tr&gt;
            &lt;td&gt;&lt;b&gt;FRP máximo&lt;/b&gt;&lt;/td&gt;
            &lt;td&gt;43.9 MW&lt;/td&gt;
        &lt;/tr&gt;

        &lt;tr&gt;
            &lt;td&gt;&lt;b&gt;Confianza&lt;/b&gt;&lt;/td&gt;
            &lt;td&gt;Baja&lt;/td&gt;
        &lt;/tr&gt;

        &lt;tr&gt;
            &lt;td&gt;&lt;b&gt;Fecha&lt;/b&gt;&lt;/td&gt;
            &lt;td&gt;2026-07-28&lt;/td&gt;
        &lt;/tr&gt;

        &lt;tr&gt;
            &lt;td&gt;&lt;b&gt;Hora&lt;/b&gt;&lt;/td&gt;
            &lt;td&gt;1357 UTC&lt;/td&gt;
        &lt;/tr&gt;

        &lt;tr&gt;
            &lt;td&gt;&lt;b&gt;Satélite&lt;/b&gt;&lt;/td&gt;
            &lt;td&gt;N&lt;/td&gt;
        &lt;/tr&gt;

        &lt;tr&gt;
            &lt;td&gt;&lt;b&gt;Instrumento&lt;/b&gt;&lt;/td&gt;
            &lt;td&gt;VIIRS&lt;/td&gt;
        &lt;/tr&gt;

        &lt;tr&gt;
            &lt;td&gt;&lt;b&gt;Población más cercana&lt;/b&gt;&lt;/td&gt;
            &lt;td&gt;Fuentes de Oñoro&lt;/td&gt;
        &lt;/tr&gt;

        &lt;tr&gt;
            &lt;td&gt;&lt;b&gt;Distancia&lt;/b&gt;&lt;/td&gt;
            &lt;td&gt;21.3 km&lt;/td&gt;
        &lt;/tr&gt;

        &lt;tr&gt;
            &lt;td&gt;&lt;b&gt;Latitud&lt;/b&gt;&lt;/td&gt;
            &lt;td&gt;40.579310&lt;/td&gt;
        &lt;/tr&gt;

        &lt;tr&gt;
            &lt;td&gt;&lt;b&gt;Longitud&lt;/b&gt;&lt;/td&gt;
            &lt;td&gt;-7.065175&lt;/td&gt;
        &lt;/tr&gt;

    &lt;/table&gt;

    ]]&gt;
    </description>
      <Point>
        <coordinates>-7.065175,40.57931,0</coordinates>
      </Point>
    </Placemark>
    <Placemark>
      <styleUrl>#area_amarilla</styleUrl>
      <Polygon>
        <outerBoundaryIs>
          <LinearRing>
            <coordinates>-7.035400000000001,40.59613898240888,0 -7.0350915006078765,40.59611848792458,0 -7.03479237536679,40.596057627223246,0 -7.034511713532225,40.59595824963311,0 -7.034258043233007,40.59582337485532,0 -7.034039072304887,40.59565710119212,0 -7.033861454068686,40.59546448099785,0 -7.033730585172507,40.595251367140015,0 -7.033650441640506,40.595024235138695,0 -7.03362345810695,40.594789986391405,0 -7.033650453899765,40.59455573846481,0 -7.033730608212378,40.5943286088266,0 -7.033861485110219,40.59411549858926,0 -7.034039107604017,40.59392288283619,0 -7.034258078532137,40.593756613899195,0 -7.0345117445737575,40.5936217435626,0 -7.03479239840666,40.593522369592954,0 -7.035091512867135,40.59346151125472,0 -7.035400000000001,40.593441017591125,0 -7.035708487132866,40.59346151125472,0 -7.036007601593341,40.593522369592954,0 -7.036288255426244,40.5936217435626,0 -7.036541921467865,40.593756613899195,0 -7.036760892395984,40.59392288283619,0 -7.0369385148897825,40.59411549858926,0 -7.0370693917876235,40.5943286088266,0 -7.0371495461002365,40.59455573846481,0 -7.037176541893051,40.594789986391405,0 -7.037149558359495,40.595024235138695,0 -7.037069414827494,40.595251367140015,0 -7.036938545931316,40.59546448099785,0 -7.036760927695114,40.59565710119212,0 -7.036541956766994,40.59582337485532,0 -7.036288286467777,40.59595824963311,0 -7.0360076246332115,40.596057627223246,0 -7.0357084993921255,40.59611848792458,0 -7.035400000000001,40.59613898240888,0</coordinates>
          </LinearRing>
        </outerBoundaryIs>
      </Polygon>
    </Placemark>
    <Placemark>
      <styleUrl>#yellow</styleUrl>
      <name />
      <description>
    &lt;![CDATA[
    &lt;h2&gt;🔥 Incendio activo&lt;/h2&gt;

    &lt;table border="0" cellpadding="4"&gt;

        &lt;tr&gt;
            &lt;td&gt;&lt;b&gt;Focos agrupados&lt;/b&gt;&lt;/td&gt;
            &lt;td&gt;1&lt;/td&gt;
        &lt;/tr&gt;

        &lt;tr&gt;
            &lt;td&gt;&lt;b&gt;FRP máximo&lt;/b&gt;&lt;/td&gt;
            &lt;td&gt;67.6 MW&lt;/td&gt;
        &lt;/tr&gt;

        &lt;tr&gt;
            &lt;td&gt;&lt;b&gt;Confianza&lt;/b&gt;&lt;/td&gt;
            &lt;td&gt;Media&lt;/td&gt;
        &lt;/tr&gt;

        &lt;tr&gt;
            &lt;td&gt;&lt;b&gt;Fecha&lt;/b&gt;&lt;/td&gt;
            &lt;td&gt;2026-07-28&lt;/td&gt;
        &lt;/tr&gt;

        &lt;tr&gt;
            &lt;td&gt;&lt;b&gt;Hora&lt;/b&gt;&lt;/td&gt;
            &lt;td&gt;1357 UTC&lt;/td&gt;
        &lt;/tr&gt;

        &lt;tr&gt;
            &lt;td&gt;&lt;b&gt;Satélite&lt;/b&gt;&lt;/td&gt;
            &lt;td&gt;N&lt;/td&gt;
        &lt;/tr&gt;

        &lt;tr&gt;
            &lt;td&gt;&lt;b&gt;Instrumento&lt;/b&gt;&lt;/td&gt;
            &lt;td&gt;VIIRS&lt;/td&gt;
        &lt;/tr&gt;

        &lt;tr&gt;
            &lt;td&gt;&lt;b&gt;Población más cercana&lt;/b&gt;&lt;/td&gt;
            &lt;td&gt;Fuentes de Oñoro&lt;/td&gt;
        &lt;/tr&gt;

        &lt;tr&gt;
            &lt;td&gt;&lt;b&gt;Distancia&lt;/b&gt;&lt;/td&gt;
            &lt;td&gt;18.8 km&lt;/td&gt;
        &lt;/tr&gt;

        &lt;tr&gt;
            &lt;td&gt;&lt;b&gt;Latitud&lt;/b&gt;&lt;/td&gt;
            &lt;td&gt;40.594790&lt;/td&gt;
        &lt;/tr&gt;

        &lt;tr&gt;
            &lt;td&gt;&lt;b&gt;Longitud&lt;/b&gt;&lt;/td&gt;
            &lt;td&gt;-7.035400&lt;/td&gt;
        &lt;/tr&gt;

    &lt;/table&gt;

    ]]&gt;
    </description>
      <Point>
        <coordinates>-7.0354,40.59479,0</coordinates>
      </Point>
    </Placemark>
    <Placemark>
      <styleUrl>#area_amarilla</styleUrl>
      <Polygon>
        <outerBoundaryIs>
          <LinearRing>
            <coordinates>-7.0308,40.59658898240888,0 -7.030491498531418,40.596568487924564,0 -7.030192371276981,40.59650762722322,0 -7.029911707553353,40.59640824963305,0 -7.02965803554677,40.59627337485522,0 -7.029439063144864,40.59610710119198,0 -7.029261443713234,40.59591448099768,0 -7.029130573936304,40.595701367139824,0 -7.029050429864982,40.59547423513848,0 -7.02902344614991,40.595239986391185,0 -7.029050442124518,40.59500573846459,0 -7.029130596976696,40.5947786088264,0 -7.029261474755469,40.5945654985891,0 -7.029439098444792,40.594372882836055,0 -7.029658070846698,40.594206613899104,0 -7.0299117385955885,40.59407174356254,0 -7.030192394317372,40.59397236959292,0 -7.030491510790955,40.59391151125472,0 -7.0308,40.59389101759112,0 -7.031108489209045,40.59391151125472,0 -7.031407605682628,40.59397236959292,0 -7.031688261404412,40.59407174356254,0 -7.0319419291533025,40.594206613899104,0 -7.0321609015552085,40.594372882836055,0 -7.032338525244532,40.5945654985891,0 -7.032469403023304,40.5947786088264,0 -7.032549557875482,40.59500573846459,0 -7.03257655385009,40.595239986391185,0 -7.032549570135019,40.59547423513848,0 -7.032469426063696,40.595701367139824,0 -7.032338556286766,40.59591448099768,0 -7.032160936855136,40.59610710119198,0 -7.031941964453231,40.59627337485522,0 -7.031688292446647,40.59640824963305,0 -7.031407628723019,40.59650762722322,0 -7.031108501468582,40.596568487924564,0 -7.0308,40.59658898240888,0</coordinates>
          </LinearRing>
        </outerBoundaryIs>
      </Polygon>
    </Placemark>
    <Placemark>
      <styleUrl>#orange</styleUrl>
      <name />
      <description>
    &lt;![CDATA[
    &lt;h2&gt;🔥 Incendio activo&lt;/h2&gt;

    &lt;table border="0" cellpadding="4"&gt;

        &lt;tr&gt;
            &lt;td&gt;&lt;b&gt;Focos agrupados&lt;/b&gt;&lt;/td&gt;
            &lt;td&gt;1&lt;/td&gt;
        &lt;/tr&gt;

        &lt;tr&gt;
            &lt;td&gt;&lt;b&gt;FRP máximo&lt;/b&gt;&lt;/td&gt;
            &lt;td&gt;139.6 MW&lt;/td&gt;
        &lt;/tr&gt;

        &lt;tr&gt;
            &lt;td&gt;&lt;b&gt;Confianza&lt;/b&gt;&lt;/td&gt;
            &lt;td&gt;Alta&lt;/td&gt;
        &lt;/tr&gt;

        &lt;tr&gt;
            &lt;td&gt;&lt;b&gt;Fecha&lt;/b&gt;&lt;/td&gt;
            &lt;td&gt;2026-07-28&lt;/td&gt;
        &lt;/tr&gt;

        &lt;tr&gt;
            &lt;td&gt;&lt;b&gt;Hora&lt;/b&gt;&lt;/td&gt;
            &lt;td&gt;1357 UTC&lt;/td&gt;
        &lt;/tr&gt;

        &lt;tr&gt;
            &lt;td&gt;&lt;b&gt;Satélite&lt;/b&gt;&lt;/td&gt;
            &lt;td&gt;N&lt;/td&gt;
        &lt;/tr&gt;

        &lt;tr&gt;
            &lt;td&gt;&lt;b&gt;Instrumento&lt;/b&gt;&lt;/td&gt;
            &lt;td&gt;VIIRS&lt;/td&gt;
        &lt;/tr&gt;

        &lt;tr&gt;
            &lt;td&gt;&lt;b&gt;Población más cercana&lt;/b&gt;&lt;/td&gt;
            &lt;td&gt;Fuentes de Oñoro&lt;/td&gt;
        &lt;/tr&gt;

        &lt;tr&gt;
            &lt;td&gt;&lt;b&gt;Distancia&lt;/b&gt;&lt;/td&gt;
            &lt;td&gt;18.4 km&lt;/td&gt;
        &lt;/tr&gt;

        &lt;tr&gt;
            &lt;td&gt;&lt;b&gt;Latitud&lt;/b&gt;&lt;/td&gt;
            &lt;td&gt;40.595240&lt;/td&gt;
        &lt;/tr&gt;

        &lt;tr&gt;
            &lt;td&gt;&lt;b&gt;Longitud&lt;/b&gt;&lt;/td&gt;
            &lt;td&gt;-7.030800&lt;/td&gt;
        &lt;/tr&gt;

    &lt;/table&gt;

    ]]&gt;
    </description>
      <Point>
        <coordinates>-7.0308,40.59524,0</coordinates>
      </Point>
    </Placemark>
    <Placemark>
      <styleUrl>#area_amarilla</styleUrl>
      <Polygon>
        <outerBoundaryIs>
          <LinearRing>
            <coordinates>-7.0263,40.597018982408876,0 -7.025991496547205,40.59699848792456,0 -7.025692367368854,40.59693762722319,0 -7.025411701840082,40.596838249633,0 -7.025158028201981,40.59670337485513,0 -7.024939054391759,40.59653710119185,0 -7.0247614338178055,40.596344480997516,0 -7.02463056319925,40.59613136713963,0 -7.024550418612565,40.59590423513827,0 -7.024523434724042,40.595669986390966,0 -7.024550430872366,40.595435738464396,0 -7.02463058624014,40.59520860882622,0 -7.024761464860712,40.59499549858894,0 -7.02493908969245,40.594802882835936,0 -7.025158063502673,40.59463661389901,0 -7.025411732882989,40.59450174356247,0 -7.025692390409744,40.59440236959289,0 -7.025991508807007,40.5943415112547,0 -7.0263,40.59432101759111,0 -7.026608491192993,40.5943415112547,0 -7.026907609590256,40.59440236959289,0 -7.027188267117011,40.59450174356247,0 -7.027441936497327,40.59463661389901,0 -7.02766091030755,40.594802882835936,0 -7.027838535139288,40.59499549858894,0 -7.02796941375986,40.59520860882622,0 -7.028049569127634,40.595435738464396,0 -7.028076565275958,40.595669986390966,0 -7.028049581387435,40.59590423513827,0 -7.02796943680075,40.59613136713963,0 -7.0278385661821945,40.596344480997516,0 -7.027660945608241,40.59653710119185,0 -7.0274419717980185,40.59670337485513,0 -7.027188298159918,40.596838249633,0 -7.026907632631146,40.59693762722319,0 -7.026608503452795,40.59699848792456,0 -7.0263,40.597018982408876,0</coordinates>
          </LinearRing>
        </outerBoundaryIs>
      </Polygon>
    </Placemark>
    <Placemark>
      <styleUrl>#orange</styleUrl>
      <name />
      <description>
    &lt;![CDATA[
    &lt;h2&gt;🔥 Incendio activo&lt;/h2&gt;

    &lt;table border="0" cellpadding="4"&gt;

        &lt;tr&gt;
            &lt;td&gt;&lt;b&gt;Focos agrupados&lt;/b&gt;&lt;/td&gt;
            &lt;td&gt;1&lt;/td&gt;
        &lt;/tr&gt;

        &lt;tr&gt;
            &lt;td&gt;&lt;b&gt;FRP máximo&lt;/b&gt;&lt;/td&gt;
            &lt;td&gt;139.6 MW&lt;/td&gt;
        &lt;/tr&gt;

        &lt;tr&gt;
            &lt;td&gt;&lt;b&gt;Confianza&lt;/b&gt;&lt;/td&gt;
            &lt;td&gt;Alta&lt;/td&gt;
        &lt;/tr&gt;

        &lt;tr&gt;
            &lt;td&gt;&lt;b&gt;Fecha&lt;/b&gt;&lt;/td&gt;
            &lt;td&gt;2026-07-28&lt;/td&gt;
        &lt;/tr&gt;

        &lt;tr&gt;
            &lt;td&gt;&lt;b&gt;Hora&lt;/b&gt;&lt;/td&gt;
            &lt;td&gt;1357 UTC&lt;/td&gt;
        &lt;/tr&gt;

        &lt;tr&gt;
            &lt;td&gt;&lt;b&gt;Satélite&lt;/b&gt;&lt;/td&gt;
            &lt;td&gt;N&lt;/td&gt;
        &lt;/tr&gt;

        &lt;tr&gt;
            &lt;td&gt;&lt;b&gt;Instrumento&lt;/b&gt;&lt;/td&gt;
            &lt;td&gt;VIIRS&lt;/td&gt;
        &lt;/tr&gt;

        &lt;tr&gt;
            &lt;td&gt;&lt;b&gt;Población más cercana&lt;/b&gt;&lt;/td&gt;
            &lt;td&gt;Fuentes de Oñoro&lt;/td&gt;
        &lt;/tr&gt;

        &lt;tr&gt;
            &lt;td&gt;&lt;b&gt;Distancia&lt;/b&gt;&lt;/td&gt;
            &lt;td&gt;18.0 km&lt;/td&gt;
        &lt;/tr&gt;

        &lt;tr&gt;
            &lt;td&gt;&lt;b&gt;Latitud&lt;/b&gt;&lt;/td&gt;
            &lt;td&gt;40.595670&lt;/td&gt;
        &lt;/tr&gt;

        &lt;tr&gt;
            &lt;td&gt;&lt;b&gt;Longitud&lt;/b&gt;&lt;/td&gt;
            &lt;td&gt;-7.026300&lt;/td&gt;
        &lt;/tr&gt;

    &lt;/table&gt;

    ]]&gt;
    </description>
      <Point>
        <coordinates>-7.0263,40.59567,0</coordinates>
      </Point>
    </Placemark>
    <Placemark>
      <styleUrl>#area_amarilla</styleUrl>
      <Polygon>
        <outerBoundaryIs>
          <LinearRing>
            <coordinates>-7.98151,41.40307898240889,0 -7.981197700433472,41.40305848791276,0 -7.980894890507327,41.40299762717732,0 -7.980610771454539,41.40289824953495,0 -7.980353976464753,41.40276337469309,0 -7.980132308323838,41.40259710096169,0 -7.979952502306056,41.402404480703346,0 -7.979820021526171,41.40219136679329,0 -7.979738890969616,41.40196423475788,0 -7.979711575240699,41.40172998599875,0 -7.9797389037379665,41.40149573808401,0 -7.97982004552282,41.40126860847988,0 -7.979952534636654,41.40105549829479,0 -7.980132345088838,41.40086288260577,0 -7.980354013229753,41.40069661373697,0 -7.980610803785137,41.400561743464436,0 -7.980894914503976,41.40046236954703,0 -7.981197713201822,41.40040151124289,0 -7.98151,41.40038101759113,0 -7.981822286798179,41.40040151124289,0 -7.982125085496025,41.40046236954703,0 -7.9824091962148644,41.400561743464436,0 -7.9826659867702485,41.40069661373697,0 -7.982887654911163,41.40086288260577,0 -7.983067465363347,41.40105549829479,0 -7.983199954477181,41.40126860847988,0 -7.983281096262035,41.40149573808401,0 -7.983308424759302,41.40172998599875,0 -7.9832811090303855,41.40196423475788,0 -7.98319997847383,41.40219136679329,0 -7.983067497693945,41.402404480703346,0 -7.982887691676163,41.40259710096169,0 -7.9826660235352485,41.40276337469309,0 -7.982409228545462,41.40289824953495,0 -7.982125109492674,41.40299762717732,0 -7.981822299566528,41.40305848791276,0 -7.98151,41.40307898240889,0</coordinates>
          </LinearRing>
        </outerBoundaryIs>
      </Polygon>
    </Placemark>
    <Placemark>
      <styleUrl>#red</styleUrl>
      <name />
      <description>
    &lt;![CDATA[
    &lt;h2&gt;🔥 Incendio activo&lt;/h2&gt;

    &lt;table border="0" cellpadding="4"&gt;

        &lt;tr&gt;
            &lt;td&gt;&lt;b&gt;Focos agrupados&lt;/b&gt;&lt;/td&gt;
            &lt;td&gt;1&lt;/td&gt;
        &lt;/tr&gt;

        &lt;tr&gt;
            &lt;td&gt;&lt;b&gt;FRP máximo&lt;/b&gt;&lt;/td&gt;
            &lt;td&gt;238.7 MW&lt;/td&gt;
        &lt;/tr&gt;

        &lt;tr&gt;
            &lt;td&gt;&lt;b&gt;Confianza&lt;/b&gt;&lt;/td&gt;
            &lt;td&gt;Muy alta&lt;/td&gt;
        &lt;/tr&gt;

        &lt;tr&gt;
            &lt;td&gt;&lt;b&gt;Fecha&lt;/b&gt;&lt;/td&gt;
            &lt;td&gt;2026-07-28&lt;/td&gt;
        &lt;/tr&gt;

        &lt;tr&gt;
            &lt;td&gt;&lt;b&gt;Hora&lt;/b&gt;&lt;/td&gt;
            &lt;td&gt;1357 UTC&lt;/td&gt;
        &lt;/tr&gt;

        &lt;tr&gt;
            &lt;td&gt;&lt;b&gt;Satélite&lt;/b&gt;&lt;/td&gt;
            &lt;td&gt;N&lt;/td&gt;
        &lt;/tr&gt;

        &lt;tr&gt;
            &lt;td&gt;&lt;b&gt;Instrumento&lt;/b&gt;&lt;/td&gt;
            &lt;td&gt;VIIRS&lt;/td&gt;
        &lt;/tr&gt;

        &lt;tr&gt;
            &lt;td&gt;&lt;b&gt;Población más cercana&lt;/b&gt;&lt;/td&gt;
            &lt;td&gt;Lobios&lt;/td&gt;
        &lt;/tr&gt;

        &lt;tr&gt;
            &lt;td&gt;&lt;b&gt;Distancia&lt;/b&gt;&lt;/td&gt;
            &lt;td&gt;56.4 km&lt;/td&gt;
        &lt;/tr&gt;

        &lt;tr&gt;
            &lt;td&gt;&lt;b&gt;Latitud&lt;/b&gt;&lt;/td&gt;
            &lt;td&gt;41.401730&lt;/td&gt;
        &lt;/tr&gt;

        &lt;tr&gt;
            &lt;td&gt;&lt;b&gt;Longitud&lt;/b&gt;&lt;/td&gt;
            &lt;td&gt;-7.981510&lt;/td&gt;
        &lt;/tr&gt;

    &lt;/table&gt;

    ]]&gt;
    </description>
      <Point>
        <coordinates>-7.98151,41.40173,0</coordinates>
      </Point>
    </Placemark>
    <Placemark>
      <styleUrl>#area_amarilla</styleUrl>
      <Polygon>
        <outerBoundaryIs>
          <LinearRing>
            <coordinates>-5.914953333333333,42.69953140441054,0 -5.914212652750256,42.69948377831455,0 -5.913494480694696,42.69934234733671,0 -5.9128206413830915,42.69911140940569,0 -5.912211611250541,42.69879798240348,0 -5.91168589652309,42.69841159081603,0 -5.911259470776303,42.697963976196,0 -5.9109452895863495,42.69746874025211,0 -5.910752897020706,42.696940931427505,0 -5.910688135908181,42.696396587545976,0 -5.910752970660012,42.69585224843601,0 -5.910945427982974,42.69532445335058,0 -5.91125965723757,42.69482923845631,0 -5.911686108559022,42.694381649657466,0 -5.912211823286472,42.69399528554835,0 -5.912820827844362,42.693681884367315,0 -5.913494619091321,42.693450967485916,0 -5.914212726389562,42.693309550247236,0 -5.914953333333333,42.6932619289228,0 -5.915693940277104,42.693309550247236,0 -5.916412047575345,42.693450967485916,0 -5.917085838822304,42.693681884367315,0 -5.917694843380194,42.69399528554835,0 -5.9182205581076435,42.694381649657466,0 -5.918647009429096,42.69482923845631,0 -5.918961238683692,42.69532445335058,0 -5.919153696006654,42.69585224843601,0 -5.919218530758485,42.696396587545976,0 -5.91915376964596,42.696940931427505,0 -5.918961377080317,42.69746874025211,0 -5.9186471958903635,42.697963976196,0 -5.918220770143575,42.69841159081603,0 -5.917695055416125,42.69879798240348,0 -5.917086025283574,42.69911140940569,0 -5.9164121859719705,42.69934234733671,0 -5.9156940139164105,42.69948377831455,0 -5.914953333333333,42.69953140441054,0</coordinates>
          </LinearRing>
        </outerBoundaryIs>
      </Polygon>
    </Placemark>
    <Placemark>
      <styleUrl>#orange</styleUrl>
      <name />
      <description>
    &lt;![CDATA[
    &lt;h2&gt;🔥 Incendio activo&lt;/h2&gt;

    &lt;table border="0" cellpadding="4"&gt;

        &lt;tr&gt;
            &lt;td&gt;&lt;b&gt;Focos agrupados&lt;/b&gt;&lt;/td&gt;
            &lt;td&gt;3&lt;/td&gt;
        &lt;/tr&gt;

        &lt;tr&gt;
            &lt;td&gt;&lt;b&gt;FRP máximo&lt;/b&gt;&lt;/td&gt;
            &lt;td&gt;150.3 MW&lt;/td&gt;
        &lt;/tr&gt;

        &lt;tr&gt;
            &lt;td&gt;&lt;b&gt;Confianza&lt;/b&gt;&lt;/td&gt;
            &lt;td&gt;Alta&lt;/td&gt;
        &lt;/tr&gt;

        &lt;tr&gt;
            &lt;td&gt;&lt;b&gt;Fecha&lt;/b&gt;&lt;/td&gt;
            &lt;td&gt;2026-07-28&lt;/td&gt;
        &lt;/tr&gt;

        &lt;tr&gt;
            &lt;td&gt;&lt;b&gt;Hora&lt;/b&gt;&lt;/td&gt;
            &lt;td&gt;1359 UTC&lt;/td&gt;
        &lt;/tr&gt;

        &lt;tr&gt;
            &lt;td&gt;&lt;b&gt;Satélite&lt;/b&gt;&lt;/td&gt;
            &lt;td&gt;N&lt;/td&gt;
        &lt;/tr&gt;

        &lt;tr&gt;
            &lt;td&gt;&lt;b&gt;Instrumento&lt;/b&gt;&lt;/td&gt;
            &lt;td&gt;VIIRS&lt;/td&gt;
        &lt;/tr&gt;

        &lt;tr&gt;
            &lt;td&gt;&lt;b&gt;Población más cercana&lt;/b&gt;&lt;/td&gt;
            &lt;td&gt;Valdesamario&lt;/td&gt;
        &lt;/tr&gt;

        &lt;tr&gt;
            &lt;td&gt;&lt;b&gt;Distancia&lt;/b&gt;&lt;/td&gt;
            &lt;td&gt;4.1 km&lt;/td&gt;
        &lt;/tr&gt;

        &lt;tr&gt;
            &lt;td&gt;&lt;b&gt;Latitud&lt;/b&gt;&lt;/td&gt;
            &lt;td&gt;42.696397&lt;/td&gt;
        &lt;/tr&gt;

        &lt;tr&gt;
            &lt;td&gt;&lt;b&gt;Longitud&lt;/b&gt;&lt;/td&gt;
            &lt;td&gt;-5.914953&lt;/td&gt;
        &lt;/tr&gt;

    &lt;/table&gt;

    ]]&gt;
    </description>
      <Point>
        <coordinates>-5.914953333333333,42.696396666666665,0</coordinates>
      </Point>
    </Placemark>
    <Placemark>
      <styleUrl>#area_amarilla</styleUrl>
      <Polygon>
        <outerBoundaryIs>
          <LinearRing>
            <coordinates>-5.921166666666667,42.70352072436253,0 -5.920406407808127,42.70347184244958,0 -5.919669252531346,42.70332668218979,0 -5.918977602005076,42.70308965485736,0 -5.918352473965485,42.70276796340857,0 -5.9178128638272565,42.70237138350282,0 -5.917375167370945,42.7019119663261,0 -5.917052682565595,42.70140367226422,0 -5.916855205663472,42.70086194657554,0 -5.916788733821633,42.70030324997389,0 -5.916855283252746,42.69974455839944,0 -5.917052828385733,42.69920284718597,0 -5.917375363833886,42.69869457530141,0 -5.91781308723667,42.698235185329196,0 -5.918352697374899,42.69783863437387,0 -5.918977798468019,42.697516970129584,0 -5.919669398351485,42.69727996497448,0 -5.920406485397403,42.69713481918989,0 -5.921166666666667,42.69708594230414,0 -5.921926847935932,42.69713481918989,0 -5.92266393498185,42.69727996497448,0 -5.923355534865316,42.697516970129584,0 -5.923980635958436,42.69783863437387,0 -5.924520246096665,42.698235185329196,0 -5.924957969499449,42.69869457530141,0 -5.925280504947602,42.69920284718597,0 -5.925478050080589,42.69974455839944,0 -5.925544599511702,42.70030324997389,0 -5.925478127669863,42.70086194657554,0 -5.92528065076774,42.70140367226422,0 -5.92495816596239,42.7019119663261,0 -5.924520469506078,42.70237138350282,0 -5.92398085936785,42.70276796340857,0 -5.923355731328259,42.70308965485736,0 -5.922664080801989,42.70332668218979,0 -5.9219269255252085,42.70347184244958,0 -5.921166666666667,42.70352072436253,0</coordinates>
          </LinearRing>
        </outerBoundaryIs>
      </Polygon>
    </Placemark>
    <Placemark>
      <styleUrl>#red</styleUrl>
      <name />
      <description>
    &lt;![CDATA[
    &lt;h2&gt;🔥 Incendio activo&lt;/h2&gt;

    &lt;table border="0" cellpadding="4"&gt;

        &lt;tr&gt;
            &lt;td&gt;&lt;b&gt;Focos agrupados&lt;/b&gt;&lt;/td&gt;
            &lt;td&gt;3&lt;/td&gt;
        &lt;/tr&gt;

        &lt;tr&gt;
            &lt;td&gt;&lt;b&gt;FRP máximo&lt;/b&gt;&lt;/td&gt;
            &lt;td&gt;255.5 MW&lt;/td&gt;
        &lt;/tr&gt;

        &lt;tr&gt;
            &lt;td&gt;&lt;b&gt;Confianza&lt;/b&gt;&lt;/td&gt;
            &lt;td&gt;Muy alta&lt;/td&gt;
        &lt;/tr&gt;

        &lt;tr&gt;
            &lt;td&gt;&lt;b&gt;Fecha&lt;/b&gt;&lt;/td&gt;
            &lt;td&gt;2026-07-28&lt;/td&gt;
        &lt;/tr&gt;

        &lt;tr&gt;
            &lt;td&gt;&lt;b&gt;Hora&lt;/b&gt;&lt;/td&gt;
            &lt;td&gt;1359 UTC&lt;/td&gt;
        &lt;/tr&gt;

        &lt;tr&gt;
            &lt;td&gt;&lt;b&gt;Satélite&lt;/b&gt;&lt;/td&gt;
            &lt;td&gt;N&lt;/td&gt;
        &lt;/tr&gt;

        &lt;tr&gt;
            &lt;td&gt;&lt;b&gt;Instrumento&lt;/b&gt;&lt;/td&gt;
            &lt;td&gt;VIIRS&lt;/td&gt;
        &lt;/tr&gt;

        &lt;tr&gt;
            &lt;td&gt;&lt;b&gt;Población más cercana&lt;/b&gt;&lt;/td&gt;
            &lt;td&gt;Valdesamario&lt;/td&gt;
        &lt;/tr&gt;

        &lt;tr&gt;
            &lt;td&gt;&lt;b&gt;Distancia&lt;/b&gt;&lt;/td&gt;
            &lt;td&gt;3.4 km&lt;/td&gt;
        &lt;/tr&gt;

        &lt;tr&gt;
            &lt;td&gt;&lt;b&gt;Latitud&lt;/b&gt;&lt;/td&gt;
            &lt;td&gt;42.700303&lt;/td&gt;
        &lt;/tr&gt;

        &lt;tr&gt;
            &lt;td&gt;&lt;b&gt;Longitud&lt;/b&gt;&lt;/td&gt;
            &lt;td&gt;-5.921167&lt;/td&gt;
        &lt;/tr&gt;

    &lt;/table&gt;

    ]]&gt;
    </description>
      <Point>
        <coordinates>-5.921166666666667,42.70030333333333,0</coordinates>
      </Point>
    </Placemark>
    <Placemark>
      <styleUrl>#area_amarilla</styleUrl>
      <Polygon>
        <outerBoundaryIs>
          <LinearRing>
            <coordinates>-5.913505000000001,42.70299350091984,0 -5.913009135248567,42.70296161890617,0 -5.912528338586033,42.702866941680526,0 -5.912077220085384,42.70271234624035,0 -5.911669487726024,42.70250253031557,0 -5.911317530766511,42.702243869579064,0 -5.911032043240841,42.701944223862114,0 -5.910821699025662,42.70161269827033,0 -5.910692888351351,42.70125936646671,0 -5.91064952375538,42.70089496453709,0 -5.910692921359827,42.70053056474616,0 -5.910821761061304,42.700177239100604,0 -5.911032126821235,42.69984572294354,0 -5.911317625810629,42.69954608879997,0 -5.911669582770141,42.6992874403796,0 -5.912077303665778,42.69907763602821,0 -5.9125284006216745,42.69892305002275,0 -5.913009168257041,42.69882837895517,0 -5.913505000000001,42.69879649908019,0 -5.91400083174296,42.69882837895517,0 -5.914481599378328,42.69892305002275,0 -5.914932696334224,42.69907763602821,0 -5.915340417229861,42.6992874403796,0 -5.915692374189373,42.69954608879997,0 -5.915977873178766,42.69984572294354,0 -5.916188238938698,42.700177239100604,0 -5.9163170786401755,42.70053056474616,0 -5.9163604762446225,42.70089496453709,0 -5.916317111648651,42.70125936646671,0 -5.91618830097434,42.70161269827033,0 -5.915977956759161,42.701944223862114,0 -5.91569246923349,42.702243869579064,0 -5.915340512273978,42.70250253031557,0 -5.914932779914618,42.70271234624035,0 -5.914481661413969,42.702866941680526,0 -5.9140008647514355,42.70296161890617,0 -5.913505000000001,42.70299350091984,0</coordinates>
          </LinearRing>
        </outerBoundaryIs>
      </Polygon>
    </Placemark>
    <Placemark>
      <styleUrl>#orange</styleUrl>
      <name />
      <description>
    &lt;![CDATA[
    &lt;h2&gt;🔥 Incendio activo&lt;/h2&gt;

    &lt;table border="0" cellpadding="4"&gt;

        &lt;tr&gt;
            &lt;td&gt;&lt;b&gt;Focos agrupados&lt;/b&gt;&lt;/td&gt;
            &lt;td&gt;2&lt;/td&gt;
        &lt;/tr&gt;

        &lt;tr&gt;
            &lt;td&gt;&lt;b&gt;FRP máximo&lt;/b&gt;&lt;/td&gt;
            &lt;td&gt;150.3 MW&lt;/td&gt;
        &lt;/tr&gt;

        &lt;tr&gt;
            &lt;td&gt;&lt;b&gt;Confianza&lt;/b&gt;&lt;/td&gt;
            &lt;td&gt;Alta&lt;/td&gt;
        &lt;/tr&gt;

        &lt;tr&gt;
            &lt;td&gt;&lt;b&gt;Fecha&lt;/b&gt;&lt;/td&gt;
            &lt;td&gt;2026-07-28&lt;/td&gt;
        &lt;/tr&gt;

        &lt;tr&gt;
            &lt;td&gt;&lt;b&gt;Hora&lt;/b&gt;&lt;/td&gt;
            &lt;td&gt;1359 UTC&lt;/td&gt;
        &lt;/tr&gt;

        &lt;tr&gt;
            &lt;td&gt;&lt;b&gt;Satélite&lt;/b&gt;&lt;/td&gt;
            &lt;td&gt;N&lt;/td&gt;
        &lt;/tr&gt;

        &lt;tr&gt;
            &lt;td&gt;&lt;b&gt;Instrumento&lt;/b&gt;&lt;/td&gt;
            &lt;td&gt;VIIRS&lt;/td&gt;
        &lt;/tr&gt;

        &lt;tr&gt;
            &lt;td&gt;&lt;b&gt;Población más cercana&lt;/b&gt;&lt;/td&gt;
            &lt;td&gt;Valdesamario&lt;/td&gt;
        &lt;/tr&gt;

        &lt;tr&gt;
            &lt;td&gt;&lt;b&gt;Distancia&lt;/b&gt;&lt;/td&gt;
            &lt;td&gt;3.9 km&lt;/td&gt;
        &lt;/tr&gt;

        &lt;tr&gt;
            &lt;td&gt;&lt;b&gt;Latitud&lt;/b&gt;&lt;/td&gt;
            &lt;td&gt;42.700895&lt;/td&gt;
        &lt;/tr&gt;

        &lt;tr&gt;
            &lt;td&gt;&lt;b&gt;Longitud&lt;/b&gt;&lt;/td&gt;
            &lt;td&gt;-5.913505&lt;/td&gt;
        &lt;/tr&gt;

    &lt;/table&gt;

    ]]&gt;
    </description>
      <Point>
        <coordinates>-5.913505000000001,42.700895,0</coordinates>
      </Point>
    </Placemark>
    <Placemark>
      <styleUrl>#area_amarilla</styleUrl>
      <Polygon>
        <outerBoundaryIs>
          <LinearRing>
            <coordinates>-5.90903,42.702438982408886,0 -5.908711245326659,42.70241848789305,0 -5.9084021764682,42.702357627100895,0 -5.908112184866679,42.702258249371624,0 -5.907850082171845,42.70212337442315,0 -5.907623832455156,42.701957100578326,0 -5.9074403101997355,42.70176448021339,0 -5.90730509142268,42.70155136621643,0 -5.907222284276401,42.70132423412431,0 -5.907194404272942,42.70108998534548,0 -5.9072222979167055,42.70085573745044,0 -5.9073051170580655,42.70062860790305,0 -5.907440344738197,42.70041549780483,0 -5.907623871730846,42.70022288222244,0 -5.9078501214475345,42.70005661346707,0 -5.908112219405141,42.69992174330112,0 -5.908402202103584,42.6998223694706,0 -5.908711258966963,42.69976151122319,0 -5.90903,42.69974101759112,0 -5.909348741033036,42.69976151122319,0 -5.909657797896414,42.6998223694706,0 -5.909947780594857,42.69992174330112,0 -5.910209878552465,42.70005661346707,0 -5.910436128269152,42.70022288222244,0 -5.910619655261802,42.70041549780483,0 -5.910754882941933,42.70062860790305,0 -5.910837702083294,42.70085573745044,0 -5.910865595727056,42.70108998534548,0 -5.910837715723598,42.70132423412431,0 -5.910754908577318,42.70155136621643,0 -5.910619689800263,42.70176448021339,0 -5.910436167544842,42.701957100578326,0 -5.910209917828154,42.70212337442315,0 -5.909947815133319,42.702258249371624,0 -5.909657823531799,42.702357627100895,0 -5.909348754673339,42.70241848789305,0 -5.90903,42.702438982408886,0</coordinates>
          </LinearRing>
        </outerBoundaryIs>
      </Polygon>
    </Placemark>
    <Placemark>
      <styleUrl>#orange</styleUrl>
      <name />
      <description>
    &lt;![CDATA[
    &lt;h2&gt;🔥 Incendio activo&lt;/h2&gt;

    &lt;table border="0" cellpadding="4"&gt;

        &lt;tr&gt;
            &lt;td&gt;&lt;b&gt;Focos agrupados&lt;/b&gt;&lt;/td&gt;
            &lt;td&gt;1&lt;/td&gt;
        &lt;/tr&gt;

        &lt;tr&gt;
            &lt;td&gt;&lt;b&gt;FRP máximo&lt;/b&gt;&lt;/td&gt;
            &lt;td&gt;150.3 MW&lt;/td&gt;
        &lt;/tr&gt;

        &lt;tr&gt;
            &lt;td&gt;&lt;b&gt;Confianza&lt;/b&gt;&lt;/td&gt;
            &lt;td&gt;Alta&lt;/td&gt;
        &lt;/tr&gt;

        &lt;tr&gt;
            &lt;td&gt;&lt;b&gt;Fecha&lt;/b&gt;&lt;/td&gt;
            &lt;td&gt;2026-07-28&lt;/td&gt;
        &lt;/tr&gt;

        &lt;tr&gt;
            &lt;td&gt;&lt;b&gt;Hora&lt;/b&gt;&lt;/td&gt;
            &lt;td&gt;1359 UTC&lt;/td&gt;
        &lt;/tr&gt;

        &lt;tr&gt;
            &lt;td&gt;&lt;b&gt;Satélite&lt;/b&gt;&lt;/td&gt;
            &lt;td&gt;N&lt;/td&gt;
        &lt;/tr&gt;

        &lt;tr&gt;
            &lt;td&gt;&lt;b&gt;Instrumento&lt;/b&gt;&lt;/td&gt;
            &lt;td&gt;VIIRS&lt;/td&gt;
        &lt;/tr&gt;

        &lt;tr&gt;
            &lt;td&gt;&lt;b&gt;Población más cercana&lt;/b&gt;&lt;/td&gt;
            &lt;td&gt;Las Omañas&lt;/td&gt;
        &lt;/tr&gt;

        &lt;tr&gt;
            &lt;td&gt;&lt;b&gt;Distancia&lt;/b&gt;&lt;/td&gt;
            &lt;td&gt;4.0 km&lt;/td&gt;
        &lt;/tr&gt;

        &lt;tr&gt;
            &lt;td&gt;&lt;b&gt;Latitud&lt;/b&gt;&lt;/td&gt;
            &lt;td&gt;42.701090&lt;/td&gt;
        &lt;/tr&gt;

        &lt;tr&gt;
            &lt;td&gt;&lt;b&gt;Longitud&lt;/b&gt;&lt;/td&gt;
            &lt;td&gt;-5.909030&lt;/td&gt;
        &lt;/tr&gt;

    &lt;/table&gt;

    ]]&gt;
    </description>
      <Point>
        <coordinates>-5.90903,42.70109,0</coordinates>
      </Point>
    </Placemark>
    <Placemark>
      <styleUrl>#area_amarilla</styleUrl>
      <Polygon>
        <outerBoundaryIs>
          <LinearRing>
            <coordinates>-5.92785,42.70535898240889,0 -5.927531230333918,42.70533848789301,0 -5.927222146938355,42.70527762710072,0 -5.926932141697154,42.70517824937125,0 -5.926670026674556,42.705043374422544,0 -5.926443766316624,42.70487710057745,0 -5.926260235429812,42.70468448021227,0 -5.926125010293443,42.70447136621511,0 -5.926042199253094,42.70424423412286,0 -5.926014317939048,42.704009985343994,0 -5.926042212895434,42.703775737448986,0 -5.926125035932656,42.70354860790172,0 -5.9262602699734295,42.70333549780372,0 -5.926443805598178,42.70314288222156,0 -5.926670065956109,42.70297661346645,0 -5.926932176240773,42.70284174330075,0 -5.927222172577568,42.702742369470435,0 -5.927531243976259,42.70268151122314,0 -5.92785,42.70266101759113,0 -5.928168756023743,42.70268151122314,0 -5.928477827422433,42.702742369470435,0 -5.9287678237592285,42.70284174330075,0 -5.929029934043893,42.70297661346645,0 -5.929256194401823,42.70314288222156,0 -5.929439730026571,42.70333549780372,0 -5.929574964067346,42.70354860790172,0 -5.929657787104566,42.703775737448986,0 -5.929685682060954,42.704009985343994,0 -5.929657800746907,42.70424423412286,0 -5.929574989706557,42.70447136621511,0 -5.92943976457019,42.70468448021227,0 -5.929256233683376,42.70487710057745,0 -5.929029973325445,42.705043374422544,0 -5.928767858302846,42.70517824937125,0 -5.928477853061646,42.70527762710072,0 -5.928168769666082,42.70533848789301,0 -5.92785,42.70535898240889,0</coordinates>
          </LinearRing>
        </outerBoundaryIs>
      </Polygon>
    </Placemark>
    <Placemark>
      <styleUrl>#yellow</styleUrl>
      <name />
      <description>
    &lt;![CDATA[
    &lt;h2&gt;🔥 Incendio activo&lt;/h2&gt;

    &lt;table border="0" cellpadding="4"&gt;

        &lt;tr&gt;
            &lt;td&gt;&lt;b&gt;Focos agrupados&lt;/b&gt;&lt;/td&gt;
            &lt;td&gt;1&lt;/td&gt;
        &lt;/tr&gt;

        &lt;tr&gt;
            &lt;td&gt;&lt;b&gt;FRP máximo&lt;/b&gt;&lt;/td&gt;
            &lt;td&gt;70.1 MW&lt;/td&gt;
        &lt;/tr&gt;

        &lt;tr&gt;
            &lt;td&gt;&lt;b&gt;Confianza&lt;/b&gt;&lt;/td&gt;
            &lt;td&gt;Media&lt;/td&gt;
        &lt;/tr&gt;

        &lt;tr&gt;
            &lt;td&gt;&lt;b&gt;Fecha&lt;/b&gt;&lt;/td&gt;
            &lt;td&gt;2026-07-28&lt;/td&gt;
        &lt;/tr&gt;

        &lt;tr&gt;
            &lt;td&gt;&lt;b&gt;Hora&lt;/b&gt;&lt;/td&gt;
            &lt;td&gt;1359 UTC&lt;/td&gt;
        &lt;/tr&gt;

        &lt;tr&gt;
            &lt;td&gt;&lt;b&gt;Satélite&lt;/b&gt;&lt;/td&gt;
            &lt;td&gt;N&lt;/td&gt;
        &lt;/tr&gt;

        &lt;tr&gt;
            &lt;td&gt;&lt;b&gt;Instrumento&lt;/b&gt;&lt;/td&gt;
            &lt;td&gt;VIIRS&lt;/td&gt;
        &lt;/tr&gt;

        &lt;tr&gt;
            &lt;td&gt;&lt;b&gt;Población más cercana&lt;/b&gt;&lt;/td&gt;
            &lt;td&gt;Valdesamario&lt;/td&gt;
        &lt;/tr&gt;

        &lt;tr&gt;
            &lt;td&gt;&lt;b&gt;Distancia&lt;/b&gt;&lt;/td&gt;
            &lt;td&gt;2.7 km&lt;/td&gt;
        &lt;/tr&gt;

        &lt;tr&gt;
            &lt;td&gt;&lt;b&gt;Latitud&lt;/b&gt;&lt;/td&gt;
            &lt;td&gt;42.704010&lt;/td&gt;
        &lt;/tr&gt;

        &lt;tr&gt;
            &lt;td&gt;&lt;b&gt;Longitud&lt;/b&gt;&lt;/td&gt;
            &lt;td&gt;-5.927850&lt;/td&gt;
        &lt;/tr&gt;

    &lt;/table&gt;

    ]]&gt;
    </description>
      <Point>
        <coordinates>-5.92785,42.70401,0</coordinates>
      </Point>
    </Placemark>
    <Placemark>
      <styleUrl>#area_amarilla</styleUrl>
      <Polygon>
        <outerBoundaryIs>
          <LinearRing>
            <coordinates>-5.92146,42.70586898240888,0 -5.9211412277150925,42.70584848789298,0 -5.920832141780292,42.70578762710068,0 -5.92054213415661,42.70568824937118,0 -5.920280016980685,42.70555337442242,0 -5.920053754764019,42.70538710057728,0 -5.919870222369536,42.70519448021206,0 -5.919734996122367,42.704981366214874,0 -5.91965218440183,42.70475423412259,0 -5.9196243028588595,42.704519985343715,0 -5.919652198044526,42.70428573744873,0 -5.919735021762249,42.70405860790148,0 -5.919870256914053,42.70384549780351,0 -5.920053794046596,42.7036528822214,0 -5.9202800562632625,42.70348661346633,0 -5.920542168701129,42.70335174330067,0 -5.920832167420174,42.70325236947039,0 -5.921141241357789,42.70319151122313,0 -5.92146,42.70317101759112,0 -5.921778758642211,42.70319151122313,0 -5.922087832579826,42.70325236947039,0 -5.9223778312988715,42.70335174330067,0 -5.922639943736737,42.70348661346633,0 -5.9228662059534045,42.7036528822214,0 -5.923049743085947,42.70384549780351,0 -5.923184978237751,42.70405860790148,0 -5.9232678019554745,42.70428573744873,0 -5.92329569714114,42.704519985343715,0 -5.92326781559817,42.70475423412259,0 -5.923185003877633,42.704981366214874,0 -5.923049777630465,42.70519448021206,0 -5.922866245235982,42.70538710057728,0 -5.922639983019315,42.70555337442242,0 -5.92237786584339,42.70568824937118,0 -5.922087858219708,42.70578762710068,0 -5.921778772284907,42.70584848789298,0 -5.92146,42.70586898240888,0</coordinates>
          </LinearRing>
        </outerBoundaryIs>
      </Polygon>
    </Placemark>
    <Placemark>
      <styleUrl>#yellow</styleUrl>
      <name />
      <description>
    &lt;![CDATA[
    &lt;h2&gt;🔥 Incendio activo&lt;/h2&gt;

    &lt;table border="0" cellpadding="4"&gt;

        &lt;tr&gt;
            &lt;td&gt;&lt;b&gt;Focos agrupados&lt;/b&gt;&lt;/td&gt;
            &lt;td&gt;1&lt;/td&gt;
        &lt;/tr&gt;

        &lt;tr&gt;
            &lt;td&gt;&lt;b&gt;FRP máximo&lt;/b&gt;&lt;/td&gt;
            &lt;td&gt;70.1 MW&lt;/td&gt;
        &lt;/tr&gt;

        &lt;tr&gt;
            &lt;td&gt;&lt;b&gt;Confianza&lt;/b&gt;&lt;/td&gt;
            &lt;td&gt;Media&lt;/td&gt;
        &lt;/tr&gt;

        &lt;tr&gt;
            &lt;td&gt;&lt;b&gt;Fecha&lt;/b&gt;&lt;/td&gt;
            &lt;td&gt;2026-07-28&lt;/td&gt;
        &lt;/tr&gt;

        &lt;tr&gt;
            &lt;td&gt;&lt;b&gt;Hora&lt;/b&gt;&lt;/td&gt;
            &lt;td&gt;1359 UTC&lt;/td&gt;
        &lt;/tr&gt;

        &lt;tr&gt;
            &lt;td&gt;&lt;b&gt;Satélite&lt;/b&gt;&lt;/td&gt;
            &lt;td&gt;N&lt;/td&gt;
        &lt;/tr&gt;

        &lt;tr&gt;
            &lt;td&gt;&lt;b&gt;Instrumento&lt;/b&gt;&lt;/td&gt;
            &lt;td&gt;VIIRS&lt;/td&gt;
        &lt;/tr&gt;

        &lt;tr&gt;
            &lt;td&gt;&lt;b&gt;Población más cercana&lt;/b&gt;&lt;/td&gt;
            &lt;td&gt;Valdesamario&lt;/td&gt;
        &lt;/tr&gt;

        &lt;tr&gt;
            &lt;td&gt;&lt;b&gt;Distancia&lt;/b&gt;&lt;/td&gt;
            &lt;td&gt;3.1 km&lt;/td&gt;
        &lt;/tr&gt;

        &lt;tr&gt;
            &lt;td&gt;&lt;b&gt;Latitud&lt;/b&gt;&lt;/td&gt;
            &lt;td&gt;42.704520&lt;/td&gt;
        &lt;/tr&gt;

        &lt;tr&gt;
            &lt;td&gt;&lt;b&gt;Longitud&lt;/b&gt;&lt;/td&gt;
            &lt;td&gt;-5.921460&lt;/td&gt;
        &lt;/tr&gt;

    &lt;/table&gt;

    ]]&gt;
    </description>
      <Point>
        <coordinates>-5.92146,42.70452,0</coordinates>
      </Point>
    </Placemark>
    <Placemark>
      <styleUrl>#area_amarilla</styleUrl>
      <Polygon>
        <outerBoundaryIs>
          <LinearRing>
            <coordinates>0.093075,42.87267061138145,0 0.09357746477581355,42.87263839343103,0 0.09406466087951294,42.872542718605025,0 0.09452178375492801,42.872386494220045,0 0.09493494295351959,42.87217446751228,0 0.09529158430940611,42.87191308134237,0 0.09558087145558596,42.871610278367655,0 0.09579401508143102,42.871275259639695,0 0.09592453992713867,42.87091820497024,0 0.09596848141041317,42.87054996357011,0 0.09592450592555345,42.87018172436698,0 0.09579395117935356,42.869824676023505,0 0.09558078536054984,42.86948966698751,0 0.09529148640574331,42.86918687590177,0 0.0949348450498567,42.868925502383824,0 0.09452169765989173,42.86871348756502,0 0.09406459697743529,42.868557272872,0 0.09357743077422821,42.86846160437199,0 0.093075,42.868429388618566,0 0.09257256922577178,42.86846160437199,0 0.09208540302256471,42.868557272872,0 0.09162830234010827,42.86871348756502,0 0.09121515495014329,42.868925502383824,0 0.09085851359425669,42.86918687590177,0 0.09056921463945017,42.86948966698751,0 0.09035604882064643,42.869824676023505,0 0.09022549407444655,42.87018172436698,0 0.09018151858958684,42.87054996357011,0 0.09022546007286134,42.87091820497024,0 0.09035598491856897,42.871275259639695,0 0.09056912854441405,42.871610278367655,0 0.09085841569059389,42.87191308134237,0 0.09121505704648042,42.87217446751228,0 0.09162821624507199,42.872386494220045,0 0.09208533912048707,42.872542718605025,0 0.09257253522418646,42.87263839343103,0 0.093075,42.87267061138145,0</coordinates>
          </LinearRing>
        </outerBoundaryIs>
      </Polygon>
    </Placemark>
    <Placemark>
      <styleUrl>#pink</styleUrl>
      <name />
      <description>
    &lt;![CDATA[
    &lt;h2&gt;🔥 Incendio activo&lt;/h2&gt;

    &lt;table border="0" cellpadding="4"&gt;

        &lt;tr&gt;
            &lt;td&gt;&lt;b&gt;Focos agrupados&lt;/b&gt;&lt;/td&gt;
            &lt;td&gt;2&lt;/td&gt;
        &lt;/tr&gt;

        &lt;tr&gt;
            &lt;td&gt;&lt;b&gt;FRP máximo&lt;/b&gt;&lt;/td&gt;
            &lt;td&gt;22.0 MW&lt;/td&gt;
        &lt;/tr&gt;

        &lt;tr&gt;
            &lt;td&gt;&lt;b&gt;Confianza&lt;/b&gt;&lt;/td&gt;
            &lt;td&gt;Baja&lt;/td&gt;
        &lt;/tr&gt;

        &lt;tr&gt;
            &lt;td&gt;&lt;b&gt;Fecha&lt;/b&gt;&lt;/td&gt;
            &lt;td&gt;2026-07-28&lt;/td&gt;
        &lt;/tr&gt;

        &lt;tr&gt;
            &lt;td&gt;&lt;b&gt;Hora&lt;/b&gt;&lt;/td&gt;
            &lt;td&gt;1359 UTC&lt;/td&gt;
        &lt;/tr&gt;

        &lt;tr&gt;
            &lt;td&gt;&lt;b&gt;Satélite&lt;/b&gt;&lt;/td&gt;
            &lt;td&gt;N&lt;/td&gt;
        &lt;/tr&gt;

        &lt;tr&gt;
            &lt;td&gt;&lt;b&gt;Instrumento&lt;/b&gt;&lt;/td&gt;
            &lt;td&gt;VIIRS&lt;/td&gt;
        &lt;/tr&gt;

        &lt;tr&gt;
            &lt;td&gt;&lt;b&gt;Población más cercana&lt;/b&gt;&lt;/td&gt;
            &lt;td&gt;Bielsa&lt;/td&gt;
        &lt;/tr&gt;

        &lt;tr&gt;
            &lt;td&gt;&lt;b&gt;Distancia&lt;/b&gt;&lt;/td&gt;
            &lt;td&gt;28.3 km&lt;/td&gt;
        &lt;/tr&gt;

        &lt;tr&gt;
            &lt;td&gt;&lt;b&gt;Latitud&lt;/b&gt;&lt;/td&gt;
            &lt;td&gt;42.870550&lt;/td&gt;
        &lt;/tr&gt;

        &lt;tr&gt;
            &lt;td&gt;&lt;b&gt;Longitud&lt;/b&gt;&lt;/td&gt;
            &lt;td&gt;0.093075&lt;/td&gt;
        &lt;/tr&gt;

    &lt;/table&gt;

    ]]&gt;
    </description>
      <Point>
        <coordinates>0.093075,42.87055,0</coordinates>
      </Point>
    </Placemark>
    <Folder>
      <name>Gasoductos</name>
      <Placemark>
        <name>Tramo (Pr)</name>
        <Style>
          <LineStyle>
            <color>ff0000ff</color>
            <width>4</width>
          </LineStyle>
        </Style>
        <LineString>
          <tessellate>1</tessellate>
          <altitudeMode>clampToGround</altitudeMode>
          <coordinates>-3.490900102,43.40626438
-3.49110561,43.40649168
-3.491290657,43.40669635
-3.492352926,43.40707816
-3.495426522,43.40593151
-3.495426621,43.40593148
-3.496618800999999,43.40463434
-3.500116649,43.4025604
-3.498033414,43.3987382
-3.497329154,43.39674706
-3.502229204,43.39200891
-3.500096854,43.38882097
-3.50063393,43.38772638
-3.500266114,43.38682538
-3.500977062000001,43.38482454
-3.499861715,43.38239228
-3.501515421,43.37926984
-3.503872967,43.3776682
-3.504578814,43.37583807
-3.506494908,43.37416863
-3.509484697,43.3734465
-3.510108975,43.37270345
-3.511402342,43.37203017
-3.513881382,43.3716648
-3.515887815,43.371072
-3.517032302,43.37108969
-3.519619896,43.36910786
-3.522344025,43.36690482
-3.520205154,43.36470444
-3.520067915,43.3611554
-3.518868536,43.36025131
-3.518980385,43.35870869
-3.518871297000001,43.35710378
-3.52012148,43.35665444
-3.521528180999999,43.35501803
-3.522519517,43.35416438
-3.521981913,43.35346439
-3.521479281,43.35216455
-3.521372098,43.35153643
-3.521308046,43.3504985
-3.521305794,43.35044454</coordinates>
        </LineString>
      </Placemark>
      <Placemark>
        <name>Tramo (Pr)</name>
        <Style>
          <LineStyle>
            <color>ff0000ff</color>
            <width>4</width>
          </LineStyle>
        </Style>
        <LineString>
          <tessellate>1</tessellate>
          <altitudeMode>clampToGround</altitudeMode>
          <coordinates>-3.085669119,43.34805088
-3.085560683000001,43.34792509
-3.085262021,43.34757863
-3.085310546,43.34620495
-3.08602232,43.34498015
-3.088436045,43.3440918
-3.091981366,43.34308417
-3.093646248999999,43.34240251
-3.094471019,43.34233295
-3.096296572,43.34201697
-3.096464201,43.34168537
-3.099053809,43.34131945
-3.099053969,43.34131942
-3.099746726,43.34090734
-3.101071611,43.34120557
-3.104250706,43.34059345
-3.107531261,43.33893472
-3.108192459,43.33890708
-3.109112185,43.34008526
-3.109830756,43.34114323
-3.110114999,43.34134394
-3.110756576,43.34177265
-3.111375937000001,43.34198978
-3.113635331,43.33939252
-3.121446806,43.33419359
-3.125167837,43.33327623
-3.126135666,43.33273398
-3.128464292,43.33270617
-3.129602679,43.33250939
-3.130226494,43.33263114
-3.131043638,43.33282343
-3.132708392,43.33246718
-3.135307746000001,43.33292785
-3.136653859,43.3327376
-3.138586764999999,43.33195699
-3.141231349,43.33117188
-3.143554199,43.33206727
-3.144191034,43.33210383
-3.146162039,43.33146659
-3.146884544999999,43.33153166
-3.148621891,43.33231019
-3.15087113,43.33295943
-3.152710954,43.33069918
-3.152966912,43.32942964
-3.153240767,43.32758244
-3.154096768,43.32728854
-3.155212477,43.32678484
-3.155833804,43.32642039
-3.156913077000001,43.32609952
-3.157524055,43.32579378
-3.158097966,43.32570213
-3.160208052,43.32503657
-3.160208163,43.32503653
-3.162296381,43.32488635
-3.164189832,43.32468842
-3.165435818,43.32447086
-3.16611008,43.32432671
-3.167878512,43.32388356
-3.167878623,43.32388352
-3.172644303999999,43.32222055
-3.172827264,43.3220237
-3.17648143,43.32136671
-3.177732017,43.32145328
-3.178908368,43.32170924
-3.180118838,43.32216763
-3.180119122,43.32216774
-3.180790049,43.32233191
-3.182151591,43.32239475
-3.184777966,43.32121534
-3.188937068,43.32082123
-3.191015397,43.32045768
-3.191683735,43.31999327
-3.193890753,43.32043481
-3.1956563,43.32038479
-3.203276558000001,43.32071075
-3.206639579,43.3218156
-3.207677523,43.32235092
-3.215842679,43.32210587
-3.21683452,43.32117192
-3.217210096,43.31907612
-3.217082619,43.3186391
-3.217243625,43.31793283
-3.217587625,43.31729186
-3.217696655,43.31591782
-3.218057083,43.31446325
-3.220628246,43.31177719
-3.223524985,43.30946728
-3.224907113,43.30946096
-3.226505238,43.31000752
-3.228024891,43.31125712
-3.229214499999999,43.31263856
-3.23039328,43.31450005
-3.231304854,43.31563755
-3.232922361,43.31645413
-3.23408127,43.31653316
-3.236637988,43.31789946
-3.240900899,43.32115712
-3.241903379,43.32222258
-3.242456112999999,43.32255152
-3.244097471,43.3230511
-3.245689596,43.32326379
-3.249898657,43.32587453
-3.255978079,43.32698049
-3.259755304000001,43.32911153
-3.262109554999999,43.3290088
-3.266160906,43.33022584
-3.267689758,43.33037994
-3.269143132,43.33125914
-3.270348707000001,43.33177252
-3.272023289,43.331844
-3.27513168,43.33359514
-3.276808694000001,43.33494708
-3.277516661,43.33527366
-3.278874083,43.33628976
-3.283324267,43.33799236
-3.291403045,43.33971142
-3.292631745,43.34034183
-3.294884302,43.34147556
-3.299807946,43.34367478
-3.304850967,43.34025663
-3.309373556,43.3394535
-3.311205377,43.33878921
-3.314922443,43.33812825
-3.315913817,43.33865273
-3.316192404,43.33863152
-3.324963987,43.3379635
-3.328096716,43.33755213
-3.33224775,43.33749897
-3.333944783,43.33716895
-3.340753328,43.33239146
-3.345180076,43.32594935
-3.345334275,43.32460631
-3.348712154999999,43.32082313
-3.349831237,43.31912549
-3.35332611,43.31792144
-3.357482621,43.3180243
-3.358779246,43.31873412
-3.363080391,43.31933841
-3.37053623,43.3190906
-3.373142965,43.31969055
-3.375221743,43.32016467
-3.385135349,43.32025268
-3.386886322,43.32080721
-3.388072886,43.32082722
-3.390576746,43.32017549
-3.399265205,43.31997849
-3.401122999,43.32031154
-3.405877804999999,43.32023387
-3.406576252,43.3203868
-3.409808184,43.31979536
-3.410952389,43.32063092
-3.412264865,43.32086769
-3.41699888,43.31875892
-3.420976904,43.31912241
-3.431104159,43.32004714
-3.438789244,43.32006271
-3.439307804999999,43.32034832
-3.439885666,43.32146663
-3.4421138,43.32130071
-3.448594065,43.32101035
-3.449948999,43.3212974
-3.453326621,43.32100967
-3.454896299,43.32063694
-3.461635087,43.32118043
-3.467389066,43.31896082
-3.470935337,43.31963339
-3.472022013,43.32273997
-3.474993076000001,43.32325496
-3.479775886,43.32663545
-3.482526022,43.32778473
-3.484039004,43.33025629
-3.484967545,43.33399851
-3.488715947,43.33626707
-3.491087766,43.33688776
-3.495471705,43.33879705
-3.497288672,43.34026446
-3.503001608,43.34203377
-3.50649886,43.34438993
-3.508994855,43.34559201
-3.512830925,43.34644757
-3.517618827999999,43.34803625
-3.520834638,43.35045996
-3.521305794,43.35044454
-3.521435379,43.35044029</coordinates>
        </LineString>
      </Placemark>
      <Placemark>
        <name>Tramo (Pr)</name>
        <Style>
          <LineStyle>
            <color>ff0000ff</color>
            <width>4</width>
          </LineStyle>
        </Style>
        <LineString>
          <tessellate>1</tessellate>
          <altitudeMode>clampToGround</altitudeMode>
          <coordinates>-3.523285292,43.35024535
-3.52296708,43.35038998
-3.521435379,43.35044029</coordinates>
        </LineString>
      </Placemark>
    </Folder>
  </Document>
</kml>